Timestamp,Date,"Principal Buyer Full Name (First M.I., Family)",Age,Income of Principal Buyer,Marital Status,No. of Family Members,Preferred Location,SOURCE OF LEAD,Source of Income,Employer,Preferred Pay Term,"Spouse Full Name (First M.I., Family)",Age of Spouse,Income of Spouse
01/05/2024 19:22,01/05/2024,Client 1,29,"PHP 125,500",Married,7,BATULAO,Facebook Ads,Locally Employed,bdo unibank,20-80 Pagibig Financing,Spouse of Client 1,30,"PHP 83,000"
01/06/2024 11:56,01/06/2024,Client 2,27,"PHP 61,000",Married,2,MAGALANG EAST,Facebook Ads,Self Employed/ Business Owner,independent contractor,20-80 Pagibig Financing,Spouse of Client 2,25,"PHP 42,500"
01/11/2024 20:54,01/11/2024,Client 3,42,"PHP 247,000",Single,N/a,GAPAN,Broker/Agent,OFW Land base,Aramco,20-80 Pagibig Financing,N/a,N/a,N/a
01/15/2024 14:35:29,01/15/2024,Client 4,47,"PHP 32,500",Single,N/A,LIPA,Facebook Ads,OFW Land base,pricewaterhousecoopers uae,20-80 Pagibig Financing,N/A,N/A,N/A
01/17/2024 17:33:44,01/17/2024,Client 5,27,"PHP 243,000",Married,2,TAYABAS,Facebook Ads,OFW Land base,Hyundai engineering,20-80 Pagibig Financing,Spouse of Client 5,28,"PHP 224,500"
01/18/2024 10:28:55,01/18/2024,Client 6,42,"PHP 144,500",Widow,n/a,LIPA,Referral,OFW Land base,Consolidated contractors,20-80 Pagibig Financing,n/a,n/a,n/a
01/21/2024 09:51:11,01/21/2024,Client 7,53,"PHP 84,000",Single,N/A,BATULAO,Referral,OFW Land base,Walmart us,20-80 Pagibig Financing,N/A,N/A,N/A
01/29/2024 16:28:18,01/29/2024,Client 8,27,"PHP 32,500",Widow,n/a,BATULAO,Facebook Ads,OFW Land base,Emaar properties,20-80 Pagibig Financing,n/a,n/a,n/a
01/31/2024 09:38:03,01/31/2024,Client 9,36,"PHP 175,500",Married,7,NAIC,Facebook Ads,OFW Land base,samsung hq seoul,20-80 Pagibig Financing,Spouse of Client 9,37,"PHP 189,000"
01/31/2024 14:38:58,01/31/2024,Client 10,32,"PHP 48,500",Single,N/A,BATULAO,Broker/Agent,OFW Land base,Emaar properties,20-80 Pagibig Financing,N/A,N/A,N/A
02/02/2024 14:41,02/02/2024,Client 11,32,"PHP 177,500",Single,n/a,NAIC,Referral,OFW Land base,Emirates airlines,Deferred Cash,n/a,n/a,n/a
02/13/2024 19:35:45,02/13/2024,Client 12,51,"PHP 123,500",Married,4,SIGHTS CALAUAN,Facebook Ads,Self Employed/ Business Owner,family catering services,10-90 Bank Financing,Spouse of Client 12,52,"PHP 147,000"
02/15/2024 15:33:36,02/15/2024,Client 13,31,"PHP 113,500",Widow,n/a,GEN TRI,Facebook Ads,OFW Land base,emaar properties,20-80 Pagibig Financing,n/a,n/a,n/a
02/20/2024 18:31:07,02/20/2024,Client 14,33,"PHP 59,500",Single,n/a,NAIC,Facebook Ads,Locally Employed,san miguel corporation,20-80 Pagibig Financing,n/a,n/a,n/a
02/22/2024 17:11:17,02/22/2024,Client 15,53,"PHP 209,000",Single,n/a,IMPRESSIONS HERMOSA,Facebook Ads,OFW Land base,samsung c&t (saudi),20-80 Pagibig Financing,n/a,n/a,n/a
02/22/2024 09:37:35,02/22/2024,Client 16,27,"PHP 92,000",Single,N/a,LIPA,Referral,Locally Employed,Philippine general hospital,20-80 Pagibig Financing,N/a,N/a,N/a
02/23/2024 20:09:20,02/23/2024,Client 17,50,"PHP 195,500",Single,N/a,LIPA,Facebook Ads,Self Employed/ Business Owner,own business operations,Cash,N/a,N/a,N/a
02/26/2024 12:59:22,02/26/2024,Client 18,39,"PHP 86,000",Married,3,PANDI EXPANSION,Referral,Self Employed/ Business Owner,own accounting practice,20-80 Pagibig Financing,Spouse of Client 18,39,"PHP 48,500"
02/28/2024 11:01:41,02/28/2024,Client 19,49,"PHP 23,500",Single,n/a,LIPA,Referral,Locally Employed,philippine national police,10-90 Bank Financing,n/a,n/a,n/a
03/10/2024 11:45,03/10/2024,Client 20,25,"PHP 210,000",Married,3,MAGALANG EAST,Referral,OFW Land base,Al rajhi bank,20-80 Pagibig Financing,Spouse of Client 20,25,"PHP 172,500"
03/11/2024 14:15,03/11/2024,Client 21,51,"PHP 67,000",Single,N/A,LIPA,Facebook Ads,OFW Sea Base,philippine Airlines (int'l),20-80 Pagibig Financing,N/A,N/A,N/A
03/13/2024 13:20:28,03/13/2024,Client 22,30,"PHP 85,500",Married,3,LIPA,Other:,Locally Employed,globe telecom,10-90 Bank Financing,Spouse of Client 22,25,"PHP 72,000"
03/13/2024 17:56:33,03/13/2024,Client 23,32,"PHP 41,000",Married,7,LIPA,Facebook Ads,Locally Employed,Ayala Land Construction,20-80 Pagibig Financing,Spouse of Client 23,35,"PHP 23,000"
03/23/2024 10:39:07,03/23/2024,Client 24,42,"PHP 216,000",Married,2,BALIWAG,Other:,OFW Land base,Hyundai engineering korea,20-80 Pagibig Financing,Spouse of Client 24,40,"PHP 212,500"
03/24/2024 09:26:50,03/24/2024,Client 25,55,"PHP 156,500",Single,n/a,BALIWAG,Facebook Ads,OFW Land base,samsung c&t (saudi),20-80 Pagibig Financing,n/a,n/a,n/a
04/07/2024 20:55,04/07/2024,Client 26,46,"PHP 72,500",Married,7,GAPAN,Facebook Ads,OFW Land base,Japan tobacco int'l,10-90 Bank Financing,Spouse of Client 26,43,"PHP 49,000"
04/17/2024 13:18:08,04/17/2024,Client 27,35,"PHP 145,500",Married,7,BATULAO,Facebook Ads,OFW Sea Base,Maersk line,20-80 Pagibig Financing,Spouse of Client 27,32,"PHP 160,000"
04/18/2024 08:27:21,04/18/2024,Client 28,47,"PHP 46,000",Married,6,BATULAO,Facebook Ads,Locally Employed,universal robina corp,20-80 Pagibig Financing,Spouse of Client 28,51,"PHP 57,000"
04/20/2024 11:03:17,04/20/2024,Client 29,33,"PHP 111,000",Single,N/A,LIPA,Facebook Ads,OFW Land base,Adnoc,10-90 Bank Financing,N/A,N/A,N/A
04/23/2024 13:12:01,04/23/2024,Client 30,43,"PHP 47,000",Widow,n/a,LIPA,Referral,Self Employed/ Business Owner,Tricycle operator,20-80 Pagibig Financing,n/a,n/a,n/a
04/26/2024 12:11:33,04/26/2024,Client 31,28,"PHP 35,500",Married,2,MAGALANG EAST,Facebook Ads,OFW Sea Base,philippine airlines (int'l),10-90 Bank Financing,Spouse of Client 31,23,"PHP 21,000"
04/28/2024 15:37:23,04/28/2024,Client 32,45,"PHP 60,500",Single,N/A,LIPA,Broker/Agent,OFW Land base,Bechtel middle east,10-90 Bank Financing,N/A,N/A,N/A
05/08/2024 10:57,05/08/2024,Client 33,31,"PHP 130,000",Married,6,LIPA,Facebook Ads,OFW Land base,AL rajhi bank,10-90 Bank Financing,Spouse of Client 33,36,"PHP 150,000"
05/09/2024 15:51,05/09/2024,Client 34,28,"PHP 32,500",Married,5,LIPA,Referral,OFW Land base,emirates airlines,20-80 Pagibig Financing,Spouse of Client 34,29,"PHP 32,500"
05/10/2024 16:11,05/10/2024,Client 35,30,"PHP 27,000",Widow,n/a,LIPA,Facebook Ads,Locally Employed,Universal robina corp,10-90 Bank Financing,n/a,n/a,n/a
05/16/2024 14:25:52,05/16/2024,Client 36,25,"PHP 39,500",Married,2,LIPA,Facebook Ads,OFW Land base,petrofac,10-90 Bank Financing,Spouse of Client 36,29,"PHP 20,000"
05/21/2024 09:11:43,05/21/2024,Client 37,46,"PHP 192,000",Widow,4,CALAMBA,Referral,OFW Land base,Samsung hq seoul,20-80 Pagibig Financing,N/A,N/A,N/A
06/04/2024 9:31,06/04/2024,Client 38,43,"PHP 58,500",Married,2,BATULAO,Facebook Ads,Self Employed/ Business Owner,Tricycle operator,20-80 Pagibig Financing,Spouse of Client 38,46,"PHP 48,000"
06/14/2024 10:29:33,06/14/2024,Client 39,54,"PHP 18,500",Single,N/a,GEN TRI,Referral,Self Employed/ Business Owner,family catering services,20-80 Pagibig Financing,N/a,N/a,N/a
06/15/2024 20:16:33,06/15/2024,Client 40,27,"PHP 190,500",Married,2,BALIWAG,Facebook Ads,Locally Employed,Sm investments corp,20-80 Pagibig Financing,Spouse of Client 40,25,"PHP 163,000"
06/18/2024 12:45:55,06/18/2024,Client 41,44,"PHP 84,500",Married,3,GEN TRI,Referral,Self Employed/ Business Owner,freelance Services,20-80 Pagibig Financing,Spouse of Client 41,45,"PHP 98,000"
06/21/2024 16:34:50,06/21/2024,Client 42,35,"PHP 26,000",Single,N/A,GEN TRI,Referral,Locally Employed,Meralco,20-80 Pagibig Financing,N/A,N/A,N/A
06/25/2024 17:26:27,06/25/2024,Client 43,45,"PHP 122,500",Married,3,MAGALANG EAST,Broker/Agent,OFW Land base,Al rajhi Bank,20-80 Pagibig Financing,Spouse of Client 43,47,"PHP 151,500"
07/05/2024 13:27,07/05/2024,Client 44,44,"PHP 108,000",Married,6,LIPA,Referral,OFW Sea Base,msc cruises,Deferred Cash,Spouse of Client 44,48,"PHP 121,500"
07/08/2024 9:09,07/08/2024,Client 45,36,"PHP 169,000",Married,6,PANDI EXPANSION,Facebook Ads,OFW Land base,prosegur uae,20-80 Pagibig Financing,Spouse of Client 45,40,"PHP 212,000"
07/09/2024 20:33,07/09/2024,Client 46,25,"PHP 165,500",Single,N/A,NAIC,Referral,OFW Land base,Samsung c&t (saudi),10-90 Bank Financing,N/A,N/A,N/A
07/15/2024 20:07:14,07/15/2024,Client 47,33,"PHP 21,000",Married,2,STO. TOMAS,Facebook Ads,Self Employed/ Business Owner,Independent contractor,20-80 Pagibig Financing,Spouse of Client 47,29,"PHP 13,000"
07/16/2024 16:38:14,07/16/2024,Client 48,35,"PHP 172,000",Married,6,GEN TRI,Broker/Agent,OFW Land base,hyundai engineering,20-80 Pagibig Financing,Spouse of Client 48,32,"PHP 142,500"
07/16/2024 13:19:54,07/16/2024,Client 49,53,"PHP 63,000",Single,n/a,BALIWAG,Facebook Ads,Self Employed/ Business Owner,online seller,Cash,n/a,n/a,n/a
07/18/2024 15:41:46,07/18/2024,Client 50,49,"PHP 85,500",Married,3,LIPA,Facebook Ads,OFW Land base,four Seasons dubai,10-90 Bank Financing,Spouse of Client 50,49,"PHP 95,500"
07/20/2024 19:10:18,07/20/2024,Client 51,38,"PHP 64,500",Single,N/A,MAGALANG EAST,Broker/Agent,Locally Employed,Philippine airlines,20-80 Pagibig Financing,N/A,N/A,N/A
07/26/2024 11:56:48,07/26/2024,Client 52,26,"PHP 66,000",Married,7,CALAMBA,Referral,Locally Employed,philippine national police,20-80 Pagibig Financing,Spouse of Client 52,22,"PHP 78,500"
07/29/2024 20:33:30,07/29/2024,Client 53,36,"PHP 41,000",Married,7,LIPA,Facebook Ads,Locally Employed,universal robina Corp,20-80 Pagibig Financing,Spouse of Client 53,33,"PHP 42,500"
08/03/2024 15:58,08/03/2024,Client 54,53,"PHP 214,000",Single,N/a,PANDI EXPANSION,Referral,OFW Land base,Qatar petroleum,10-90 Bank Financing,N/a,N/a,N/a
08/06/2024 8:17,08/06/2024,Client 55,53,"PHP 151,000",Married,7,BATULAO,Facebook Ads,OFW Land base,northrop grumman,20-80 Pagibig Financing,Spouse of Client 55,57,"PHP 176,000"
08/21/2024 09:25:48,08/21/2024,Client 56,50,"PHP 193,000",Single,N/A,MAGALANG EAST,Broker/Agent,OFW Land base,Al rajhi bank,10-90 Bank Financing,N/A,N/A,N/A
08/26/2024 09:58:58,08/26/2024,Client 57,31,"PHP 113,500",Single,N/A,LIPA,Facebook Ads,OFW Land base,Al futtaim group,20-80 Pagibig Financing,N/A,N/A,N/A
08/27/2024 18:43:45,08/27/2024,Client 58,46,"PHP 198,000",Married,6,BATULAO,Facebook Ads,OFW Sea Base,Msc cruises,20-80 Pagibig Financing,Spouse of Client 58,47,"PHP 152,500"
09/06/2024 10:24,09/06/2024,Client 59,41,"PHP 201,000",Married,5,BATULAO,Broker/Agent,OFW Land base,Emaar properties,Deferred Cash,Spouse of Client 59,42,"PHP 167,000"
09/12/2024 9:13,09/12/2024,Client 60,30,"PHP 38,500",Married,3,LIPA,Facebook Ads,Self Employed/ Business Owner,Independent contractor,20-80 Pagibig Financing,Spouse of Client 60,33,"PHP 22,000"
09/14/2024 14:44:55,09/14/2024,Client 61,41,"PHP 102,000",Married,5,PANDI EXPANSION,Referral,OFW Land base,four seasons dubai,20-80 Pagibig Financing,Spouse of Client 61,41,"PHP 110,000"
09/24/2024 16:58:50,09/24/2024,Client 62,41,"PHP 125,500",Married,6,CALAMBA,Facebook Ads,OFW Land base,Hyundai engineering korea,20-80 Pagibig Financing,Spouse of Client 62,43,"PHP 86,000"
10/05/2024 12:58,10/05/2024,Client 63,53,"PHP 233,500",Married,4,STO. TOMAS,Broker/Agent,OFW Land base,Al rajhi bank,20-80 Pagibig Financing,Spouse of Client 63,51,"PHP 239,000"
10/05/2024 8:35,10/05/2024,Client 64,34,"PHP 189,500",Married,2,PANDI EXPANSION,Broker/Agent,OFW Sea Base,msc cruises,10-90 Bank Financing,Spouse of Client 64,30,"PHP 227,500"
10/06/2024 15:05,10/06/2024,Client 65,34,"PHP 146,000",Single,N/A,BATULAO,Referral,OFW Land base,SOHAR aluminum,10-90 Bank Financing,N/A,N/A,N/A
10/06/2024 10:10,10/06/2024,Client 66,44,"PHP 70,000",Married,3,BATULAO,Referral,OFW Land base,aramco,20-80 Pagibig Financing,Spouse of Client 66,42,"PHP 78,000"
10/08/2024 16:38,10/08/2024,Client 67,50,"PHP 95,500",Single,N/a,BATULAO,Referral,OFW Sea Base,carnival cruise line,20-80 Pagibig Financing,N/a,N/a,N/a
10/12/2024 10:16,10/12/2024,Client 68,45,"PHP 30,500",Single,N/a,BATULAO,Broker/Agent,Self Employed/ Business Owner,family agricultural business,10-90 Bank Financing,N/a,N/a,N/a
10/15/2024 12:46:39,10/15/2024,Client 69,34,"PHP 74,500",Married,7,SAN PABLO EAST,Broker/Agent,Locally Employed,ayala land construction,20-80 Pagibig Financing,Spouse of Client 69,33,"PHP 63,500"
10/15/2024 13:03:30,10/15/2024,Client 70,27,"PHP 160,000",Single,N/a,MAGALANG EAST,Other:,OFW Land base,adnoc,20-80 Pagibig Financing,N/a,N/a,N/a
10/15/2024 16:17:20,10/15/2024,Client 71,47,"PHP 206,000",Married,5,GEN TRI,Broker/Agent,OFW Sea Base,carnival cruise line,10-90 Bank Financing,Spouse of Client 71,48,"PHP 262,000"
10/21/2024 15:09:41,10/21/2024,Client 72,53,"PHP 38,000",Single,N/a,STO. TOMAS,Facebook Ads,OFW Sea Base,carnival cruise Line,20-80 Pagibig Financing,N/a,N/a,N/a
10/24/2024 15:41:56,10/24/2024,Client 73,41,"PHP 19,000",Married,4,BATULAO,Broker/Agent,Self Employed/ Business Owner,Sari-sari store,10-90 Bank Financing,Spouse of Client 73,44,"PHP 14,000"
10/25/2024 10:36:11,10/25/2024,Client 74,42,"PHP 40,000",Single,n/a,MAGALANG EAST,Referral,OFW Land base,Al futtaim group,20-80 Pagibig Financing,n/a,n/a,n/a
10/27/2024 20:17:36,10/27/2024,Client 75,53,"PHP 200,000",Single,N/A,MAGALANG EAST,Broker/Agent,Locally Employed,Ayala land construction,Cash,N/A,N/A,N/A
10/28/2024 14:48:58,10/28/2024,Client 76,48,"PHP 211,000",Married,4,BALIWAG,Facebook Ads,OFW Sea Base,CARNIVAL cruise line,10-90 Bank Financing,Spouse of Client 76,51,"PHP 127,000"
10/30/2024 09:56:42,10/30/2024,Client 77,49,"PHP 182,500",Married,3,NAIC,Other:,OFW Sea Base,msc cruises,10-90 Bank Financing,Spouse of Client 77,50,"PHP 220,000"
10/31/2024 15:40:34,10/31/2024,Client 78,32,"PHP 176,000",Widow,N/A,LIPA,Facebook Ads,Locally Employed,metrobank,20-80 Pagibig Financing,N/A,N/A,N/A
10/31/2024 20:06:43,10/31/2024,Client 79,47,"PHP 92,000",Married,3,LIPA,Facebook Ads,OFW Land base,Samsung C&t (saudi),20-80 Pagibig Financing,Spouse of Client 79,51,"PHP 57,500"
11/05/2024 10:15,11/05/2024,Client 80,39,"PHP 74,000",Married,4,MAGALANG EAST,Referral,Self Employed/ Business Owner,freelance services,20-80 Pagibig Financing,Spouse of Client 80,44,"PHP 77,000"
11/10/2024 12:46,11/10/2024,Client 81,25,"PHP 139,500",Single,N/a,BALANGA,Broker/Agent,OFW Land base,Four seasons dubai,20-80 Pagibig Financing,N/a,N/a,N/a
11/25/2024 16:59:18,11/25/2024,Client 82,49,"PHP 92,500",Married,2,LIPA,Facebook Ads,Self Employed/ Business Owner,event catering entrepreneur,20-80 Pagibig Financing,Spouse of Client 82,51,"PHP 60,500"
12/05/2024 16:15,12/05/2024,Client 83,33,"PHP 193,000",Single,N/A,BATULAO,Facebook Ads,OFW Land base,Samsung c&t (saudi),10-90 Bank Financing,N/A,N/A,N/A
12/10/2024 14:02,12/10/2024,Client 84,50,"PHP 175,000",Single,N/a,PANDI EXPANSION,Broker/Agent,OFW Sea Base,carnival cruise line,20-80 Pagibig Financing,N/a,N/a,N/a
12/12/2024 19:12,12/12/2024,Client 85,54,"PHP 72,000",Single,N/a,NAIC,Facebook Ads,OFW Land base,bechtel middle east,Deferred Cash,N/a,N/a,N/a
12/15/2024 19:01:35,12/15/2024,Client 86,30,"PHP 30,000",Married,2,MAGALANG EAST,Referral,OFW Land base,aramco,20-80 Pagibig Financing,Spouse of Client 86,35,"PHP 23,500"
12/17/2024 11:03:53,12/17/2024,Client 87,33,"PHP 118,500",Single,n/a,PANDI EXPANSION,Facebook Ads,OFW Land base,Petrofac,20-80 Pagibig Financing,n/a,n/a,n/a
12/24/2024 08:53:01,12/24/2024,Client 88,48,"PHP 25,500",Single,n/a,LIPA,Facebook Ads,Self Employed/ Business Owner,Own accounting Practice,20-80 Pagibig Financing,n/a,n/a,n/a
12/31/2024 09:28:54,12/31/2024,Client 89,27,"PHP 140,500",Married,5,PANDI EXPANSION,Broker/Agent,Locally Employed,department OF EDUCATION,Cash,Spouse of Client 89,26,"PHP 144,000"
01/01/2025 11:26,01/01/2025,Client 90,29,"PHP 97,500",Married,2,BATULAO,Referral,Self Employed/ Business Owner,own business operations,Cash,Spouse of Client 90,27,"PHP 80,500"
01/01/2025 17:28,01/01/2025,Client 91,33,"PHP 194,000",Single,n/a,BATULAO,Broker/Agent,OFW Land base,al futtaim group,20-80 Pagibig Financing,n/a,n/a,n/a
01/12/2025 9:04,01/12/2025,Client 92,28,"PHP 92,000",Widow,N/a,GEN TRI,Broker/Agent,Self Employed/ Business Owner,family catering services,20-80 Pagibig Financing,N/a,N/a,N/a
01/14/2025 09:04:28,01/14/2025,Client 93,54,"PHP 40,500",Single,n/a,LIPA,Facebook Ads,Self Employed/ Business Owner,family agricultural business,Cash,n/a,n/a,n/a
01/17/2025 17:53:39,01/17/2025,Client 94,43,"PHP 50,000",Married,4,GAPAN,Facebook Ads,OFW Land base,Sohar aluminum,20-80 Pagibig Financing,Spouse of Client 94,39,"PHP 45,000"
01/18/2025 16:17:17,01/18/2025,Client 95,50,"PHP 62,500",Married,4,GEN TRI,Referral,OFW Land base,enoc,10-90 Bank Financing,Spouse of Client 95,45,"PHP 57,500"
01/22/2025 15:49:19,01/22/2025,Client 96,52,"PHP 93,000",Married,6,NAIC,Facebook Ads,OFW Land base,Consolidated contractors,20-80 Pagibig Financing,Spouse of Client 96,49,"PHP 84,500"
01/22/2025 13:24:35,01/22/2025,Client 97,47,"PHP 128,000",Single,N/A,PANDI EXPANSION,Referral,OFW Sea Base,evergreen marine,20-80 Pagibig Financing,N/A,N/A,N/A
01/24/2025 12:43:39,01/24/2025,Client 98,49,"PHP 113,000",Single,n/a,BATULAO,Referral,OFW Land base,prosegur uae,Deferred Cash,n/a,n/a,n/a
02/07/2025 14:28,02/07/2025,Client 99,35,"PHP 183,500",Single,N/A,GAPAN,Facebook Ads,OFW Sea Base,carnival cruise line,20-80 Pagibig Financing,N/A,N/A,N/A
02/09/2025 8:03,02/09/2025,Client 100,39,"PHP 147,500",Married,4,MAGALANG EAST,Other:,OFW Land base,emaar properties,20-80 Pagibig Financing,Spouse of Client 100,40,"PHP 129,000"
02/12/2025 16:18,02/12/2025,Client 101,35,"PHP 217,500",Married,2,BATULAO,Facebook Ads,OFW Land base,al rajhi bank,20-80 Pagibig Financing,Spouse of Client 101,40,"PHP 216,500"
02/22/2025 14:36:53,02/22/2025,Client 102,55,"PHP 140,000",Married,7,BALIWAG,Referral,Locally Employed,bureau OF internal REVENUE,Cash,Spouse of Client 102,59,"PHP 156,000"
03/08/2025 9:45,03/08/2025,Client 103,40,"PHP 112,500",Married,5,TAYABAS,Broker/Agent,OFW Land base,four SEASONS dubai,20-80 Pagibig Financing,Spouse of Client 103,35,"PHP 146,000"
03/10/2025 18:37,03/10/2025,Client 104,32,"PHP 69,500",Married,6,BATULAO,Broker/Agent,OFW Sea Base,evergreen marine,20-80 Pagibig Financing,Spouse of Client 104,28,"PHP 67,000"
03/12/2025 16:38,03/12/2025,Client 105,38,"PHP 153,500",Single,N/A,BALIWAG,Facebook Ads,Locally Employed,the medical city,20-80 Pagibig Financing,N/A,N/A,N/A
03/13/2025 11:45:00,03/13/2025,Client 106,34,"PHP 41,500",Single,N/a,CALAMBA,Facebook Ads,Self Employed/ Business Owner,independent contractor,20-80 Pagibig Financing,N/a,N/a,N/a
03/15/2025 16:45:44,03/15/2025,Client 107,47,"PHP 119,000",Single,N/A,IMPRESSIONS HERMOSA,Other:,OFW Land base,Petrofac,20-80 Pagibig Financing,N/A,N/A,N/A
03/17/2025 17:04:14,03/17/2025,Client 108,44,"PHP 73,500",Single,N/a,GEN TRI,Referral,OFW Land base,Jumeirah group,20-80 Pagibig Financing,N/a,N/a,N/a
03/19/2025 19:26:34,03/19/2025,Client 109,25,"PHP 112,000",Married,2,PANDI EXPANSION,Facebook Ads,OFW Land base,apple inc.,20-80 Pagibig Financing,Spouse of Client 109,22,"PHP 145,000"
03/29/2025 09:36:36,03/29/2025,Client 110,52,"PHP 200,500",Married,5,CALAMBA,Broker/Agent,OFW Land base,adnoc,20-80 Pagibig Financing,Spouse of Client 110,53,"PHP 227,000"
04/08/2025 13:59,04/08/2025,Client 111,30,"PHP 116,500",Married,2,MAGALANG EAST,Facebook Ads,OFW Land base,japan tobacco int'l,20-80 Pagibig Financing,Spouse of Client 111,32,"PHP 89,000"
04/10/2025 13:30,04/10/2025,Client 112,27,"PHP 108,000",Married,6,LIPA,Referral,OFW Land base,Samsung hq seoul,20-80 Pagibig Financing,Spouse of Client 112,29,"PHP 129,000"
04/20/2025 20:42:08,04/20/2025,Client 113,42,"PHP 94,000",Married,4,LIPA,Facebook Ads,OFW Land base,pricewaterhousecoopers uae,Deferred Cash,Spouse of Client 113,43,"PHP 78,500"
04/22/2025 20:00:09,04/22/2025,Client 114,37,"PHP 29,000",Single,N/A,BATULAO,Referral,Locally Employed,Accenture philippines,10-90 Bank Financing,N/A,N/A,N/A
04/24/2025 09:52:23,04/24/2025,Client 115,43,"PHP 182,000",Married,7,GEN TRI,Facebook Ads,OFW Sea Base,carnival cruise line,20-80 Pagibig Financing,Spouse of Client 115,41,"PHP 131,000"
04/25/2025 09:51:38,04/25/2025,Client 116,33,"PHP 136,500",Single,n/a,BATULAO,Facebook Ads,Locally Employed,bdo UNIBANK,Cash,n/a,n/a,n/a
04/25/2025 17:24:40,04/25/2025,Client 117,30,"PHP 144,500",Single,N/A,BATULAO,Facebook Ads,Locally Employed,Meralco,20-80 Pagibig Financing,N/A,N/A,N/A
04/25/2025 13:44:45,04/25/2025,Client 118,47,"PHP 198,500",Married,6,LIPA,Facebook Ads,OFW Land base,Aster dm healthcare,20-80 Pagibig Financing,Spouse of Client 118,44,"PHP 230,500"
04/25/2025 20:34:54,04/25/2025,Client 119,43,"PHP 45,500",Married,4,BATULAO,Broker/Agent,Self Employed/ Business Owner,tricycle operator,20-80 Pagibig Financing,Spouse of Client 119,47,"PHP 55,500"
05/05/2025 12:22,05/05/2025,Client 120,26,"PHP 80,000",Married,6,BATULAO,Facebook Ads,OFW Land base,Qatar petroleum,20-80 Pagibig Financing,Spouse of Client 120,31,"PHP 51,000"
05/07/2025 18:38,05/07/2025,Client 121,47,"PHP 159,500",Married,3,MAGALANG EAST,Referral,OFW Land base,Pricewaterhousecoopers Uae,Deferred Cash,Spouse of Client 121,50,"PHP 110,500"
05/07/2025 15:42,05/07/2025,Client 122,39,"PHP 129,000",Single,N/A,BALIWAG,Referral,Self Employed/ Business Owner,Own accounting practice,Cash,N/A,N/A,N/A
05/10/2025 8:58,05/10/2025,Client 123,27,"PHP 133,000",Married,7,GEN TRI,Facebook Ads,OFW Land base,Four seasons dubai,10-90 Bank Financing,Spouse of Client 123,22,"PHP 78,500"
05/10/2025 12:11,05/10/2025,Client 124,51,"PHP 131,500",Widow,3,LIPA,Broker/Agent,Self Employed/ Business Owner,event catering Entrepreneur,20-80 Pagibig Financing,N/a,N/a,N/a
05/12/2025 19:40,05/12/2025,Client 125,30,"PHP 192,500",Married,2,STO. TOMAS,Facebook Ads,OFW Land base,Kuwait Oil company,20-80 Pagibig Financing,Spouse of Client 125,35,"PHP 209,000"
05/12/2025 18:11,05/12/2025,Client 126,35,"PHP 86,000",Married,2,MAGALANG EAST,Facebook Ads,Locally Employed,San Miguel Corporation,Cash,Spouse of Client 126,40,"PHP 79,500"
05/14/2025 20:01:26,05/14/2025,Client 127,40,"PHP 140,500",Married,7,PANDI EXPANSION,Broker/Agent,Self Employed/ Business Owner,Sari-sari store,Cash,Spouse of Client 127,35,"PHP 136,000"
05/16/2025 08:40:34,05/16/2025,Client 128,27,"PHP 44,000",Married,3,BALIWAG,Referral,Locally Employed,philippine general hospital,10-90 Bank Financing,Spouse of Client 128,26,"PHP 28,000"
05/17/2025 09:18:25,05/17/2025,Client 129,39,"PHP 225,000",Single,n/a,LIPA,Referral,OFW Land base,sohar aluminum,10-90 Bank Financing,n/a,n/a,n/a
05/18/2025 15:44:50,05/18/2025,Client 130,39,"PHP 103,000",Single,N/a,SAN PABLO EAST,Broker/Agent,OFW Land base,prosegur uae,20-80 Pagibig Financing,N/a,N/a,N/a
05/21/2025 09:42:14,05/21/2025,Client 131,39,"PHP 75,000",Married,4,BALIWAG,Facebook Ads,Self Employed/ Business Owner,own business operations,20-80 Pagibig Financing,Spouse of Client 131,34,"PHP 40,500"
05/22/2025 18:46:56,05/22/2025,Client 132,42,"PHP 132,500",Married,2,CALAMBA,Facebook Ads,OFW Land base,aster dm healthcare,10-90 Bank Financing,Spouse of Client 132,40,"PHP 125,000"
05/30/2025 09:44:04,05/30/2025,Client 133,45,"PHP 118,500",Single,N/A,LIPA,Facebook Ads,Locally Employed,land bank of the philippines,20-80 Pagibig Financing,N/A,N/A,N/A
05/31/2025 19:33:24,05/31/2025,Client 134,40,"PHP 170,000",Married,3,BATULAO,Referral,OFW Land base,Enoc,20-80 Pagibig Financing,Spouse of Client 134,42,"PHP 93,000"
05/31/2025 17:52:22,05/31/2025,Client 135,48,"PHP 43,000",Single,N/a,BATULAO,Referral,OFW Sea Base,maersk line,20-80 Pagibig Financing,N/a,N/a,N/a
06/10/2025 11:22,06/10/2025,Client 136,33,"PHP 64,500",Married,2,MAGALANG EAST,Referral,OFW Land base,samsung hq seoul,10-90 Bank Financing,Spouse of Client 136,31,"PHP 38,500"
06/11/2025 11:07,06/11/2025,Client 137,39,"PHP 60,500",Single,n/a,STO. TOMAS,Facebook Ads,OFW Land base,pricewaterhousecoopers uae,20-80 Pagibig Financing,n/a,n/a,n/a
06/13/2025 13:43:23,06/13/2025,Client 138,37,"PHP 167,000",Single,N/a,BALIWAG,Referral,Locally Employed,San miguel corporation,20-80 Pagibig Financing,N/a,N/a,N/a
06/13/2025 19:52:56,06/13/2025,Client 139,37,"PHP 234,000",Married,5,CALAMBA,Referral,OFW Sea Base,msc cruises,10-90 Bank Financing,Spouse of Client 139,37,"PHP 130,000"
06/18/2025 12:45:11,06/18/2025,Client 140,54,"PHP 27,500",Single,N/A,IMPRESSIONS HERMOSA,Broker/Agent,Self Employed/ Business Owner,own accounting practice,20-80 Pagibig Financing,N/A,N/A,N/A
06/18/2025 20:27:10,06/18/2025,Client 141,55,"PHP 249,000",Married,4,LIPA,Referral,OFW Land base,HYUNDAI engineering,20-80 Pagibig Financing,Spouse of Client 141,58,"PHP 159,000"
06/28/2025 17:39:48,06/28/2025,Client 142,29,"PHP 195,000",Married,5,MAGALANG EAST,Broker/Agent,OFW Land base,samsung hq seoul,20-80 Pagibig Financing,Spouse of Client 142,34,"PHP 247,500"
07/04/2025 10:45,07/04/2025,Client 143,47,"PHP 184,000",Married,7,BATULAO,Referral,Locally Employed,Pldt inc.,20-80 Pagibig Financing,Spouse of Client 143,43,"PHP 201,500"
07/06/2025 16:50,07/06/2025,Client 144,55,"PHP 25,000",Single,N/a,STO. TOMAS,Facebook Ads,Locally Employed,Meralco,Cash,N/a,N/a,N/a
07/11/2025 20:03,07/11/2025,Client 145,32,"PHP 242,500",Single,n/a,LIPA,Facebook Ads,OFW Land base,Jumeirah group,10-90 Bank Financing,n/a,n/a,n/a
07/13/2025 19:45:55,07/13/2025,Client 146,38,"PHP 26,000",Widow,n/a,BATULAO,Facebook Ads,Locally Employed,holcim philippines,Cash,n/a,n/a,n/a
07/14/2025 18:13:56,07/14/2025,Client 147,26,"PHP 58,500",Married,4,CALAMBA,Facebook Ads,OFW Land base,al futtaim Group,20-80 Pagibig Financing,Spouse of Client 147,23,"PHP 55,000"
07/18/2025 14:51:06,07/18/2025,Client 148,43,"PHP 102,000",Single,N/a,BATULAO,Facebook Ads,OFW Land base,consolidated contractors,20-80 Pagibig Financing,N/a,N/a,N/a
07/21/2025 08:51:21,07/21/2025,Client 149,44,"PHP 47,500",Single,N/A,LIPA,Facebook Ads,Self Employed/ Business Owner,family agricultural business,20-80 Pagibig Financing,N/A,N/A,N/A
07/21/2025 12:14:52,07/21/2025,Client 150,39,"PHP 141,000",Married,3,GEN TRI,Facebook Ads,Self Employed/ Business Owner,freelance Services,20-80 Pagibig Financing,Spouse of Client 150,40,"PHP 89,500"
07/22/2025 12:57:03,07/22/2025,Client 151,42,"PHP 37,000",Married,4,MAGALANG EAST,Broker/Agent,OFW Sea Base,Msc cruises,10-90 Bank Financing,Spouse of Client 151,46,"PHP 36,500"
07/23/2025 11:07:41,07/23/2025,Client 152,47,"PHP 49,500",Single,N/a,PANDI EXPANSION,Facebook Ads,OFW Land base,consolidated contractors,Deferred Cash,N/a,N/a,N/a
07/25/2025 15:17:05,07/25/2025,Client 153,32,"PHP 170,500",Single,N/A,PANDI EXPANSION,Facebook Ads,OFW Land base,enoc,20-80 Pagibig Financing,N/A,N/A,N/A
07/26/2025 14:10:02,07/26/2025,Client 154,51,"PHP 193,500",Married,4,CALAMBA,Facebook Ads,OFW Land base,Pricewaterhousecoopers uae,20-80 Pagibig Financing,Spouse of Client 154,46,"PHP 235,000"
07/27/2025 09:55:11,07/27/2025,Client 155,49,"PHP 230,000",Single,N/A,IMPRESSIONS HERMOSA,Facebook Ads,OFW Land base,Adnoc,Deferred Cash,N/A,N/A,N/A
07/30/2025 17:37:35,07/30/2025,Client 156,46,"PHP 205,500",Single,N/a,BATULAO,Facebook Ads,OFW Land base,consolidated contractors,20-80 Pagibig Financing,N/a,N/a,N/a
07/31/2025 08:28:59,07/31/2025,Client 157,53,"PHP 198,000",Single,N/a,LIPA,Facebook Ads,Self Employed/ Business Owner,online seller,10-90 Bank Financing,N/a,N/a,N/a
08/02/2025 8:04,08/02/2025,Client 158,36,"PHP 69,500",Married,3,MAGALANG EAST,Referral,Locally Employed,asian hospital,20-80 Pagibig Financing,Spouse of Client 158,33,"PHP 76,000"
08/02/2025 13:51,08/02/2025,Client 159,50,"PHP 59,000",Married,7,BATULAO,Facebook Ads,OFW Land base,samsung hq seoul,10-90 Bank Financing,Spouse of Client 159,52,"PHP 60,000"
08/03/2025 17:00,08/03/2025,Client 160,55,"PHP 133,000",Married,4,BATULAO,Referral,Locally Employed,globe telecom,Cash,Spouse of Client 160,50,"PHP 91,000"
08/10/2025 18:02,08/10/2025,Client 161,49,"PHP 93,500",Married,7,MAGALANG EAST,Facebook Ads,Self Employed/ Business Owner,FAMILY catering SERVICES,10-90 Bank Financing,Spouse of Client 161,45,"PHP 105,500"
08/12/2025 18:25,08/12/2025,Client 162,50,"PHP 115,000",Married,7,BALIWAG,Facebook Ads,Self Employed/ Business Owner,online seller,Cash,Spouse of Client 162,54,"PHP 98,500"
08/12/2025 12:14,08/12/2025,Client 163,33,"PHP 227,000",Widow,n/a,STO. TOMAS,Broker/Agent,OFW Land base,al futtaim group,20-80 Pagibig Financing,n/a,n/a,n/a
08/13/2025 09:49:00,08/13/2025,Client 164,32,"PHP 105,000",Married,7,PANDI EXPANSION,Broker/Agent,Locally Employed,Philippine general hospital,10-90 Bank Financing,Spouse of Client 164,29,"PHP 126,000"
08/14/2025 13:40:40,08/14/2025,Client 165,27,"PHP 60,500",Married,2,NAIC,Broker/Agent,OFW Land base,samsung c&t (saudi),20-80 Pagibig Financing,Spouse of Client 165,29,"PHP 48,500"
08/16/2025 17:08:04,08/16/2025,Client 166,55,"PHP 35,000",Married,6,LIPA,Facebook Ads,Self Employed/ Business Owner,jeepney operator,10-90 Bank Financing,Spouse of Client 166,59,"PHP 19,000"
08/16/2025 15:58:30,08/16/2025,Client 167,39,"PHP 125,000",Married,7,BALIWAG,Facebook Ads,OFW Land base,kaiser permanente,20-80 Pagibig Financing,Spouse of Client 167,34,"PHP 92,500"
08/21/2025 14:15:20,08/21/2025,Client 168,53,"PHP 190,500",Widow,4,IMPRESSIONS HERMOSA,Facebook Ads,Self Employed/ Business Owner,Independent contractor,20-80 Pagibig Financing,n/a,n/a,n/a
08/21/2025 20:42:53,08/21/2025,Client 169,36,"PHP 166,500",Married,3,BATULAO,Broker/Agent,OFW Land base,jumeirah group,20-80 Pagibig Financing,Spouse of Client 169,31,"PHP 200,500"
08/22/2025 11:58:50,08/22/2025,Client 170,36,"PHP 85,500",Married,6,PANDI EXPANSION,Broker/Agent,OFW Sea Base,carnival cruise line,Deferred Cash,Spouse of Client 170,35,"PHP 62,500"
08/27/2025 18:57:29,08/27/2025,Client 171,31,"PHP 45,500",Married,7,MAGALANG EAST,Broker/Agent,OFW Land base,petrofac,Deferred Cash,Spouse of Client 171,32,"PHP 52,000"
08/28/2025 10:04:30,08/28/2025,Client 172,51,"PHP 102,500",Married,3,GEN TRI,Facebook Ads,OFW Land base,qatar Petroleum,Deferred Cash,Spouse of Client 172,51,"PHP 64,500"
08/29/2025 19:51:42,08/29/2025,Client 173,29,"PHP 93,500",Married,3,BATULAO,Other:,Locally Employed,jollibee foods corp,10-90 Bank Financing,Spouse of Client 173,29,"PHP 110,000"
08/30/2025 18:03:43,08/30/2025,Client 174,28,"PHP 234,500",Married,5,BALIWAG,Facebook Ads,OFW Land base,hyundai engineering korea,Deferred Cash,Spouse of Client 174,28,"PHP 268,500"
08/30/2025 08:48:19,08/30/2025,Client 175,26,"PHP 52,000",Married,5,LIPA,Facebook Ads,OFW Land base,Qatar petroleum,20-80 Pagibig Financing,Spouse of Client 175,27,"PHP 60,000"
09/01/2025 10:39,09/01/2025,Client 176,39,"PHP 89,000",Married,4,IMPRESSIONS HERMOSA,Referral,Self Employed/ Business Owner,own accounting practice,20-80 Pagibig Financing,Spouse of Client 176,37,"PHP 83,500"
09/16/2025 17:14:04,09/16/2025,Client 177,26,"PHP 144,000",Married,7,BALIWAG,Referral,Locally Employed,the medical city,20-80 Pagibig Financing,Spouse of Client 177,31,"PHP 74,000"
09/17/2025 12:33:25,09/17/2025,Client 178,46,"PHP 68,000",Married,7,MAGALANG EAST,Facebook Ads,OFW Sea Base,evergreen marine,20-80 Pagibig Financing,Spouse of Client 178,47,"PHP 57,000"
09/20/2025 17:54:11,09/20/2025,Client 179,29,"PHP 95,500",Married,6,LIPA,Referral,OFW Sea Base,carnival cruise line,20-80 Pagibig Financing,Spouse of Client 179,27,"PHP 61,000"
09/28/2025 18:23:35,09/28/2025,Client 180,41,"PHP 126,000",Married,3,PANDI EXPANSION,Referral,OFW Land base,pricewaterhousecoopers uae,20-80 Pagibig Financing,Spouse of Client 180,36,"PHP 84,500"
09/30/2025 11:18:07,09/30/2025,Client 181,52,"PHP 91,000",Single,N/a,LIPA,Facebook Ads,OFW Sea Base,Maersk line,20-80 Pagibig Financing,N/a,N/a,N/a
10/01/2025 18:03,10/01/2025,Client 182,38,"PHP 166,500",Widow,2,BALIWAG,Facebook Ads,Locally Employed,ASIAN hospital,Cash,n/a,n/a,n/a
10/02/2025 15:44,10/02/2025,Client 183,48,"PHP 60,000",Married,7,MAGALANG EAST,Facebook Ads,OFW Sea Base,philippine airlines (int'l),20-80 Pagibig Financing,Spouse of Client 183,52,"PHP 34,500"
10/03/2025 18:52,10/03/2025,Client 184,27,"PHP 100,000",Single,N/A,LIPA,Referral,OFW Land base,Emirates airlines,20-80 Pagibig Financing,N/A,N/A,N/A
10/04/2025 20:42,10/04/2025,Client 185,50,"PHP 222,000",Widow,N/A,IMPRESSIONS HERMOSA,Facebook Ads,OFW Land base,emaar properties,20-80 Pagibig Financing,N/A,N/A,N/A
10/07/2025 8:04,10/07/2025,Client 186,28,"PHP 30,500",Married,4,BALIWAG,Broker/Agent,OFW Land base,PRICEWATERHOUSECOOPERS uae,Deferred Cash,Spouse of Client 186,26,"PHP 18,500"
10/10/2025 20:38,10/10/2025,Client 187,44,"PHP 173,000",Married,2,GAPAN,Facebook Ads,OFW Land base,samsung hq seoul,10-90 Bank Financing,Spouse of Client 187,49,"PHP 128,000"
10/10/2025 12:42,10/10/2025,Client 188,52,"PHP 38,000",Single,N/A,STO. TOMAS,Facebook Ads,OFW Land base,Prosegur uae,20-80 Pagibig Financing,N/A,N/A,N/A
10/10/2025 20:48,10/10/2025,Client 189,32,"PHP 173,000",Married,3,TAYABAS,Referral,OFW Land base,Samsung c&t (saudi),20-80 Pagibig Financing,Spouse of Client 189,36,"PHP 192,500"
10/11/2025 9:18,10/11/2025,Client 190,44,"PHP 27,500",Single,N/a,NAIC,Facebook Ads,Locally Employed,accenture philippines,10-90 Bank Financing,N/a,N/a,N/a
10/19/2025 12:09:01,10/19/2025,Client 191,49,"PHP 18,000",Married,2,BATULAO,Broker/Agent,Locally Employed,bureau of internal revenue,20-80 Pagibig Financing,Spouse of Client 191,54,"PHP 12,000"
10/22/2025 10:40:45,10/22/2025,Client 192,27,"PHP 125,000",Single,N/A,GEN TRI,Facebook Ads,OFW Land base,kuwait oil company,10-90 Bank Financing,N/A,N/A,N/A
10/22/2025 16:37:49,10/22/2025,Client 193,38,"PHP 207,000",Married,4,BALIWAG,Facebook Ads,OFW Land base,aramco,20-80 Pagibig Financing,Spouse of Client 193,34,"PHP 131,000"
10/24/2025 15:49:37,10/24/2025,Client 194,27,"PHP 114,500",Single,N/a,SIGHTS CALAUAN,Referral,OFW Land base,enoc,10-90 Bank Financing,N/a,N/a,N/a
11/03/2025 10:48,11/03/2025,Client 195,46,"PHP 121,500",Married,5,LIPA,Referral,OFW Land base,aster dm healthcare,20-80 Pagibig Financing,Spouse of Client 195,47,"PHP 73,500"
11/04/2025 11:28,11/04/2025,Client 196,41,"PHP 228,000",Married,4,BATULAO,Other:,OFW Sea Base,Maersk line,20-80 Pagibig Financing,Spouse of Client 196,37,"PHP 181,500"
11/06/2025 12:02,11/06/2025,Client 197,46,"PHP 110,000",Single,n/a,GEN TRI,Referral,OFW Land base,enoc,10-90 Bank Financing,n/a,n/a,n/a
11/07/2025 12:11,11/07/2025,Client 198,34,"PHP 114,500",Married,2,LIPA,Facebook Ads,OFW Land base,sohar aluminum,Deferred Cash,Spouse of Client 198,38,"PHP 101,500"
11/10/2025 20:42,11/10/2025,Client 199,25,"PHP 21,000",Married,3,BATULAO,Facebook Ads,Self Employed/ Business Owner,Family agricultural business,10-90 Bank Financing,Spouse of Client 199,26,"PHP 21,000"
11/11/2025 12:42,11/11/2025,Client 200,32,"PHP 61,000",Single,N/a,PANDI EXPANSION,Broker/Agent,Self Employed/ Business Owner,Own accounting practice,20-80 Pagibig Financing,N/a,N/a,N/a
11/12/2025 19:54,11/12/2025,Client 201,52,"PHP 58,500",Married,6,PANDI EXPANSION,Facebook Ads,OFW Sea Base,Maersk line,10-90 Bank Financing,Spouse of Client 201,54,"PHP 64,000"
11/13/2025 20:26:48,11/13/2025,Client 202,38,"PHP 115,500",Married,7,LIPA,Referral,OFW Sea Base,Evergreen marine,20-80 Pagibig Financing,Spouse of Client 202,35,"PHP 135,500"
11/15/2025 16:20:44,11/15/2025,Client 203,55,"PHP 116,000",Married,4,LIPA,Facebook Ads,Self Employed/ Business Owner,online seller,20-80 Pagibig Financing,Spouse of Client 203,52,"PHP 118,500"
11/16/2025 10:57:24,11/16/2025,Client 204,38,"PHP 236,000",Married,3,CALAMBA,Facebook Ads,OFW Land base,aster dm healthcare,20-80 Pagibig Financing,Spouse of Client 204,41,"PHP 291,000"
11/16/2025 09:28:08,11/16/2025,Client 205,35,"PHP 219,500",Married,7,MAGALANG EAST,Other:,OFW Land base,sohar aluminum,20-80 Pagibig Financing,Spouse of Client 205,31,"PHP 151,000"
11/18/2025 15:36:12,11/18/2025,Client 206,31,"PHP 217,000",Single,n/a,LIPA,Referral,OFW Land base,emaar properties,20-80 Pagibig Financing,n/a,n/a,n/a
11/20/2025 09:49:20,11/20/2025,Client 207,28,"PHP 208,000",Married,5,NAIC,Facebook Ads,Self Employed/ Business Owner,family Catering services,20-80 Pagibig Financing,Spouse of Client 207,33,"PHP 221,500"
11/21/2025 15:51:24,11/21/2025,Client 208,30,"PHP 200,500",Single,N/a,TAYABAS,Facebook Ads,OFW Land base,ASTER dm healthcare,20-80 Pagibig Financing,N/a,N/a,N/a
11/26/2025 15:13:02,11/26/2025,Client 209,43,"PHP 48,500",Single,N/A,SAN PABLO EAST,Other:,Self Employed/ Business Owner,online Seller,20-80 Pagibig Financing,N/A,N/A,N/A
11/28/2025 18:53:29,11/28/2025,Client 210,35,"PHP 135,500",Married,5,NAIC,Broker/Agent,OFW Sea Base,maersk line,20-80 Pagibig Financing,Spouse of Client 210,31,"PHP 94,000"
11/28/2025 20:08:14,11/28/2025,Client 211,43,"PHP 120,500",Married,7,NAIC,Facebook Ads,OFW Sea Base,evergreen marine,20-80 Pagibig Financing,Spouse of Client 211,47,"PHP 92,500"
12/12/2025 11:40,12/12/2025,Client 212,51,"PHP 112,000",Married,5,LIPA,Facebook Ads,OFW Land base,enoc,20-80 Pagibig Financing,Spouse of Client 212,47,"PHP 127,000"
12/27/2025 16:37:11,12/27/2025,Client 213,43,"PHP 153,500",Married,3,BALIWAG,Referral,OFW Land base,Emaar properties,20-80 Pagibig Financing,Spouse of Client 213,38,"PHP 130,500"
12/30/2025 11:27:30,12/30/2025,Client 214,41,"PHP 190,000",Single,n/a,PANDI EXPANSION,Referral,OFW Sea Base,Maersk line,10-90 Bank Financing,n/a,n/a,n/a
12/30/2025 16:12:00,12/30/2025,Client 215,41,"PHP 62,000",Widow,2,PANDI EXPANSION,Facebook Ads,OFW Land base,Walmart us,20-80 Pagibig Financing,N/A,N/A,N/A
12/31/2025 08:39:12,12/31/2025,Client 216,41,"PHP 53,000",Married,4,CALAMBA,Referral,Locally Employed,sm investments corp,20-80 Pagibig Financing,Spouse of Client 216,46,"PHP 39,000"
01/05/2026 12:50,01/05/2026,Client 217,44,"PHP 184,000",Married,3,SIGHTS CALAUAN,Broker/Agent,OFW Land base,Enoc,20-80 Pagibig Financing,Spouse of Client 217,49,"PHP 129,500"
01/08/2026 9:56,01/08/2026,Client 218,46,"PHP 86,500",Married,3,PANDI EXPANSION,Referral,Locally Employed,Asian hospital,20-80 Pagibig Financing,Spouse of Client 218,49,"PHP 63,500"
01/14/2026 09:10:40,01/14/2026,Client 219,46,"PHP 146,000",Married,7,PANDI EXPANSION,Referral,OFW Land base,Aster dm healthcare,10-90 Bank Financing,Spouse of Client 219,46,"PHP 86,500"
01/21/2026 14:32:26,01/21/2026,Client 220,42,"PHP 194,000",Married,6,CALAMBA,Facebook Ads,OFW Land base,sohar Aluminum,20-80 Pagibig Financing,Spouse of Client 220,43,"PHP 119,000"
01/23/2026 08:59:44,01/23/2026,Client 221,46,"PHP 37,500",Single,n/a,STO. TOMAS,Broker/Agent,Locally Employed,ayala land construction,10-90 Bank Financing,n/a,n/a,n/a
01/24/2026 16:06:55,01/24/2026,Client 222,25,"PHP 34,500",Single,N/A,MAGALANG EAST,Facebook Ads,Locally Employed,meralco,10-90 Bank Financing,N/A,N/A,N/A
02/07/2026 16:45,02/07/2026,Client 223,32,"PHP 36,000",Single,N/a,BALANGA,Facebook Ads,OFW Land base,petrofac,20-80 Pagibig Financing,N/a,N/a,N/a
02/10/2026 9:33,02/10/2026,Client 224,42,"PHP 207,500",Single,n/a,LIPA,Other:,OFW Land base,Enoc,10-90 Bank Financing,n/a,n/a,n/a
02/11/2026 16:19,02/11/2026,Client 225,29,"PHP 18,500",Widow,5,PANDI EXPANSION,Referral,Self Employed/ Business Owner,independent contractor,20-80 Pagibig Financing,N/A,N/A,N/A
02/12/2026 14:05,02/12/2026,Client 226,44,"PHP 72,500",Single,N/a,BATULAO,Other:,Locally Employed,Philippine General Hospital,20-80 Pagibig Financing,N/a,N/a,N/a
02/14/2026 18:20:32,02/14/2026,Client 227,39,"PHP 179,500",Widow,4,STO. TOMAS,Facebook Ads,OFW Land base,adnoc,20-80 Pagibig Financing,N/a,N/a,N/a
02/15/2026 18:54:46,02/15/2026,Client 228,32,"PHP 59,000",Married,6,MAGALANG EAST,Referral,Locally Employed,cebu pacific,10-90 Bank Financing,Spouse of Client 228,36,"PHP 33,000"
02/20/2026 08:22:40,02/20/2026,Client 229,49,"PHP 42,000",Married,4,GEN TRI,Referral,OFW Sea Base,Philippine Airlines (int'l),20-80 Pagibig Financing,Spouse of Client 229,44,"PHP 33,000"
02/24/2026 20:33:41,02/24/2026,Client 230,50,"PHP 70,000",Married,7,MAGALANG EAST,Facebook Ads,Self Employed/ Business Owner,own Accounting Practice,20-80 Pagibig Financing,Spouse of Client 230,51,"PHP 48,500"
02/24/2026 15:20:54,02/24/2026,Client 231,52,"PHP 34,500",Married,6,BALIWAG,Broker/Agent,OFW Land base,jumeirah group,10-90 Bank Financing,Spouse of Client 231,48,"PHP 18,000"
02/26/2026 19:46:53,02/26/2026,Client 232,27,"PHP 111,000",Married,5,BALIWAG,Referral,OFW Land base,KUWAIT OIL COMPANY,20-80 Pagibig Financing,Spouse of Client 232,25,"PHP 75,000"
02/28/2026 20:18:18,02/28/2026,Client 233,41,"PHP 139,500",Married,6,MAGALANG EAST,Facebook Ads,OFW Sea Base,MSC cruises,Deferred Cash,Spouse of Client 233,40,"PHP 154,500"
03/03/2026 9:54,03/03/2026,Client 234,51,"PHP 104,500",Married,5,LIPA,Facebook Ads,OFW Land base,Emaar properties,20-80 Pagibig Financing,Spouse of Client 234,56,"PHP 52,500"
03/04/2026 8:43,03/04/2026,Client 235,49,"PHP 164,500",Single,N/a,MAGALANG EAST,Facebook Ads,OFW Land base,enoc,Deferred Cash,N/a,N/a,N/a
03/04/2026 11:08,03/04/2026,Client 236,33,"PHP 261,500",Married,4,LIPA,Facebook Ads,Self Employed/ Business Owner,Tricycle operator,20-80 Pagibig Financing,Spouse of Client 236,29,"PHP 275,500"
03/09/2026 19:51,03/09/2026,Client 237,32,"PHP 146,500",Single,N/a,LIPA,Facebook Ads,OFW Land base,aster dm healthcare,20-80 Pagibig Financing,N/a,N/a,N/a
03/14/2026 20:36:23,03/14/2026,Client 238,28,"PHP 131,500",Single,n/a,NAIC,Facebook Ads,OFW Land base,Qatar petroleum,20-80 Pagibig Financing,n/a,n/a,n/a
03/14/2026 09:02:01,03/14/2026,Client 239,32,"PHP 204,000",Single,n/a,NAIC,Referral,OFW Sea Base,Maersk line,20-80 Pagibig Financing,n/a,n/a,n/a
03/16/2026 16:46:24,03/16/2026,Client 240,32,"PHP 292,500",Single,n/a,LIPA,Facebook Ads,Self Employed/ Business Owner,family agricultural Business,20-80 Pagibig Financing,n/a,n/a,n/a
03/30/2026 08:57:50,03/30/2026,Client 241,36,"PHP 124,000",Married,3,STO. TOMAS,Referral,Locally Employed,land bank of the PHILIPPINES,20-80 Pagibig Financing,Spouse of Client 241,39,"PHP 151,500"
04/13/2026 08:34:38,04/13/2026,Client 242,37,"PHP 116,500",Single,N/a,BALIWAG,Facebook Ads,Locally Employed,Universal robina corp,20-80 Pagibig Financing,N/a,N/a,N/a
04/21/2026 14:10:00,04/21/2026,Client 243,25,"PHP 120,500",Married,3,PANDI EXPANSION,Other:,OFW Sea Base,Evergreen Marine,20-80 Pagibig Financing,Spouse of Client 243,25,"PHP 138,000"
05/05/2026 18:23,05/05/2026,Client 244,29,"PHP 184,500",Widow,N/a,IMPRESSIONS HERMOSA,Facebook Ads,OFW Land base,Al futtaim group,10-90 Bank Financing,N/a,N/a,N/a
05/05/2026 19:41,05/05/2026,Client 245,39,"PHP 83,500",Single,N/a,BATULAO,Broker/Agent,OFW Land base,Al rajhi bank,10-90 Bank Financing,N/a,N/a,N/a
05/12/2026 14:55,05/12/2026,Client 246,49,"PHP 19,000",Married,6,LIPA,Broker/Agent,Self Employed/ Business Owner,tricycle operator,10-90 Bank Financing,Spouse of Client 246,44,"PHP 13,000"
05/15/2026 08:58:25,05/15/2026,Client 247,41,"PHP 40,000",Married,5,LIPA,Facebook Ads,OFW Land base,Adnoc,10-90 Bank Financing,Spouse of Client 247,45,"PHP 23,500"
05/16/2026 12:46:13,05/16/2026,Client 248,34,"PHP 69,500",Single,N/A,SAN PABLO EAST,Facebook Ads,Locally Employed,San miguel corporation,20-80 Pagibig Financing,N/A,N/A,N/A
05/17/2026 11:49:05,05/17/2026,Client 249,50,"PHP 139,500",Married,2,PANDI EXPANSION,Facebook Ads,OFW Land base,hyundai Engineering Korea,10-90 Bank Financing,Spouse of Client 249,54,"PHP 97,000"
05/19/2026 20:57:20,05/19/2026,Client 250,40,"PHP 44,000",Married,2,PANDI EXPANSION,Facebook Ads,OFW Sea Base,Carnival cruise line,10-90 Bank Financing,Spouse of Client 250,45,"PHP 37,500"
05/22/2026 13:09:07,05/22/2026,Client 251,27,"PHP 51,000",Widow,N/A,LIPA,Facebook Ads,OFW Land base,japan tobacco int'l,20-80 Pagibig Financing,N/A,N/A,N/A
05/22/2026 08:51:53,05/22/2026,Client 252,35,"PHP 138,500",Single,N/a,BATULAO,Facebook Ads,OFW Sea Base,maersk line,Deferred Cash,N/a,N/a,N/a
05/29/2026 16:45:50,05/29/2026,Client 253,30,"PHP 245,000",Widow,n/a,GEN TRI,Facebook Ads,OFW Land base,enoc,20-80 Pagibig Financing,n/a,n/a,n/a
05/31/2026 18:54:44,05/31/2026,Client 254,44,"PHP 217,000",Widow,N/A,LIPA,Facebook Ads,Self Employed/ Business Owner,tricycle operator,20-80 Pagibig Financing,N/A,N/A,N/A
06/07/2026 16:17,06/07/2026,Client 255,45,"PHP 32,000",Married,2,LIPA,Broker/Agent,OFW Sea Base,msc cruises,20-80 Pagibig Financing,Spouse of Client 255,46,"PHP 19,000"
06/09/2026 11:51,06/09/2026,Client 256,50,"PHP 101,000",Single,n/a,LIPA,Broker/Agent,OFW Land base,kuwait oil company,Deferred Cash,n/a,n/a,n/a
06/09/2026 16:27,06/09/2026,Client 257,36,"PHP 186,000",Widow,N/A,BATULAO,Broker/Agent,OFW Sea Base,evergreen marine,20-80 Pagibig Financing,N/A,N/A,N/A
06/09/2026 15:53,06/09/2026,Client 258,55,"PHP 148,500",Single,N/a,LIPA,Referral,OFW Land base,Pricewaterhousecoopers uae,20-80 Pagibig Financing,N/a,N/a,N/a
06/10/2026 20:11,06/10/2026,Client 259,35,"PHP 240,000",Married,3,BALIWAG,Facebook Ads,OFW Land base,Emaar properties,20-80 Pagibig Financing,Spouse of Client 259,37,"PHP 202,000"
06/12/2026 18:36,06/12/2026,Client 260,54,"PHP 246,500",Single,n/a,BALIWAG,Facebook Ads,OFW Land base,kaiser permanente,10-90 Bank Financing,n/a,n/a,n/a
06/13/2026 17:20:36,06/13/2026,Client 261,31,"PHP 70,500",Single,N/A,BATULAO,Referral,Locally Employed,bdo unibank,20-80 Pagibig Financing,N/A,N/A,N/A
06/15/2026 17:28:30,06/15/2026,Client 262,29,"PHP 132,500",Married,7,BALIWAG,Facebook Ads,Locally Employed,Cebu pacific,10-90 Bank Financing,Spouse of Client 262,27,"PHP 130,500"
06/25/2026 20:21:56,06/25/2026,Client 263,55,"PHP 134,000",Married,3,MAGALANG EAST,Broker/Agent,OFW Sea Base,philippine airlines (int'l),10-90 Bank Financing,Spouse of Client 263,51,"PHP 165,000"
07/05/2026 16:00,07/05/2026,Client 264,53,"PHP 40,000",Single,N/a,BALIWAG,Facebook Ads,Self Employed/ Business Owner,family catering services,10-90 Bank Financing,N/a,N/a,N/a
07/07/2026 15:59,07/07/2026,Client 265,50,"PHP 249,000",Single,n/a,CALAMBA,Facebook Ads,OFW Land base,Japan tobacco int'l,10-90 Bank Financing,n/a,n/a,n/a
07/09/2026 15:25,07/09/2026,Client 266,25,"PHP 36,500",Married,7,LIPA,Referral,OFW Land base,al futtaim group,Deferred Cash,Spouse of Client 266,22,"PHP 35,500"
07/12/2026 8:44,07/12/2026,Client 267,53,"PHP 35,500",Married,5,BALIWAG,Referral,Locally Employed,The medical city,20-80 Pagibig Financing,Spouse of Client 267,55,"PHP 39,000"
07/12/2026 8:02,07/12/2026,Client 268,27,"PHP 40,500",Married,6,BALANGA,Referral,OFW Land base,jumeirah group,20-80 Pagibig Financing,Spouse of Client 268,31,"PHP 23,000"
07/13/2026 15:45:45,07/13/2026,Client 269,53,"PHP 51,000",Married,2,BALIWAG,Facebook Ads,OFW Land base,bechtel middle east,20-80 Pagibig Financing,Spouse of Client 269,48,"PHP 48,500"
07/23/2026 11:43:47,07/23/2026,Client 270,29,"PHP 183,000",Married,5,LIPA,Referral,Self Employed/ Business Owner,Family agricultural Business,20-80 Pagibig Financing,Spouse of Client 270,30,"PHP 119,500"
07/25/2026 14:19:02,07/25/2026,Client 271,33,"PHP 234,500",Married,5,BALIWAG,Facebook Ads,OFW Land base,qatar PETROLEUM,20-80 Pagibig Financing,Spouse of Client 271,38,"PHP 227,000"
07/26/2026 16:36:52,07/26/2026,Client 272,42,"PHP 19,000",Married,6,NAIC,Referral,Locally Employed,Universal Robina Corp,20-80 Pagibig Financing,Spouse of Client 272,37,"PHP 12,000"
07/26/2026 09:55:16,07/26/2026,Client 273,46,"PHP 191,000",Married,5,GEN TRI,Facebook Ads,OFW Sea Base,philippine airlines (int'l),20-80 Pagibig Financing,Spouse of Client 273,44,"PHP 126,500"
07/28/2026 11:56:51,07/28/2026,Client 274,55,"PHP 24,500",Married,6,LIPA,Facebook Ads,Locally Employed,department of education,10-90 Bank Financing,Spouse of Client 274,50,"PHP 32,000"
07/28/2026 10:56:10,07/28/2026,Client 275,25,"PHP 36,000",Single,n/a,MAGALANG EAST,Broker/Agent,Locally Employed,jollibee foods corp,10-90 Bank Financing,n/a,n/a,n/a
08/02/2026 13:13,08/02/2026,Client 276,50,"PHP 111,500",Single,n/a,PANDI EXPANSION,Facebook Ads,OFW Sea Base,Maersk Line,20-80 Pagibig Financing,n/a,n/a,n/a
08/09/2026 13:24,08/09/2026,Client 277,30,"PHP 23,500",Single,N/a,LIPA,Facebook Ads,Self Employed/ Business Owner,Own accounting practice,20-80 Pagibig Financing,N/a,N/a,N/a
08/16/2026 16:18:40,08/16/2026,Client 278,29,"PHP 149,500",Married,4,BATULAO,Referral,OFW Sea Base,carnival cruise line,20-80 Pagibig Financing,Spouse of Client 278,28,"PHP 194,000"
08/18/2026 12:23:15,08/18/2026,Client 279,49,"PHP 95,000",Married,6,PANDI EXPANSION,Facebook Ads,Self Employed/ Business Owner,family catering services,10-90 Bank Financing,Spouse of Client 279,50,"PHP 55,500"
08/20/2026 15:51:50,08/20/2026,Client 280,33,"PHP 111,500",Single,n/a,BATULAO,Facebook Ads,Locally Employed,universal robina corp,20-80 Pagibig Financing,n/a,n/a,n/a
08/21/2026 16:20:56,08/21/2026,Client 281,52,"PHP 246,000",Married,2,LIPA,Facebook Ads,OFW Sea Base,philippine airlines (int'l),20-80 Pagibig Financing,Spouse of Client 281,53,"PHP 199,000"
08/21/2026 12:01:28,08/21/2026,Client 282,31,"PHP 162,000",Widow,N/a,GEN TRI,Facebook Ads,OFW Land base,apple inc.,10-90 Bank Financing,N/a,N/a,N/a
08/21/2026 15:52:25,08/21/2026,Client 283,53,"PHP 54,500",Single,N/a,BALIWAG,Referral,Self Employed/ Business Owner,Family agricultural business,20-80 Pagibig Financing,N/a,N/a,N/a
08/22/2026 14:44:21,08/22/2026,Client 284,31,"PHP 184,000",Single,N/A,BALIWAG,Facebook Ads,OFW Land base,emaar properties,Deferred Cash,N/A,N/A,N/A
08/26/2026 18:10:55,08/26/2026,Client 285,53,"PHP 133,500",Single,n/a,BATULAO,Referral,Locally Employed,St. Luke's medical Center,20-80 Pagibig Financing,n/a,n/a,n/a
08/27/2026 09:49:47,08/27/2026,Client 286,38,"PHP 119,000",Married,7,BALIWAG,Facebook Ads,Locally Employed,holcim philippines,20-80 Pagibig Financing,Spouse of Client 286,37,"PHP 140,500"
09/03/2026 14:17,09/03/2026,Client 287,42,"PHP 96,500",Married,7,MAGALANG EAST,Referral,OFW Land base,Sohar Aluminum,20-80 Pagibig Financing,Spouse of Client 287,39,"PHP 106,500"
09/03/2026 13:02,09/03/2026,Client 288,33,"PHP 146,500",Widow,N/a,MAGALANG EAST,Referral,OFW Land base,emaar properties,20-80 Pagibig Financing,N/a,N/a,N/a
09/04/2026 14:38,09/04/2026,Client 289,36,"PHP 102,000",Married,2,LIPA,Facebook Ads,Locally Employed,holcim philippines,10-90 Bank Financing,Spouse of Client 289,40,"PHP 118,500"
09/06/2026 13:20,09/06/2026,Client 290,37,"PHP 66,000",Single,n/a,BATULAO,Referral,Locally Employed,St. luke's Medical Center,10-90 Bank Financing,n/a,n/a,n/a
09/11/2026 12:47,09/11/2026,Client 291,50,"PHP 210,500",Widow,4,LIPA,Facebook Ads,OFW Sea Base,evergreen marine,20-80 Pagibig Financing,N/A,N/A,N/A
09/13/2026 17:28:17,09/13/2026,Client 292,35,"PHP 125,000",Single,N/A,GEN TRI,Facebook Ads,OFW Sea Base,maersk line,20-80 Pagibig Financing,N/A,N/A,N/A
09/21/2026 11:42:23,09/21/2026,Client 293,43,"PHP 26,000",Widow,2,NAIC,Facebook Ads,Locally Employed,ayala land construction,20-80 Pagibig Financing,N/a,N/a,N/a
09/22/2026 09:01:07,09/22/2026,Client 294,40,"PHP 39,000",Single,N/a,CALAMBA,Facebook Ads,OFW Land base,prosegur uae,20-80 Pagibig Financing,N/a,N/a,N/a
09/23/2026 11:14:49,09/23/2026,Client 295,52,"PHP 88,000",Married,7,GEN TRI,Broker/Agent,OFW Land base,al futtaim group,Deferred Cash,Spouse of Client 295,54,"PHP 59,500"
09/24/2026 08:37:25,09/24/2026,Client 296,43,"PHP 149,000",Single,N/a,STO. TOMAS,Referral,Locally Employed,san miguel corporation,20-80 Pagibig Financing,N/a,N/a,N/a
09/24/2026 14:58:48,09/24/2026,Client 297,44,"PHP 128,500",Single,N/a,BALIWAG,Broker/Agent,OFW Land base,Pricewaterhousecoopers uae,20-80 Pagibig Financing,N/a,N/a,N/a
10/01/2026 15:27,10/01/2026,Client 298,43,"PHP 116,000",Married,6,CALAMBA,Facebook Ads,Self Employed/ Business Owner,own accounting practice,20-80 Pagibig Financing,Spouse of Client 298,46,"PHP 81,500"
10/01/2026 15:17,10/01/2026,Client 299,38,"PHP 111,500",Single,n/a,MAGALANG EAST,Facebook Ads,OFW Land base,Al rajhi bank,20-80 Pagibig Financing,n/a,n/a,n/a
10/02/2026 10:32,10/02/2026,Client 300,47,"PHP 208,500",Widow,n/a,IMPRESSIONS HERMOSA,Facebook Ads,OFW Sea Base,Maersk line,Deferred Cash,n/a,n/a,n/a
10/02/2026 15:30,10/02/2026,Client 301,37,"PHP 68,000",Single,n/a,STO. TOMAS,Referral,OFW Land base,Samsung c&t (saudi),20-80 Pagibig Financing,n/a,n/a,n/a
10/10/2026 10:45,10/10/2026,Client 302,46,"PHP 169,000",Single,N/a,PANDI EXPANSION,Facebook Ads,OFW Land base,walmart us,Deferred Cash,N/a,N/a,N/a
10/12/2026 8:39,10/12/2026,Client 303,40,"PHP 27,000",Married,4,CALAMBA,Referral,Self Employed/ Business Owner,online seller,10-90 Bank Financing,Spouse of Client 303,40,"PHP 24,500"
10/15/2026 14:08:11,10/15/2026,Client 304,47,"PHP 214,000",Single,N/a,PANDI EXPANSION,Facebook Ads,OFW Land base,enoc,20-80 Pagibig Financing,N/a,N/a,N/a
10/17/2026 17:32:07,10/17/2026,Client 305,33,"PHP 139,000",Single,n/a,PANDI EXPANSION,Broker/Agent,OFW Land base,jumeirah group,20-80 Pagibig Financing,n/a,n/a,n/a
10/18/2026 17:12:41,10/18/2026,Client 306,50,"PHP 72,500",Married,7,MAGALANG EAST,Other:,OFW Land base,Samsung c&t (saudi),20-80 Pagibig Financing,Spouse of Client 306,54,"PHP 66,000"
10/19/2026 16:49:34,10/19/2026,Client 307,48,"PHP 179,000",Single,N/A,MAGALANG EAST,Facebook Ads,OFW Land base,emaar Properties,20-80 Pagibig Financing,N/A,N/A,N/A
10/19/2026 17:19:42,10/19/2026,Client 308,47,"PHP 135,500",Married,4,BALIWAG,Referral,OFW Sea Base,philippine airlines (int'l),20-80 Pagibig Financing,Spouse of Client 308,48,"PHP 152,500"
10/20/2026 12:27:36,10/20/2026,Client 309,32,"PHP 223,000",Single,n/a,LIPA,Referral,OFW Land base,Pricewaterhousecoopers uae,20-80 Pagibig Financing,n/a,n/a,n/a
10/24/2026 08:55:00,10/24/2026,Client 310,40,"PHP 18,000",Married,2,MAGALANG EAST,Broker/Agent,Locally Employed,metrobank,20-80 Pagibig Financing,Spouse of Client 310,40,"PHP 19,500"
10/24/2026 08:42:20,10/24/2026,Client 311,45,"PHP 252,000",Married,4,BALIWAG,Facebook Ads,Self Employed/ Business Owner,family agricultural business,20-80 Pagibig Financing,Spouse of Client 311,49,"PHP 286,000"
10/25/2026 17:46:58,10/25/2026,Client 312,45,"PHP 30,000",Married,5,BATULAO,Facebook Ads,OFW Sea Base,philippine airlines (int'l),10-90 Bank Financing,Spouse of Client 312,46,"PHP 17,000"
10/26/2026 17:12:53,10/26/2026,Client 313,48,"PHP 267,000",Single,N/A,BATULAO,Broker/Agent,Self Employed/ Business Owner,sari-sari store,10-90 Bank Financing,N/A,N/A,N/A
10/26/2026 19:44:28,10/26/2026,Client 314,50,"PHP 33,000",Married,3,BATULAO,Facebook Ads,OFW Land base,hyundai engineering korea,20-80 Pagibig Financing,Spouse of Client 314,46,"PHP 16,500"
10/27/2026 20:27:13,10/27/2026,Client 315,44,"PHP 55,500",Married,5,LIPA,Referral,OFW Land base,samsung hq seoul,10-90 Bank Financing,Spouse of Client 315,42,"PHP 41,000"
10/28/2026 17:15:21,10/28/2026,Client 316,33,"PHP 107,000",Single,n/a,LIPA,Referral,OFW Land base,samsung c&t (saudi),20-80 Pagibig Financing,n/a,n/a,n/a
10/29/2026 14:21:05,10/29/2026,Client 317,47,"PHP 168,500",Single,N/a,MAGALANG EAST,Facebook Ads,OFW Land base,Al Rajhi bank,20-80 Pagibig Financing,N/a,N/a,N/a
10/31/2026 16:04:52,10/31/2026,Client 318,31,"PHP 243,500",Single,N/A,GEN TRI,Other:,OFW Land base,al Rajhi bank,10-90 Bank Financing,N/A,N/A,N/A
11/01/2026 18:07,11/01/2026,Client 319,37,"PHP 66,500",Married,2,BALIWAG,Facebook Ads,OFW Land base,Sohar Aluminum,10-90 Bank Financing,Spouse of Client 319,36,"PHP 42,500"
11/07/2026 14:55,11/07/2026,Client 320,37,"PHP 47,500",Married,7,BATULAO,Facebook Ads,OFW Land base,walmart us,20-80 Pagibig Financing,Spouse of Client 320,42,"PHP 48,000"
11/21/2026 17:48:24,11/21/2026,Client 321,43,"PHP 32,500",Single,n/a,PANDI EXPANSION,Broker/Agent,OFW Sea Base,Msc cruises,Deferred Cash,n/a,n/a,n/a
11/23/2026 19:17:17,11/23/2026,Client 322,39,"PHP 49,500",Single,N/a,LIPA,Facebook Ads,OFW Land base,Consolidated contractors,10-90 Bank Financing,N/a,N/a,N/a
11/23/2026 20:55:54,11/23/2026,Client 323,47,"PHP 164,000",Single,N/A,CALAMBA,Facebook Ads,OFW Land base,PROSEGUR uae,Deferred Cash,N/A,N/A,N/A
11/27/2026 09:45:06,11/27/2026,Client 324,40,"PHP 30,500",Married,7,BATULAO,Facebook Ads,OFW Land base,enoc,20-80 Pagibig Financing,Spouse of Client 324,38,"PHP 22,500"
11/29/2026 13:49:46,11/29/2026,Client 325,49,"PHP 192,500",Single,n/a,CALAMBA,Referral,OFW Sea Base,maersk line,20-80 Pagibig Financing,n/a,n/a,n/a
11/29/2026 20:34:05,11/29/2026,Client 326,49,"PHP 20,500",Married,4,TAYABAS,Broker/Agent,Locally Employed,Holcim philippines,10-90 Bank Financing,Spouse of Client 326,51,"PHP 21,000"
12/02/2026 10:44,12/02/2026,Client 327,28,"PHP 34,000",Married,6,PANDI EXPANSION,Referral,Locally Employed,armed forces of the philippines,20-80 Pagibig Financing,Spouse of Client 327,30,"PHP 31,500"
12/02/2026 10:50,12/02/2026,Client 328,35,"PHP 72,000",Married,3,BALIWAG,Facebook Ads,Locally Employed,Globe telecom,20-80 Pagibig Financing,Spouse of Client 328,33,"PHP 56,000"
12/04/2026 14:44,12/04/2026,Client 329,39,"PHP 155,500",Married,6,BALIWAG,Facebook Ads,OFW Land base,Pricewaterhousecoopers uae,20-80 Pagibig Financing,Spouse of Client 329,39,"PHP 164,500"
12/05/2026 14:39,12/05/2026,Client 330,46,"PHP 135,000",Single,N/A,LIPA,Referral,Locally Employed,land bank of the philippines,20-80 Pagibig Financing,N/A,N/A,N/A
12/10/2026 15:36,12/10/2026,Client 331,43,"PHP 143,000",Widow,n/a,LIPA,Facebook Ads,OFW Land base,sohar aluminum,20-80 Pagibig Financing,n/a,n/a,n/a
12/24/2026 16:26:39,12/24/2026,Client 332,54,"PHP 64,500",Married,2,BALIWAG,Facebook Ads,OFW Land base,Consolidated contractors,10-90 Bank Financing,Spouse of Client 332,52,"PHP 74,000"
12/25/2026 20:47:07,12/25/2026,Client 333,45,"PHP 140,000",Single,n/a,BALANGA,Broker/Agent,OFW Land base,Kuwait oil company,10-90 Bank Financing,n/a,n/a,n/a
12/27/2026 11:33:33,12/27/2026,Client 334,46,"PHP 216,500",Married,7,PANDI EXPANSION,Facebook Ads,OFW Land base,Sohar aluminum,20-80 Pagibig Financing,Spouse of Client 334,50,"PHP 182,000"
12/31/2026 17:38:33,12/31/2026,Client 335,29,"PHP 130,000",Married,4,BALIWAG,Referral,Locally Employed,st. Luke's medical Center,20-80 Pagibig Financing,Spouse of Client 335,26,"PHP 128,000"
01/01/2027 15:15,01/01/2027,Client 336,42,"PHP 135,500",Single,n/a,GAPAN,Facebook Ads,OFW Land base,enoc,20-80 Pagibig Financing,n/a,n/a,n/a
01/02/2027 17:42,01/02/2027,Client 337,54,"PHP 172,500",Married,7,LIPA,Facebook Ads,OFW Land base,Qatar petroleum,20-80 Pagibig Financing,Spouse of Client 337,57,"PHP 203,000"
01/02/2027 8:29,01/02/2027,Client 338,27,"PHP 134,000",Married,6,LIPA,Facebook Ads,OFW Land base,four seasons dubai,20-80 Pagibig Financing,Spouse of Client 338,26,"PHP 69,000"
01/04/2027 15:03,01/04/2027,Client 339,32,"PHP 138,500",Single,N/a,STO. TOMAS,Facebook Ads,Locally Employed,department of education,20-80 Pagibig Financing,N/a,N/a,N/a
01/07/2027 13:47,01/07/2027,Client 340,49,"PHP 37,000",Single,N/A,BATULAO,Facebook Ads,Self Employed/ Business Owner,own business operations,20-80 Pagibig Financing,N/A,N/A,N/A
01/15/2027 14:35:11,01/15/2027,Client 341,43,"PHP 59,500",Married,6,BATULAO,Broker/Agent,Self Employed/ Business Owner,Own business operations,20-80 Pagibig Financing,Spouse of Client 341,40,"PHP 50,500"
01/16/2027 15:37:40,01/16/2027,Client 342,53,"PHP 104,000",Married,3,PANDI EXPANSION,Facebook Ads,Locally Employed,accenture Philippines,10-90 Bank Financing,Spouse of Client 342,56,"PHP 78,500"
01/18/2027 11:35:21,01/18/2027,Client 343,42,"PHP 36,500",Married,3,PANDI EXPANSION,Facebook Ads,Locally Employed,globe telecom,20-80 Pagibig Financing,Spouse of Client 343,42,"PHP 23,500"
01/22/2027 20:42:31,01/22/2027,Client 344,55,"PHP 121,000",Married,4,BALIWAG,Facebook Ads,Locally Employed,holcim philippines,20-80 Pagibig Financing,Spouse of Client 344,51,"PHP 131,000"
01/24/2027 19:57:39,01/24/2027,Client 345,37,"PHP 118,500",Married,3,MAGALANG EAST,Facebook Ads,Locally Employed,AYALA land construction,10-90 Bank Financing,Spouse of Client 345,32,"PHP 122,500"
01/26/2027 16:18:13,01/26/2027,Client 346,29,"PHP 237,500",Married,6,BATULAO,Broker/Agent,Self Employed/ Business Owner,independent contractor,20-80 Pagibig Financing,Spouse of Client 346,30,"PHP 156,500"
01/27/2027 10:07:10,01/27/2027,Client 347,33,"PHP 170,000",Married,6,LIPA,Facebook Ads,OFW Land base,four seasons dubai,20-80 Pagibig Financing,Spouse of Client 347,28,"PHP 109,000"
01/31/2027 09:06:15,01/31/2027,Client 348,51,"PHP 105,500",Single,N/A,LIPA,Broker/Agent,OFW Land base,Bechtel Middle East,10-90 Bank Financing,N/A,N/A,N/A
01/31/2027 08:21:38,01/31/2027,Client 349,31,"PHP 130,000",Married,2,GEN TRI,Facebook Ads,OFW Land base,sohar Aluminum,10-90 Bank Financing,Spouse of Client 349,32,"PHP 109,500"
02/01/2027 14:36,02/01/2027,Client 350,31,"PHP 219,500",Married,6,PANDI EXPANSION,Facebook Ads,OFW Sea Base,philippine airlines (int'l),10-90 Bank Financing,Spouse of Client 350,34,"PHP 176,500"
02/04/2027 13:55,02/04/2027,Client 351,47,"PHP 246,500",Single,n/a,SAN PABLO EAST,Facebook Ads,Self Employed/ Business Owner,sari-sari STORE,10-90 Bank Financing,n/a,n/a,n/a
02/11/2027 9:04,02/11/2027,Client 352,49,"PHP 34,500",Single,n/a,BATULAO,Facebook Ads,Locally Employed,bureau of internal revenue,20-80 Pagibig Financing,n/a,n/a,n/a
02/18/2027 16:08:34,02/18/2027,Client 353,41,"PHP 163,000",Married,4,PANDI EXPANSION,Facebook Ads,OFW Land base,SAMSUNG c&t (saudi),20-80 Pagibig Financing,Spouse of Client 353,39,"PHP 209,500"
02/20/2027 20:18:21,02/20/2027,Client 354,51,"PHP 72,500",Single,N/A,GAPAN,Other:,OFW Sea Base,evergreen marine,10-90 Bank Financing,N/A,N/A,N/A
02/23/2027 18:09:08,02/23/2027,Client 355,48,"PHP 34,000",Single,n/a,LIPA,Facebook Ads,OFW Land base,SAMSUNG hq seoul,20-80 Pagibig Financing,n/a,n/a,n/a
03/05/2027 16:18,03/05/2027,Client 356,34,"PHP 54,000",Widow,N/A,GEN TRI,Facebook Ads,OFW Land base,samsung c&t (saudi),Deferred Cash,N/A,N/A,N/A
03/12/2027 17:17,03/12/2027,Client 357,45,"PHP 116,500",Single,N/A,BATULAO,Referral,OFW Land base,qatar petroleum,20-80 Pagibig Financing,N/A,N/A,N/A
03/14/2027 09:24:41,03/14/2027,Client 358,48,"PHP 93,500",Widow,n/a,BALIWAG,Broker/Agent,Self Employed/ Business Owner,Family catering services,20-80 Pagibig Financing,n/a,n/a,n/a
03/17/2027 12:00:32,03/17/2027,Client 359,48,"PHP 106,000",Married,5,PANDI EXPANSION,Facebook Ads,OFW Sea Base,Carnival cruise line,20-80 Pagibig Financing,Spouse of Client 359,43,"PHP 84,000"
03/22/2027 18:53:10,03/22/2027,Client 360,51,"PHP 120,000",Single,n/a,LIPA,Facebook Ads,OFW Land base,japan tobacco int'l,Deferred Cash,n/a,n/a,n/a
03/25/2027 15:44:52,03/25/2027,Client 361,51,"PHP 48,500",Married,2,LIPA,Facebook Ads,OFW Land base,Japan Tobacco int'l,20-80 Pagibig Financing,Spouse of Client 361,49,"PHP 47,500"
03/25/2027 12:01:18,03/25/2027,Client 362,44,"PHP 227,000",Married,2,MAGALANG EAST,Facebook Ads,OFW Land base,Aramco,20-80 Pagibig Financing,Spouse of Client 362,49,"PHP 291,000"
03/27/2027 08:32:29,03/27/2027,Client 363,25,"PHP 67,500",Single,N/a,BALIWAG,Facebook Ads,Locally Employed,san miguel corporation,20-80 Pagibig Financing,N/a,N/a,N/a
04/06/2027 9:17,04/06/2027,Client 364,51,"PHP 76,000",Married,4,BATULAO,Referral,OFW Land base,emirates airlines,20-80 Pagibig Financing,Spouse of Client 364,48,"PHP 46,000"
04/06/2027 12:09,04/06/2027,Client 365,41,"PHP 58,000",Married,4,BATULAO,Referral,OFW Land base,Al futtaim group,20-80 Pagibig Financing,Spouse of Client 365,40,"PHP 74,000"
04/08/2027 13:01,04/08/2027,Client 366,32,"PHP 234,500",Single,N/A,MAGALANG EAST,Referral,OFW Land base,sohar aluminum,20-80 Pagibig Financing,N/A,N/A,N/A
04/16/2027 08:24:52,04/16/2027,Client 367,49,"PHP 16,500",Single,n/a,LIPA,Broker/Agent,Self Employed/ Business Owner,freelance services,20-80 Pagibig Financing,n/a,n/a,n/a
04/26/2027 10:49:02,04/26/2027,Client 368,25,"PHP 135,000",Married,3,MAGALANG EAST,Broker/Agent,OFW Land base,sohar aluminum,20-80 Pagibig Financing,Spouse of Client 368,28,"PHP 125,500"
04/28/2027 20:44:50,04/28/2027,Client 369,53,"PHP 168,000",Single,N/a,PANDI EXPANSION,Facebook Ads,OFW Land base,Four seasons dubai,20-80 Pagibig Financing,N/a,N/a,N/a
04/29/2027 18:50:56,04/29/2027,Client 370,33,"PHP 65,500",Single,N/a,CALAMBA,Referral,Locally Employed,department of education,20-80 Pagibig Financing,N/a,N/a,N/a
04/30/2027 17:02:12,04/30/2027,Client 371,26,"PHP 126,000",Single,N/A,BALIWAG,Broker/Agent,OFW Land base,Japan tobacco int'l,Deferred Cash,N/A,N/A,N/A
05/02/2027 19:18,05/02/2027,Client 372,49,"PHP 83,500",Single,N/a,BATULAO,Facebook Ads,OFW Land base,Samsung hq seoul,20-80 Pagibig Financing,N/a,N/a,N/a
05/02/2027 13:12,05/02/2027,Client 373,32,"PHP 135,000",Married,2,PANDI EXPANSION,Referral,Self Employed/ Business Owner,own accounting practice,Cash,Spouse of Client 373,29,"PHP 96,000"
05/07/2027 12:55,05/07/2027,Client 374,50,"PHP 127,500",Widow,n/a,SAN PABLO EAST,Facebook Ads,Self Employed/ Business Owner,Independent contractor,20-80 Pagibig Financing,n/a,n/a,n/a
05/14/2027 09:17:08,05/14/2027,Client 375,38,"PHP 97,500",Married,3,PANDI EXPANSION,Facebook Ads,Self Employed/ Business Owner,sari-sari store,20-80 Pagibig Financing,Spouse of Client 375,39,"PHP 56,000"
05/16/2027 09:39:45,05/16/2027,Client 376,25,"PHP 122,000",Widow,2,MAGALANG EAST,Facebook Ads,OFW Land base,aster dm healthcare,Deferred Cash,N/a,N/a,N/a
05/17/2027 18:32:32,05/17/2027,Client 377,36,"PHP 131,000",Single,N/a,MAGALANG EAST,Facebook Ads,Locally Employed,Philippine Airlines,10-90 Bank Financing,N/a,N/a,N/a
05/23/2027 13:52:11,05/23/2027,Client 378,37,"PHP 114,500",Single,N/A,CALAMBA,Broker/Agent,Locally Employed,Philippine general hospital,20-80 Pagibig Financing,N/A,N/A,N/A
05/24/2027 10:44:38,05/24/2027,Client 379,33,"PHP 211,000",Married,6,GAPAN,Facebook Ads,OFW Land base,enoc,10-90 Bank Financing,Spouse of Client 379,38,"PHP 116,500"
05/24/2027 17:30:27,05/24/2027,Client 380,27,"PHP 188,500",Married,2,PANDI EXPANSION,Facebook Ads,OFW Land base,hyundai engineering,10-90 Bank Financing,Spouse of Client 380,25,"PHP 212,000"
05/31/2027 12:06:35,05/31/2027,Client 381,39,"PHP 52,000",Married,2,LIPA,Referral,OFW Land base,emirates airlines,20-80 Pagibig Financing,Spouse of Client 381,36,"PHP 45,000"
06/06/2027 16:13,06/06/2027,Client 382,50,"PHP 54,000",Single,N/A,LIPA,Referral,OFW Land base,emaar properties,20-80 Pagibig Financing,N/A,N/A,N/A
06/06/2027 13:37,06/06/2027,Client 383,48,"PHP 122,500",Single,n/a,PANDI EXPANSION,Facebook Ads,OFW Land base,hyundai engineering Korea,20-80 Pagibig Financing,n/a,n/a,n/a
06/09/2027 10:37,06/09/2027,Client 384,30,"PHP 91,000",Single,N/A,BATULAO,Facebook Ads,Locally Employed,metrobank,20-80 Pagibig Financing,N/A,N/A,N/A
06/09/2027 14:24,06/09/2027,Client 385,33,"PHP 72,500",Married,7,LIPA,Referral,OFW Land base,EMIRATES AIRLINES,20-80 Pagibig Financing,Spouse of Client 385,36,"PHP 93,000"
06/11/2027 12:45,06/11/2027,Client 386,40,"PHP 104,000",Widow,N/A,BATULAO,Broker/Agent,OFW Land base,Emaar properties,20-80 Pagibig Financing,N/A,N/A,N/A
06/12/2027 14:34,06/12/2027,Client 387,25,"PHP 50,500",Married,5,LIPA,Facebook Ads,Locally Employed,accenture philippines,20-80 Pagibig Financing,Spouse of Client 387,23,"PHP 54,500"
06/12/2027 18:46,06/12/2027,Client 388,38,"PHP 50,500",Married,2,PANDI EXPANSION,Facebook Ads,OFW Land base,Sohar aluminum,10-90 Bank Financing,Spouse of Client 388,40,"PHP 33,500"
06/13/2027 20:43:04,06/13/2027,Client 389,34,"PHP 217,000",Married,6,BATULAO,Facebook Ads,OFW Land base,Petrofac,20-80 Pagibig Financing,Spouse of Client 389,36,"PHP 194,500"
06/13/2027 20:41:36,06/13/2027,Client 390,28,"PHP 145,500",Married,3,BATULAO,Facebook Ads,Locally Employed,metrobank,20-80 Pagibig Financing,Spouse of Client 390,23,"PHP 98,000"
06/28/2027 13:22:37,06/28/2027,Client 391,55,"PHP 20,500",Single,N/A,BALANGA,Facebook Ads,Locally Employed,Universal Robina corp,20-80 Pagibig Financing,N/A,N/A,N/A
07/01/2027 9:02,07/01/2027,Client 392,51,"PHP 88,500",Married,3,BATULAO,Facebook Ads,Self Employed/ Business Owner,tricycle operator,Cash,Spouse of Client 392,49,"PHP 55,500"
07/02/2027 14:46,07/02/2027,Client 393,29,"PHP 140,500",Married,7,BATULAO,Broker/Agent,OFW Land base,hyundai engineering,20-80 Pagibig Financing,Spouse of Client 393,30,"PHP 91,000"
07/12/2027 10:37,07/12/2027,Client 394,54,"PHP 34,000",Single,n/a,MAGALANG EAST,Referral,OFW Land base,aster dm healthcare,20-80 Pagibig Financing,n/a,n/a,n/a
07/12/2027 13:11,07/12/2027,Client 395,44,"PHP 44,000",Single,n/a,PANDI EXPANSION,Referral,Self Employed/ Business Owner,own ACCOUNTING PRACTICE,20-80 Pagibig Financing,n/a,n/a,n/a
07/13/2027 12:02:44,07/13/2027,Client 396,36,"PHP 118,000",Single,N/a,BATULAO,Broker/Agent,Locally Employed,Meralco,20-80 Pagibig Financing,N/a,N/a,N/a
07/21/2027 19:26:52,07/21/2027,Client 397,37,"PHP 88,500",Single,N/A,NAIC,Broker/Agent,OFW Land base,adnoc,20-80 Pagibig Financing,N/A,N/A,N/A
07/31/2027 16:51:53,07/31/2027,Client 398,28,"PHP 16,000",Married,5,MAGALANG EAST,Facebook Ads,Self Employed/ Business Owner,family catering services,Cash,Spouse of Client 398,23,"PHP 12,000"
08/03/2027 15:00,08/03/2027,Client 399,39,"PHP 31,000",Single,n/a,CALAMBA,Facebook Ads,OFW Land base,prosegur uae,20-80 Pagibig Financing,n/a,n/a,n/a
08/03/2027 16:55,08/03/2027,Client 400,40,"PHP 143,500",Married,6,LIPA,Facebook Ads,OFW Land base,Pricewaterhousecoopers uae,10-90 Bank Financing,Spouse of Client 400,38,"PHP 137,000"
08/05/2027 14:51,08/05/2027,Client 401,34,"PHP 197,500",Married,3,GAPAN,Facebook Ads,OFW Land base,emaar properties,20-80 Pagibig Financing,Spouse of Client 401,36,"PHP 219,500"
08/12/2027 18:46,08/12/2027,Client 402,39,"PHP 118,000",Single,N/a,PANDI EXPANSION,Facebook Ads,OFW Sea Base,Philippine airlines (int'l),20-80 Pagibig Financing,N/a,N/a,N/a
08/15/2027 19:57:53,08/15/2027,Client 403,28,"PHP 136,500",Married,4,PANDI EXPANSION,Broker/Agent,Self Employed/ Business Owner,tricycle operator,20-80 Pagibig Financing,Spouse of Client 403,28,"PHP 144,500"
08/16/2027 15:33:23,08/16/2027,Client 404,30,"PHP 169,000",Married,6,IMPRESSIONS HERMOSA,Referral,OFW Land base,Kuwait oil company,Deferred Cash,Spouse of Client 404,25,"PHP 191,000"
08/21/2027 13:26:56,08/21/2027,Client 405,30,"PHP 136,500",Single,N/A,MAGALANG EAST,Facebook Ads,OFW Land base,bechtel middle east,20-80 Pagibig Financing,N/A,N/A,N/A
08/21/2027 10:41:53,08/21/2027,Client 406,53,"PHP 41,500",Widow,3,LIPA,Referral,Locally Employed,holcim philippines,20-80 Pagibig Financing,N/A,N/A,N/A
08/26/2027 15:07:05,08/26/2027,Client 407,33,"PHP 47,000",Married,6,CALAMBA,Facebook Ads,OFW Land base,four seasons dubai,20-80 Pagibig Financing,Spouse of Client 407,31,"PHP 48,500"
08/26/2027 17:03:02,08/26/2027,Client 408,35,"PHP 143,000",Married,5,BALIWAG,Facebook Ads,Locally Employed,Bdo unibank,10-90 Bank Financing,Spouse of Client 408,34,"PHP 92,000"
08/28/2027 20:28:28,08/28/2027,Client 409,35,"PHP 182,500",Single,N/A,BALIWAG,Broker/Agent,OFW Sea Base,evergreen marine,20-80 Pagibig Financing,N/A,N/A,N/A
08/28/2027 10:19:45,08/28/2027,Client 410,36,"PHP 80,500",Married,3,GEN TRI,Facebook Ads,Locally Employed,Philippine General hospital,10-90 Bank Financing,Spouse of Client 410,32,"PHP 65,500"
09/04/2027 19:36,09/04/2027,Client 411,43,"PHP 76,000",Married,6,CALAMBA,Referral,Locally Employed,sm investments Corp,10-90 Bank Financing,Spouse of Client 411,42,"PHP 96,000"
09/11/2027 18:03,09/11/2027,Client 412,30,"PHP 69,000",Married,7,BATULAO,Facebook Ads,Self Employed/ Business Owner,family agricultural business,20-80 Pagibig Financing,Spouse of Client 412,32,"PHP 34,500"
09/11/2027 11:45,09/11/2027,Client 413,43,"PHP 61,000",Single,N/a,MAGALANG EAST,Facebook Ads,Self Employed/ Business Owner,Family agricultural business,20-80 Pagibig Financing,N/a,N/a,N/a
09/18/2027 11:02:36,09/18/2027,Client 414,42,"PHP 248,500",Single,n/a,CALAMBA,Facebook Ads,OFW Land base,Jumeirah group,20-80 Pagibig Financing,n/a,n/a,n/a
10/02/2027 16:51,10/02/2027,Client 415,52,"PHP 101,500",Single,n/a,MAGALANG EAST,Facebook Ads,OFW Land base,Hyundai engineering,20-80 Pagibig Financing,n/a,n/a,n/a
10/03/2027 13:28,10/03/2027,Client 416,45,"PHP 239,500",Single,N/A,PANDI EXPANSION,Referral,OFW Land base,walmart us,20-80 Pagibig Financing,N/A,N/A,N/A
10/17/2027 15:47:13,10/17/2027,Client 417,40,"PHP 38,000",Single,N/a,MAGALANG EAST,Referral,OFW Sea Base,carnival cruise line,10-90 Bank Financing,N/a,N/a,N/a
10/20/2027 12:53:36,10/20/2027,Client 418,33,"PHP 37,000",Married,7,BATULAO,Facebook Ads,OFW Land base,aramco,10-90 Bank Financing,Spouse of Client 418,30,"PHP 45,500"
10/20/2027 14:47:16,10/20/2027,Client 419,49,"PHP 19,000",Single,n/a,MAGALANG EAST,Other:,Locally Employed,cebu PACIFIC,20-80 Pagibig Financing,n/a,n/a,n/a
10/22/2027 13:30:53,10/22/2027,Client 420,33,"PHP 60,000",Single,n/a,LIPA,Facebook Ads,Self Employed/ Business Owner,tricycle Operator,20-80 Pagibig Financing,n/a,n/a,n/a
10/26/2027 20:14:34,10/26/2027,Client 421,26,"PHP 83,500",Single,N/a,PANDI EXPANSION,Other:,Self Employed/ Business Owner,Independent contractor,10-90 Bank Financing,N/a,N/a,N/a
10/27/2027 18:25:14,10/27/2027,Client 422,51,"PHP 114,000",Married,3,MAGALANG EAST,Broker/Agent,Self Employed/ Business Owner,tricycle operator,20-80 Pagibig Financing,Spouse of Client 422,50,"PHP 80,500"
11/01/2027 16:31,11/01/2027,Client 423,52,"PHP 75,000",Married,7,PANDI EXPANSION,Referral,OFW Land base,Hyundai engineering korea,20-80 Pagibig Financing,Spouse of Client 423,52,"PHP 61,500"
11/02/2027 9:10,11/02/2027,Client 424,36,"PHP 217,500",Single,N/A,IMPRESSIONS HERMOSA,Broker/Agent,Self Employed/ Business Owner,Freelance services,20-80 Pagibig Financing,N/A,N/A,N/A
11/03/2027 15:27,11/03/2027,Client 425,50,"PHP 73,500",Single,N/A,BATULAO,Facebook Ads,Self Employed/ Business Owner,event Catering Entrepreneur,10-90 Bank Financing,N/A,N/A,N/A
11/03/2027 8:16,11/03/2027,Client 426,42,"PHP 250,000",Married,4,BALIWAG,Referral,OFW Land base,adnoc,20-80 Pagibig Financing,Spouse of Client 426,39,"PHP 126,000"
11/04/2027 11:50,11/04/2027,Client 427,51,"PHP 47,500",Single,n/a,BATULAO,Broker/Agent,OFW Land base,AMAZON fulfillment US,20-80 Pagibig Financing,n/a,n/a,n/a
11/05/2027 12:46,11/05/2027,Client 428,47,"PHP 79,500",Single,N/A,BATULAO,Facebook Ads,OFW Land base,four seasons dubai,Deferred Cash,N/A,N/A,N/A
11/06/2027 11:54,11/06/2027,Client 429,40,"PHP 129,500",Single,N/a,TAYABAS,Facebook Ads,OFW Land base,Al rajhi bank,10-90 Bank Financing,N/a,N/a,N/a
11/06/2027 16:26,11/06/2027,Client 430,45,"PHP 117,500",Married,5,PANDI EXPANSION,Facebook Ads,OFW Land base,Emirates Airlines,20-80 Pagibig Financing,Spouse of Client 430,47,"PHP 118,000"
11/07/2027 8:13,11/07/2027,Client 431,35,"PHP 243,500",Single,N/A,PANDI EXPANSION,Referral,OFW Land base,emirates airlines,10-90 Bank Financing,N/A,N/A,N/A
11/09/2027 8:02,11/09/2027,Client 432,39,"PHP 29,000",Married,7,GAPAN,Broker/Agent,Locally Employed,philippine national police,Cash,Spouse of Client 432,39,"PHP 27,500"
11/10/2027 11:40,11/10/2027,Client 433,33,"PHP 238,000",Married,7,MAGALANG EAST,Referral,OFW Land base,Sohar aluminum,20-80 Pagibig Financing,Spouse of Client 433,37,"PHP 128,000"
11/12/2027 14:24,11/12/2027,Client 434,49,"PHP 201,000",Married,4,BALIWAG,Broker/Agent,OFW Land base,pricewaterhousecoopers uae,20-80 Pagibig Financing,Spouse of Client 434,52,"PHP 208,000"
11/12/2027 20:44,11/12/2027,Client 435,25,"PHP 169,500",Married,5,BATULAO,Referral,OFW Land base,bechtel MIDDLE EAST,20-80 Pagibig Financing,Spouse of Client 435,27,"PHP 113,500"
11/15/2027 15:52:21,11/15/2027,Client 436,27,"PHP 57,500",Married,6,PANDI EXPANSION,Facebook Ads,OFW Land base,Apple inc.,10-90 Bank Financing,Spouse of Client 436,28,"PHP 74,000"
11/18/2027 19:56:49,11/18/2027,Client 437,47,"PHP 248,500",Married,5,NAIC,Broker/Agent,OFW Land base,kuwait oil company,20-80 Pagibig Financing,Spouse of Client 437,48,"PHP 230,000"
11/28/2027 20:16:31,11/28/2027,Client 438,43,"PHP 192,000",Married,2,MAGALANG EAST,Facebook Ads,OFW Land base,Al futtaim group,20-80 Pagibig Financing,Spouse of Client 438,41,"PHP 204,000"
12/01/2027 8:25,12/01/2027,Client 439,51,"PHP 55,500",Single,N/A,LIPA,Facebook Ads,Locally Employed,holcim philippines,20-80 Pagibig Financing,N/A,N/A,N/A
12/02/2027 20:54,12/02/2027,Client 440,37,"PHP 37,000",Married,3,MAGALANG EAST,Facebook Ads,OFW Land base,walmart us,10-90 Bank Financing,Spouse of Client 440,42,"PHP 41,000"
12/03/2027 15:47,12/03/2027,Client 441,37,"PHP 39,500",Married,3,PANDI EXPANSION,Facebook Ads,Self Employed/ Business Owner,sari-sari Store,20-80 Pagibig Financing,Spouse of Client 441,34,"PHP 50,500"
12/09/2027 15:01,12/09/2027,Client 442,44,"PHP 195,500",Single,n/a,BALIWAG,Facebook Ads,Locally Employed,holcim Philippines,20-80 Pagibig Financing,n/a,n/a,n/a
12/12/2027 10:33,12/12/2027,Client 443,48,"PHP 176,000",Married,2,GAPAN,Broker/Agent,Locally Employed,sm INVESTMENTS CORP,20-80 Pagibig Financing,Spouse of Client 443,46,"PHP 136,000"
12/27/2027 17:03:50,12/27/2027,Client 444,49,"PHP 173,500",Married,4,LIPA,Facebook Ads,OFW Land base,bechtel middle East,10-90 Bank Financing,Spouse of Client 444,44,"PHP 187,500"
01/03/2028 20:20,01/03/2028,Client 445,32,"PHP 105,500",Married,2,MAGALANG EAST,Facebook Ads,Locally Employed,Philippine general hospital,20-80 Pagibig Financing,Spouse of Client 445,37,"PHP 92,500"
01/04/2028 11:03,01/04/2028,Client 446,44,"PHP 163,500",Single,N/a,GEN TRI,Broker/Agent,Locally Employed,meralco,20-80 Pagibig Financing,N/a,N/a,N/a
01/06/2028 14:25,01/06/2028,Client 447,41,"PHP 96,500",Married,6,STO. TOMAS,Facebook Ads,OFW Land base,aramco,10-90 Bank Financing,Spouse of Client 447,40,"PHP 82,000"
01/14/2028 11:59:36,01/14/2028,Client 448,28,"PHP 46,000",Single,n/a,BATULAO,Facebook Ads,OFW Land base,enoc,20-80 Pagibig Financing,n/a,n/a,n/a
01/14/2028 12:54:09,01/14/2028,Client 449,29,"PHP 30,000",Married,6,LIPA,Facebook Ads,OFW Land base,aster dm healthcare,20-80 Pagibig Financing,Spouse of Client 449,26,"PHP 30,500"
01/17/2028 08:54:19,01/17/2028,Client 450,40,"PHP 90,500",Married,3,CALAMBA,Other:,Locally Employed,land bank of The philippines,20-80 Pagibig Financing,Spouse of Client 450,41,"PHP 88,500"
01/17/2028 19:15:06,01/17/2028,Client 451,41,"PHP 232,000",Married,6,LIPA,Facebook Ads,OFW Land base,Aramco,20-80 Pagibig Financing,Spouse of Client 451,42,"PHP 175,000"
01/19/2028 09:08:29,01/19/2028,Client 452,37,"PHP 97,000",Married,3,MAGALANG EAST,Broker/Agent,Locally Employed,bureau of internal revenue,20-80 Pagibig Financing,Spouse of Client 452,34,"PHP 97,000"
01/19/2028 13:46:16,01/19/2028,Client 453,34,"PHP 109,000",Married,2,LIPA,Facebook Ads,Locally Employed,Universal robina corp,20-80 Pagibig Financing,Spouse of Client 453,36,"PHP 104,000"
01/21/2028 17:32:07,01/21/2028,Client 454,37,"PHP 144,000",Single,N/A,LIPA,Facebook Ads,Locally Employed,jollibee foods corp,Cash,N/A,N/A,N/A
01/25/2028 12:41:05,01/25/2028,Client 455,27,"PHP 58,500",Single,N/a,STO. TOMAS,Broker/Agent,Locally Employed,asian hospital,10-90 Bank Financing,N/a,N/a,N/a
01/26/2028 14:42:32,01/26/2028,Client 456,39,"PHP 130,500",Married,2,LIPA,Facebook Ads,OFW Land base,qatar petroleum,20-80 Pagibig Financing,Spouse of Client 456,41,"PHP 113,500"
01/26/2028 18:07:07,01/26/2028,Client 457,25,"PHP 44,500",Married,7,CALAMBA,Broker/Agent,OFW Land base,kuwait oil company,20-80 Pagibig Financing,Spouse of Client 457,30,"PHP 40,500"
01/27/2028 09:48:15,01/27/2028,Client 458,36,"PHP 226,000",Married,7,GAPAN,Facebook Ads,OFW Sea Base,msc cruises,20-80 Pagibig Financing,Spouse of Client 458,40,"PHP 167,000"
02/03/2028 8:42,02/03/2028,Client 459,35,"PHP 264,000",Widow,3,LIPA,Facebook Ads,Self Employed/ Business Owner,Jeepney operator,10-90 Bank Financing,N/A,N/A,N/A
02/04/2028 12:25,02/04/2028,Client 460,40,"PHP 99,500",Single,N/A,GEN TRI,Facebook Ads,OFW Land base,emaar properties,20-80 Pagibig Financing,N/A,N/A,N/A
02/09/2028 11:15,02/09/2028,Client 461,36,"PHP 162,500",Single,N/a,BALIWAG,Facebook Ads,OFW Sea Base,maersk Line,20-80 Pagibig Financing,N/a,N/a,N/a
02/11/2028 12:04,02/11/2028,Client 462,32,"PHP 130,500",Widow,n/a,STO. TOMAS,Facebook Ads,OFW Land base,Al futtaim group,10-90 Bank Financing,n/a,n/a,n/a
02/12/2028 16:29,02/12/2028,Client 463,40,"PHP 17,000",Married,2,LIPA,Facebook Ads,Self Employed/ Business Owner,independent contractor,20-80 Pagibig Financing,Spouse of Client 463,45,"PHP 14,500"
02/13/2028 19:04:06,02/13/2028,Client 464,48,"PHP 165,500",Single,n/a,LIPA,Broker/Agent,OFW Land base,hyundai engineering korea,Deferred Cash,n/a,n/a,n/a
02/16/2028 17:03:17,02/16/2028,Client 465,35,"PHP 40,000",Married,3,BATULAO,Broker/Agent,Locally Employed,Land bank of the Philippines,20-80 Pagibig Financing,Spouse of Client 465,37,"PHP 20,500"
02/17/2028 11:16:21,02/17/2028,Client 466,50,"PHP 77,500",Married,2,LIPA,Facebook Ads,OFW Land base,al futtaim Group,20-80 Pagibig Financing,Spouse of Client 466,50,"PHP 90,000"
02/19/2028 17:05:33,02/19/2028,Client 467,27,"PHP 146,500",Married,2,SIGHTS CALAUAN,Facebook Ads,OFW Land base,bechtel Middle east,10-90 Bank Financing,Spouse of Client 467,25,"PHP 88,000"
02/21/2028 18:37:35,02/21/2028,Client 468,32,"PHP 107,500",Widow,n/a,PANDI EXPANSION,Referral,OFW Land base,enoc,20-80 Pagibig Financing,n/a,n/a,n/a
02/21/2028 17:52:57,02/21/2028,Client 469,31,"PHP 220,000",Widow,N/a,BALIWAG,Other:,OFW Sea Base,Msc cruises,20-80 Pagibig Financing,N/a,N/a,N/a
02/22/2028 08:20:20,02/22/2028,Client 470,54,"PHP 84,500",Married,4,BATULAO,Facebook Ads,Self Employed/ Business Owner,Independent contractor,10-90 Bank Financing,Spouse of Client 470,49,"PHP 50,000"
02/25/2028 14:03:23,02/25/2028,Client 471,25,"PHP 137,500",Married,2,CALAMBA,Facebook Ads,OFW Land base,Consolidated contractors,20-80 Pagibig Financing,Spouse of Client 471,23,"PHP 83,500"
03/03/2028 8:52,03/03/2028,Client 472,40,"PHP 29,000",Married,6,BALIWAG,Facebook Ads,Self Employed/ Business Owner,Jeepney operator,20-80 Pagibig Financing,Spouse of Client 472,39,"PHP 15,000"
03/05/2028 15:40,03/05/2028,Client 473,47,"PHP 240,000",Single,n/a,BATULAO,Facebook Ads,OFW Land base,emaar properties,20-80 Pagibig Financing,n/a,n/a,n/a
03/08/2028 13:18,03/08/2028,Client 474,51,"PHP 53,500",Married,3,BALIWAG,Broker/Agent,OFW Land base,Emaar properties,20-80 Pagibig Financing,Spouse of Client 474,46,"PHP 59,500"
03/08/2028 17:50,03/08/2028,Client 475,33,"PHP 102,000",Married,4,LIPA,Facebook Ads,OFW Land base,Adnoc,20-80 Pagibig Financing,Spouse of Client 475,31,"PHP 69,000"
03/08/2028 9:09,03/08/2028,Client 476,55,"PHP 227,000",Married,7,BATULAO,Facebook Ads,OFW Land base,al rajhi bank,20-80 Pagibig Financing,Spouse of Client 476,53,"PHP 152,000"
03/08/2028 18:36,03/08/2028,Client 477,39,"PHP 98,000",Married,5,LIPA,Referral,OFW Land base,Pricewaterhousecoopers Uae,20-80 Pagibig Financing,Spouse of Client 477,34,"PHP 63,500"
03/15/2028 16:25:17,03/15/2028,Client 478,39,"PHP 66,500",Married,3,BATULAO,Facebook Ads,OFW Land base,consolidated contractors,Deferred Cash,Spouse of Client 478,41,"PHP 52,000"
03/16/2028 13:31:49,03/16/2028,Client 479,31,"PHP 123,000",Single,N/a,CALAMBA,Facebook Ads,OFW Land base,enoc,10-90 Bank Financing,N/a,N/a,N/a
03/18/2028 09:06:28,03/18/2028,Client 480,46,"PHP 122,000",Single,N/a,MAGALANG EAST,Facebook Ads,OFW Land base,Qatar petroleum,Deferred Cash,N/a,N/a,N/a
03/18/2028 20:38:11,03/18/2028,Client 481,48,"PHP 40,500",Married,6,MAGALANG EAST,Referral,OFW Land base,kuwait oil company,20-80 Pagibig Financing,Spouse of Client 481,46,"PHP 29,500"
03/21/2028 19:10:28,03/21/2028,Client 482,29,"PHP 232,500",Widow,3,LIPA,Facebook Ads,OFW Land base,hyundai Engineering,20-80 Pagibig Financing,N/a,N/a,N/a
03/21/2028 18:10:43,03/21/2028,Client 483,43,"PHP 33,000",Married,3,NAIC,Referral,OFW Land base,consolidated contractors,10-90 Bank Financing,Spouse of Client 483,40,"PHP 32,000"
03/22/2028 20:34:45,03/22/2028,Client 484,27,"PHP 155,000",Married,7,NAIC,Facebook Ads,OFW Land base,emaar properties,20-80 Pagibig Financing,Spouse of Client 484,25,"PHP 176,500"
03/25/2028 13:52:35,03/25/2028,Client 485,37,"PHP 201,000",Married,6,GEN TRI,Broker/Agent,OFW Land base,bechtel MIDDLE east,20-80 Pagibig Financing,Spouse of Client 485,36,"PHP 224,500"
03/29/2028 09:09:32,03/29/2028,Client 486,33,"PHP 197,000",Married,6,BATULAO,Facebook Ads,OFW Land base,Four Seasons Dubai,20-80 Pagibig Financing,Spouse of Client 486,33,"PHP 128,000"
03/30/2028 11:42:06,03/30/2028,Client 487,38,"PHP 236,500",Married,5,NAIC,Referral,OFW Land base,aster dm HEALTHCARE,20-80 Pagibig Financing,Spouse of Client 487,40,"PHP 181,500"
04/02/2028 12:27,04/02/2028,Client 488,32,"PHP 188,500",Single,N/a,BATULAO,Referral,OFW Land base,sohar aluminum,20-80 Pagibig Financing,N/a,N/a,N/a
04/05/2028 14:41,04/05/2028,Client 489,40,"PHP 141,000",Widow,N/A,PANDI EXPANSION,Facebook Ads,Locally Employed,Universal robina corp,10-90 Bank Financing,N/A,N/A,N/A
04/05/2028 20:42,04/05/2028,Client 490,37,"PHP 80,500",Single,N/a,GEN TRI,Facebook Ads,Locally Employed,san MIGUEL corporation,20-80 Pagibig Financing,N/a,N/a,N/a
04/06/2028 13:39,04/06/2028,Client 491,26,"PHP 45,500",Widow,N/a,LIPA,Facebook Ads,OFW Land base,Al rajhi bank,20-80 Pagibig Financing,N/a,N/a,N/a
04/07/2028 16:45,04/07/2028,Client 492,28,"PHP 130,000",Married,3,GEN TRI,Facebook Ads,OFW Sea Base,maersk line,20-80 Pagibig Financing,Spouse of Client 492,23,"PHP 91,500"
04/08/2028 19:10,04/08/2028,Client 493,55,"PHP 23,500",Married,5,IMPRESSIONS HERMOSA,Other:,Locally Employed,metrobank,20-80 Pagibig Financing,Spouse of Client 493,55,"PHP 14,000"
04/09/2028 14:11,04/09/2028,Client 494,43,"PHP 101,500",Married,5,BATULAO,Facebook Ads,Locally Employed,philippine general Hospital,20-80 Pagibig Financing,Spouse of Client 494,44,"PHP 108,500"
04/14/2028 19:58:55,04/14/2028,Client 495,36,"PHP 38,500",Single,N/a,LIPA,Broker/Agent,Self Employed/ Business Owner,family Catering Services,Cash,N/a,N/a,N/a
04/21/2028 11:38:08,04/21/2028,Client 496,34,"PHP 194,000",Single,N/A,BATULAO,Referral,Locally Employed,The medical city,20-80 Pagibig Financing,N/A,N/A,N/A
04/22/2028 10:31:03,04/22/2028,Client 497,41,"PHP 145,000",Married,3,GEN TRI,Facebook Ads,OFW Land base,emaar properties,20-80 Pagibig Financing,Spouse of Client 497,36,"PHP 93,000"
04/22/2028 17:47:16,04/22/2028,Client 498,30,"PHP 195,500",Married,2,LIPA,Broker/Agent,OFW Land base,Aster Dm healthcare,20-80 Pagibig Financing,Spouse of Client 498,30,"PHP 190,000"
04/25/2028 20:12:31,04/25/2028,Client 499,52,"PHP 236,000",Single,N/A,LIPA,Facebook Ads,OFW Land base,pricewaterhousecoopers uae,10-90 Bank Financing,N/A,N/A,N/A
04/26/2028 12:42:57,04/26/2028,Client 500,37,"PHP 170,000",Single,n/a,PANDI EXPANSION,Broker/Agent,Locally Employed,st. luke's medical center,Cash,n/a,n/a,n/a
05/01/2028 19:54,05/01/2028,Client 501,48,"PHP 97,500",Married,2,PANDI EXPANSION,Facebook Ads,Locally Employed,Bdo unibank,20-80 Pagibig Financing,Spouse of Client 501,47,"PHP 79,000"
05/11/2028 9:13,05/11/2028,Client 502,47,"PHP 138,500",Single,n/a,BATULAO,Referral,Locally Employed,san miguel corporation,10-90 Bank Financing,n/a,n/a,n/a
05/21/2028 18:51:44,05/21/2028,Client 503,34,"PHP 164,500",Married,7,GEN TRI,Facebook Ads,Locally Employed,st. luke's medical center,20-80 Pagibig Financing,Spouse of Client 503,39,"PHP 123,000"
05/22/2028 17:35:52,05/22/2028,Client 504,55,"PHP 84,000",Married,5,GEN TRI,Other:,OFW Land base,Aramco,Deferred Cash,Spouse of Client 504,51,"PHP 48,000"
05/23/2028 09:37:35,05/23/2028,Client 505,29,"PHP 80,500",Married,4,GEN TRI,Referral,OFW Land base,ASTER dm healthcare,20-80 Pagibig Financing,Spouse of Client 505,25,"PHP 91,000"
05/24/2028 11:22:25,05/24/2028,Client 506,53,"PHP 201,500",Married,5,PANDI EXPANSION,Broker/Agent,Self Employed/ Business Owner,sari-sari store,20-80 Pagibig Financing,Spouse of Client 506,49,"PHP 156,000"
05/25/2028 10:50:45,05/25/2028,Client 507,33,"PHP 70,500",Married,5,PANDI EXPANSION,Facebook Ads,Self Employed/ Business Owner,online seller,10-90 Bank Financing,Spouse of Client 507,31,"PHP 83,500"
05/27/2028 11:10:03,05/27/2028,Client 508,26,"PHP 31,500",Widow,n/a,LIPA,Facebook Ads,OFW Land base,consolidated contractors,20-80 Pagibig Financing,n/a,n/a,n/a
06/03/2028 19:23,06/03/2028,Client 509,36,"PHP 58,000",Single,N/a,MAGALANG EAST,Facebook Ads,OFW Land base,four Seasons dubai,Deferred Cash,N/a,N/a,N/a
06/11/2028 13:47,06/11/2028,Client 510,49,"PHP 34,000",Single,n/a,MAGALANG EAST,Broker/Agent,Locally Employed,Philippine general hospital,20-80 Pagibig Financing,n/a,n/a,n/a
06/14/2028 12:54:11,06/14/2028,Client 511,25,"PHP 40,000",Married,5,LIPA,Facebook Ads,Self Employed/ Business Owner,freelance services,20-80 Pagibig Financing,Spouse of Client 511,22,"PHP 47,000"
06/15/2028 17:29:33,06/15/2028,Client 512,27,"PHP 150,500",Married,7,PANDI EXPANSION,Broker/Agent,OFW Land base,kaiser permanente,20-80 Pagibig Financing,Spouse of Client 512,27,"PHP 113,000"
06/20/2028 12:55:24,06/20/2028,Client 513,55,"PHP 74,000",Married,2,CALAMBA,Referral,OFW Land base,aster dm healthcare,10-90 Bank Financing,Spouse of Client 513,54,"PHP 66,500"
06/20/2028 13:46:38,06/20/2028,Client 514,31,"PHP 61,000",Married,7,LIPA,Facebook Ads,Locally Employed,land bank of the philippines,20-80 Pagibig Financing,Spouse of Client 514,28,"PHP 73,500"
06/25/2028 11:25:28,06/25/2028,Client 515,46,"PHP 16,000",Single,n/a,GAPAN,Facebook Ads,Self Employed/ Business Owner,independent contractor,10-90 Bank Financing,n/a,n/a,n/a
06/27/2028 12:05:38,06/27/2028,Client 516,29,"PHP 234,000",Single,N/A,GEN TRI,Referral,OFW Land base,Al futtaim group,20-80 Pagibig Financing,N/A,N/A,N/A
06/28/2028 08:12:05,06/28/2028,Client 517,40,"PHP 157,500",Single,N/A,STO. TOMAS,Referral,OFW Land base,four seasons dubai,20-80 Pagibig Financing,N/A,N/A,N/A
06/30/2028 19:24:03,06/30/2028,Client 518,52,"PHP 109,500",Married,7,BATULAO,Referral,OFW Land base,petrofac,20-80 Pagibig Financing,Spouse of Client 518,47,"PHP 81,500"
07/03/2028 13:35,07/03/2028,Client 519,45,"PHP 122,500",Married,7,STO. TOMAS,Facebook Ads,OFW Land base,jumeirah group,20-80 Pagibig Financing,Spouse of Client 519,47,"PHP 75,500"
07/03/2028 16:45,07/03/2028,Client 520,39,"PHP 167,500",Married,2,MAGALANG EAST,Facebook Ads,OFW Land base,sohar aluminum,20-80 Pagibig Financing,Spouse of Client 520,38,"PHP 171,000"
07/03/2028 13:57,07/03/2028,Client 521,46,"PHP 224,000",Widow,2,LIPA,Broker/Agent,OFW Land base,Emirates airlines,20-80 Pagibig Financing,N/a,N/a,N/a
07/08/2028 12:28,07/08/2028,Client 522,32,"PHP 66,500",Widow,n/a,MAGALANG EAST,Referral,OFW Land base,Consolidated contractors,10-90 Bank Financing,n/a,n/a,n/a
07/11/2028 9:22,07/11/2028,Client 523,46,"PHP 33,500",Married,2,BALIWAG,Referral,Locally Employed,department of education,10-90 Bank Financing,Spouse of Client 523,46,"PHP 41,500"
07/18/2028 11:06:50,07/18/2028,Client 524,26,"PHP 153,500",Married,5,LIPA,Broker/Agent,Locally Employed,metrobank,20-80 Pagibig Financing,Spouse of Client 524,24,"PHP 108,000"
07/26/2028 10:16:16,07/26/2028,Client 525,28,"PHP 57,000",Single,N/A,STO. TOMAS,Facebook Ads,Locally Employed,globe telecom,10-90 Bank Financing,N/A,N/A,N/A
07/26/2028 17:37:23,07/26/2028,Client 526,29,"PHP 138,000",Married,7,BATULAO,Facebook Ads,Self Employed/ Business Owner,tricycle operator,20-80 Pagibig Financing,Spouse of Client 526,25,"PHP 158,000"
07/27/2028 17:30:14,07/27/2028,Client 527,33,"PHP 111,000",Married,4,NAIC,Referral,OFW Land base,four seasons dubai,20-80 Pagibig Financing,Spouse of Client 527,28,"PHP 112,000"
08/06/2028 20:16,08/06/2028,Client 528,35,"PHP 93,500",Married,2,BALIWAG,Referral,Self Employed/ Business Owner,sari-sari store,20-80 Pagibig Financing,Spouse of Client 528,33,"PHP 70,500"
08/08/2028 12:33,08/08/2028,Client 529,43,"PHP 42,500",Single,N/a,LIPA,Referral,Locally Employed,Armed forces of the philippines,Cash,N/a,N/a,N/a
08/10/2028 19:57,08/10/2028,Client 530,43,"PHP 173,000",Married,3,LIPA,Referral,Locally Employed,Land bank of the philippines,20-80 Pagibig Financing,Spouse of Client 530,40,"PHP 224,500"
08/11/2028 13:37,08/11/2028,Client 531,33,"PHP 249,000",Married,3,BALIWAG,Facebook Ads,OFW Land base,Al futtaim group,10-90 Bank Financing,Spouse of Client 531,31,"PHP 167,500"
08/13/2028 13:31:45,08/13/2028,Client 532,33,"PHP 45,000",Married,3,MAGALANG EAST,Facebook Ads,Locally Employed,San miguel corporation,20-80 Pagibig Financing,Spouse of Client 532,36,"PHP 39,000"
08/14/2028 11:40:20,08/14/2028,Client 533,26,"PHP 126,500",Single,N/a,PANDI EXPANSION,Facebook Ads,OFW Land base,sohar aluminum,20-80 Pagibig Financing,N/a,N/a,N/a
08/17/2028 17:27:18,08/17/2028,Client 534,51,"PHP 62,500",Married,6,PANDI EXPANSION,Facebook Ads,Self Employed/ Business Owner,tricycle operator,Cash,Spouse of Client 534,53,"PHP 78,500"
09/01/2028 18:53,09/01/2028,Client 535,29,"PHP 246,000",Married,5,CALAMBA,Facebook Ads,OFW Land base,Jumeirah group,10-90 Bank Financing,Spouse of Client 535,28,"PHP 225,000"
09/02/2028 12:05,09/02/2028,Client 536,38,"PHP 28,500",Married,3,PANDI EXPANSION,Broker/Agent,Self Employed/ Business Owner,tricycle operator,10-90 Bank Financing,Spouse of Client 536,38,"PHP 36,500"
09/03/2028 15:14,09/03/2028,Client 537,51,"PHP 147,000",Single,n/a,TAYABAS,Facebook Ads,OFW Land base,Four seasons dubai,10-90 Bank Financing,n/a,n/a,n/a
09/13/2028 08:30:56,09/13/2028,Client 538,29,"PHP 113,000",Single,N/a,CALAMBA,Facebook Ads,OFW Land base,kuwait OIL company,20-80 Pagibig Financing,N/a,N/a,N/a
09/20/2028 13:36:28,09/20/2028,Client 539,53,"PHP 21,000",Married,5,LIPA,Facebook Ads,Self Employed/ Business Owner,Independent contractor,Cash,Spouse of Client 539,56,"PHP 22,500"
09/24/2028 11:27:16,09/24/2028,Client 540,33,"PHP 102,000",Single,N/a,PANDI EXPANSION,Facebook Ads,OFW Land base,bechtel MIDDLE east,20-80 Pagibig Financing,N/a,N/a,N/a
09/24/2028 12:11:30,09/24/2028,Client 541,32,"PHP 35,500",Single,n/a,LIPA,Facebook Ads,OFW Land base,Prosegur uae,20-80 Pagibig Financing,n/a,n/a,n/a
09/29/2028 08:37:12,09/29/2028,Client 542,36,"PHP 154,000",Single,N/a,MAGALANG EAST,Referral,OFW Land base,bechtel middle east,20-80 Pagibig Financing,N/a,N/a,N/a
10/03/2028 11:55,10/03/2028,Client 543,25,"PHP 175,000",Married,3,CALAMBA,Facebook Ads,OFW Land base,Emirates airlines,10-90 Bank Financing,Spouse of Client 543,24,"PHP 208,000"
10/03/2028 8:32,10/03/2028,Client 544,32,"PHP 127,500",Married,4,BATULAO,Broker/Agent,OFW Land base,Pricewaterhousecoopers uae,10-90 Bank Financing,Spouse of Client 544,27,"PHP 71,000"
10/04/2028 13:03,10/04/2028,Client 545,25,"PHP 110,500",Widow,N/a,SIGHTS CALAUAN,Broker/Agent,OFW Land base,Prosegur uae,20-80 Pagibig Financing,N/a,N/a,N/a
10/04/2028 14:39,10/04/2028,Client 546,33,"PHP 115,500",Married,5,GEN TRI,Facebook Ads,OFW Sea Base,philippine airlines (int'l),20-80 Pagibig Financing,Spouse of Client 546,29,"PHP 69,000"
10/05/2028 13:04,10/05/2028,Client 547,33,"PHP 104,000",Married,3,PANDI EXPANSION,Referral,Self Employed/ Business Owner,Online seller,20-80 Pagibig Financing,Spouse of Client 547,29,"PHP 53,500"
10/06/2028 14:09,10/06/2028,Client 548,28,"PHP 184,000",Married,2,NAIC,Referral,OFW Sea Base,msc Cruises,10-90 Bank Financing,Spouse of Client 548,28,"PHP 206,500"
10/08/2028 18:30,10/08/2028,Client 549,44,"PHP 29,000",Single,N/A,PANDI EXPANSION,Broker/Agent,Locally Employed,Holcim Philippines,Cash,N/A,N/A,N/A
10/08/2028 19:01,10/08/2028,Client 550,35,"PHP 178,000",Single,N/A,LIPA,Facebook Ads,Locally Employed,cebu pacific,20-80 Pagibig Financing,N/A,N/A,N/A
10/11/2028 8:30,10/11/2028,Client 551,31,"PHP 74,500",Single,n/a,GAPAN,Facebook Ads,OFW Land base,emirates airlines,20-80 Pagibig Financing,n/a,n/a,n/a
10/21/2028 18:07:07,10/21/2028,Client 552,35,"PHP 226,500",Married,5,GEN TRI,Broker/Agent,OFW Land base,Qatar petroleum,10-90 Bank Financing,Spouse of Client 552,30,"PHP 191,000"
10/21/2028 08:50:22,10/21/2028,Client 553,37,"PHP 45,000",Married,6,BATULAO,Facebook Ads,Self Employed/ Business Owner,Own business operations,10-90 Bank Financing,Spouse of Client 553,35,"PHP 41,000"
10/23/2028 15:33:43,10/23/2028,Client 554,48,"PHP 70,500",Married,2,GEN TRI,Facebook Ads,Self Employed/ Business Owner,own business operations,20-80 Pagibig Financing,Spouse of Client 554,44,"PHP 55,000"
10/24/2028 16:50:28,10/24/2028,Client 555,41,"PHP 144,000",Single,n/a,MAGALANG EAST,Facebook Ads,Self Employed/ Business Owner,Independent contractor,10-90 Bank Financing,n/a,n/a,n/a
10/30/2028 14:18:28,10/30/2028,Client 556,48,"PHP 189,500",Single,n/a,LIPA,Facebook Ads,OFW Land base,Samsung c&t (saudi),20-80 Pagibig Financing,n/a,n/a,n/a
10/31/2028 19:13:40,10/31/2028,Client 557,45,"PHP 142,000",Single,n/a,BATULAO,Facebook Ads,OFW Land base,samsung c&t (saudi),10-90 Bank Financing,n/a,n/a,n/a
11/02/2028 15:39,11/02/2028,Client 558,36,"PHP 189,000",Married,2,PANDI EXPANSION,Facebook Ads,OFW Land base,Qatar petroleum,10-90 Bank Financing,Spouse of Client 558,40,"PHP 101,000"
11/12/2028 9:26,11/12/2028,Client 559,52,"PHP 113,500",Single,N/A,LIPA,Facebook Ads,Locally Employed,cebu pacific,20-80 Pagibig Financing,N/A,N/A,N/A
11/13/2028 08:44:07,11/13/2028,Client 560,53,"PHP 142,500",Married,7,NAIC,Referral,Locally Employed,the medical city,20-80 Pagibig Financing,Spouse of Client 560,51,"PHP 76,500"
11/15/2028 14:42:16,11/15/2028,Client 561,38,"PHP 85,000",Single,N/A,PANDI EXPANSION,Facebook Ads,OFW Sea Base,EVERGREEN marine,10-90 Bank Financing,N/A,N/A,N/A
11/15/2028 19:33:37,11/15/2028,Client 562,43,"PHP 40,000",Married,6,BATULAO,Facebook Ads,OFW Land base,hyundai engineering korea,20-80 Pagibig Financing,Spouse of Client 562,48,"PHP 27,500"
11/20/2028 15:39:25,11/20/2028,Client 563,30,"PHP 209,500",Married,2,BALIWAG,Broker/Agent,OFW Land base,Kuwait oil company,10-90 Bank Financing,Spouse of Client 563,26,"PHP 150,000"
11/21/2028 10:29:00,11/21/2028,Client 564,49,"PHP 85,000",Married,2,BATULAO,Other:,Locally Employed,department OF education,20-80 Pagibig Financing,Spouse of Client 564,50,"PHP 93,000"
11/23/2028 14:16:01,11/23/2028,Client 565,29,"PHP 25,500",Widow,N/A,TAYABAS,Facebook Ads,Locally Employed,SM investments corp,20-80 Pagibig Financing,N/A,N/A,N/A
11/27/2028 11:00:16,11/27/2028,Client 566,37,"PHP 28,000",Married,3,MAGALANG EAST,Referral,Locally Employed,Land bank of the philippines,10-90 Bank Financing,Spouse of Client 566,39,"PHP 32,000"
11/27/2028 13:14:11,11/27/2028,Client 567,31,"PHP 246,000",Widow,n/a,PANDI EXPANSION,Referral,OFW Land base,consolidated contractors,Deferred Cash,n/a,n/a,n/a
12/04/2028 19:50,12/04/2028,Client 568,28,"PHP 35,500",Married,3,PANDI EXPANSION,Facebook Ads,OFW Land base,Qatar petroleum,20-80 Pagibig Financing,Spouse of Client 568,26,"PHP 21,500"
12/05/2028 20:27,12/05/2028,Client 569,55,"PHP 140,000",Married,5,LIPA,Facebook Ads,OFW Sea Base,Maersk Line,20-80 Pagibig Financing,Spouse of Client 569,56,"PHP 164,500"
12/06/2028 16:36,12/06/2028,Client 570,29,"PHP 48,500",Married,5,PANDI EXPANSION,Broker/Agent,OFW Sea Base,maersk line,20-80 Pagibig Financing,Spouse of Client 570,28,"PHP 27,500"
12/11/2028 8:30,12/11/2028,Client 571,32,"PHP 65,000",Married,5,BATULAO,Facebook Ads,OFW Sea Base,Msc cruises,10-90 Bank Financing,Spouse of Client 571,30,"PHP 76,000"
12/13/2028 18:57:51,12/13/2028,Client 572,30,"PHP 149,000",Single,n/a,LIPA,Referral,Self Employed/ Business Owner,family agricultural business,20-80 Pagibig Financing,n/a,n/a,n/a
12/13/2028 09:57:33,12/13/2028,Client 573,42,"PHP 84,000",Married,3,NAIC,Other:,OFW Land base,adnoc,20-80 Pagibig Financing,Spouse of Client 573,37,"PHP 87,500"
12/14/2028 20:12:14,12/14/2028,Client 574,47,"PHP 46,000",Married,5,STO. TOMAS,Facebook Ads,Locally Employed,department OF EDUCATION,10-90 Bank Financing,Spouse of Client 574,52,"PHP 45,500"
12/15/2028 20:32:40,12/15/2028,Client 575,31,"PHP 139,500",Single,N/A,MAGALANG EAST,Facebook Ads,OFW Land base,Al futtaim group,20-80 Pagibig Financing,N/A,N/A,N/A
12/17/2028 19:18:59,12/17/2028,Client 576,28,"PHP 117,000",Married,2,PANDI EXPANSION,Broker/Agent,Self Employed/ Business Owner,online seller,10-90 Bank Financing,Spouse of Client 576,32,"PHP 149,500"
12/17/2028 18:48:48,12/17/2028,Client 577,48,"PHP 46,000",Married,3,MAGALANG EAST,Referral,Locally Employed,accenture philippines,10-90 Bank Financing,Spouse of Client 577,45,"PHP 43,500"
12/24/2028 12:55:59,12/24/2028,Client 578,33,"PHP 147,500",Married,5,GEN TRI,Other:,OFW Land base,Al futtaim group,20-80 Pagibig Financing,Spouse of Client 578,35,"PHP 137,000"
12/25/2028 10:51:17,12/25/2028,Client 579,47,"PHP 45,000",Single,N/A,BALIWAG,Facebook Ads,OFW Land base,enoc,20-80 Pagibig Financing,N/A,N/A,N/A
01/08/2029 10:21,01/08/2029,Client 580,54,"PHP 148,000",Single,N/a,LIPA,Facebook Ads,OFW Sea Base,msc cruises,20-80 Pagibig Financing,N/a,N/a,N/a
01/10/2029 10:47,01/10/2029,Client 581,27,"PHP 37,500",Widow,n/a,LIPA,Referral,OFW Land base,jumeirah group,20-80 Pagibig Financing,n/a,n/a,n/a
01/11/2029 18:00,01/11/2029,Client 582,34,"PHP 23,500",Married,2,NAIC,Referral,Self Employed/ Business Owner,sari-sari store,Cash,Spouse of Client 582,30,"PHP 28,000"
01/17/2029 17:33:34,01/17/2029,Client 583,36,"PHP 32,000",Married,5,BATULAO,Facebook Ads,OFW Sea Base,evergreen marine,20-80 Pagibig Financing,Spouse of Client 583,33,"PHP 31,500"
01/24/2029 13:26:50,01/24/2029,Client 584,46,"PHP 217,500",Married,4,LIPA,Facebook Ads,OFW Land base,Al futtaim group,10-90 Bank Financing,Spouse of Client 584,43,"PHP 200,000"
01/24/2029 19:46:19,01/24/2029,Client 585,36,"PHP 43,000",Widow,N/A,BATULAO,Facebook Ads,OFW Land base,Bechtel middle east,Deferred Cash,N/A,N/A,N/A
01/25/2029 20:17:03,01/25/2029,Client 586,47,"PHP 148,500",Married,5,MAGALANG EAST,Facebook Ads,OFW Land base,sohar aluminum,20-80 Pagibig Financing,Spouse of Client 586,52,"PHP 109,000"
01/28/2029 16:57:04,01/28/2029,Client 587,55,"PHP 30,500",Widow,2,CALAMBA,Facebook Ads,OFW Land base,kuwait oil company,20-80 Pagibig Financing,N/A,N/A,N/A
01/31/2029 17:09:25,01/31/2029,Client 588,30,"PHP 118,000",Single,N/a,GEN TRI,Referral,OFW Land base,pricewaterhousecoopers uae,20-80 Pagibig Financing,N/a,N/a,N/a
02/04/2029 14:33,02/04/2029,Client 589,53,"PHP 124,500",Married,4,NAIC,Broker/Agent,Locally Employed,philippine general Hospital,10-90 Bank Financing,Spouse of Client 589,50,"PHP 129,000"
02/05/2029 9:02,02/05/2029,Client 590,27,"PHP 88,000",Married,5,MAGALANG EAST,Facebook Ads,OFW Sea Base,carnival cruise line,20-80 Pagibig Financing,Spouse of Client 590,22,"PHP 49,000"
02/05/2029 19:49,02/05/2029,Client 591,48,"PHP 112,500",Single,N/A,STO. TOMAS,Other:,Locally Employed,ayala land construction,20-80 Pagibig Financing,N/A,N/A,N/A
02/13/2029 20:39:57,02/13/2029,Client 592,41,"PHP 98,000",Married,7,STO. TOMAS,Referral,Locally Employed,the medical city,20-80 Pagibig Financing,Spouse of Client 592,44,"PHP 107,500"
02/14/2029 17:14:34,02/14/2029,Client 593,37,"PHP 41,500",Single,N/A,STO. TOMAS,Broker/Agent,OFW Sea Base,Philippine airlines (int'l),20-80 Pagibig Financing,N/A,N/A,N/A
02/28/2029 20:42:42,02/28/2029,Client 594,45,"PHP 58,000",Married,7,NAIC,Facebook Ads,OFW Land base,samsung c&t (saudi),10-90 Bank Financing,Spouse of Client 594,42,"PHP 58,000"
03/02/2029 10:14,03/02/2029,Client 595,40,"PHP 130,500",Married,6,BATULAO,Other:,OFW Sea Base,carnival cruise line,10-90 Bank Financing,Spouse of Client 595,40,"PHP 124,500"
03/03/2029 12:57,03/03/2029,Client 596,37,"PHP 209,000",Single,N/a,BATULAO,Broker/Agent,OFW Land base,EMIRATES AIRLINES,20-80 Pagibig Financing,N/a,N/a,N/a
03/05/2029 8:32,03/05/2029,Client 597,52,"PHP 35,000",Married,7,GEN TRI,Facebook Ads,OFW Land base,emaar properties,20-80 Pagibig Financing,Spouse of Client 597,52,"PHP 28,000"
03/05/2029 13:20,03/05/2029,Client 598,25,"PHP 65,500",Widow,N/A,BALIWAG,Broker/Agent,OFW Sea Base,MSC cruises,20-80 Pagibig Financing,N/A,N/A,N/A
03/09/2029 10:48,03/09/2029,Client 599,55,"PHP 113,000",Married,7,LIPA,Referral,OFW Land base,adnoc,20-80 Pagibig Financing,Spouse of Client 599,60,"PHP 81,500"
03/11/2029 19:24,03/11/2029,Client 600,36,"PHP 114,000",Single,N/A,STO. TOMAS,Facebook Ads,Locally Employed,Universal robina corp,20-80 Pagibig Financing,N/A,N/A,N/A
