UNIT CODE,COM,GEO,PROJECT,PHASE,SUB PHASE,BATCH,UNIT TYPE,LOT AREA,FLOOR AREA,TCP,VAT,TCP w/o VAT,ESTIMATED TURNOVER DATE,S HOUSECON,SU & INVENTORY,APPLICABLE TERM,HOUSE CON TAG,,
B044L009,PPHI,SOMA2,TAYABAS,1,B,1,CALISTA MID,44,40,"1,813,157.71",0.00,"1,813,157.71",Aug-2025,100%,80%,OPEN,RSBS WITHIN THE MONTH,RED TAG,
B044L011,PPHI,SOMA2,TAYABAS,1,B,1,CALISTA MID,44,40,"1,813,157.71",0.00,"1,813,157.71",Aug-2025,100%,80%,OPEN,RSBS WITHIN THE MONTH,RED TAG,
B044L019,PPHI,SOMA2,TAYABAS,1,B,1,CALISTA MID,44,40,"1,813,157.71",0.00,"1,813,157.71",Aug-2025,100%,80%,OPEN,RSBS WITHIN THE MONTH,RED TAG,
B044L021,PPHI,SOMA2,TAYABAS,1,B,1,CALISTA MID,44,40,"1,813,157.71",0.00,"1,813,157.71",Aug-2025,100%,80%,OPEN,RSBS WITHIN THE MONTH,RED TAG,
B044L040,PPHI,SOMA2,TAYABAS,1,B,1,CALISTA MID,44,40,"1,789,537.65",0.00,"1,789,537.65",Aug-2025,100%,80%,OPEN,RSBS WITHIN THE MONTH,RED TAG,
B005L001,PPHI,SOMA2,CALAMBA,2,A,6,CALISTA END,130,40,"4,590,633.91",0.00,"4,590,633.91",Apr-2023,100%,80%,REOPEN,RSBS WITHIN THE MONTH,RED TAG,
B003L004,PPHI,SOMA2,CALAMBA,2,B,7,UNNA REGULAR,116,54,"5,664,746.45","566,479.98","5,098,266.47",Mar-2026,100%,80%,OPEN,RSBS WITHIN THE MONTH,RED TAG,
B009L010,PPHI,SOMA2,CALAMBA,2,B,7,UNNA CORNER,129,54,"6,041,139.42","604,118.51","5,437,020.91",Feb-2022,100%,80%,OPEN,RSBS WITHIN THE MONTH,RED TAG,
B014L001,PPHI,SOMA2,CALAMBA,2,B,7,UNNA CORNER,126,54,"6,193,170.98","619,325.46","5,573,845.52",Feb-2023,100%,80%,OPEN,RSBS WITHIN THE MONTH,RED TAG,
B014L002,PPHI,SOMA2,CALAMBA,2,B,7,UNNA CORNER,129,54,"6,279,305.55","627,932.74","5,651,372.81",Feb-2023,100%,80%,OPEN,RSBS WITHIN THE MONTH,RED TAG,
B014L003,PPHI,SOMA2,CALAMBA,2,B,7,UNNA REGULAR,121,54,"5,246,083.78","524,612.55","4,721,471.23",Aug-2022,100%,80%,OPEN,RSBS WITHIN THE MONTH,RED TAG,
B014L004,PPHI,SOMA2,CALAMBA,2,B,7,UNNA REGULAR,121,54,"5,246,083.78","524,612.55","4,721,471.23",Aug-2022,100%,80%,OPEN,RSBS WITHIN THE MONTH,RED TAG,
B014L006,PPHI,SOMA2,CALAMBA,2,B,7,UNNA REGULAR,121,54,"5,246,083.78","524,612.55","4,721,471.23",Aug-2022,100%,80%,OPEN,RSBS WITHIN THE MONTH,RED TAG,
B015L011,PPHI,SOMA2,CALAMBA,2,B,7,UNNA REGULAR,132,54,"5,527,565.06","552,756.97","4,974,808.09",Oct-2025,100%,80%,OPEN,RSBS WITHIN THE MONTH,RED TAG,
B049L012,PPHI,SOMA2,TAYABAS,1,B,3,CALISTA MID,44,40,"1,836,857.71",0.00,"1,836,857.71",Nov-2025,100%,80%,FALLOUT,RSBS WITHIN THE MONTH,RED TAG,
B049L029,PPHI,SOMA2,TAYABAS,1,B,3,CALISTA MID,44,40,"1,836,857.71",0.00,"1,836,857.71",Jun-2025,100%,80%,FALLOUT,RSBS WITHIN THE MONTH,RED TAG,
B049L050,PPHI,SOMA2,TAYABAS,1,B,3,CALISTA MID,44,40,"1,765,837.65",0.00,"1,765,837.65",Jul-2025,100%,80%,FALLOUT,RSBS WITHIN THE MONTH,RED TAG,
B044L023,PPHI,SOMA2,TAYABAS,1,B,1,CALISTA MID,44,40,"1,813,157.71",0.00,"1,813,157.71",Aug-2025,100%,80%,FALLOUT,RSBS WITHIN THE MONTH,RED TAG,
B003L002,PPHI,SOMA2,CALAMBA,1,C,9,UNNA REGULAR,115,54,"5,800,640.84","580,065.09","5,220,575.75",Jul-2026,100%,80%,OPEN,RSBS WITHIN THE MONTH,RED TAG,
B003L003,PPHI,SOMA2,CALAMBA,1,C,9,UNNA REGULAR,105,54,"5,253,611.22","525,365.49","4,728,245.73",Jul-2026,100%,80%,OPEN,RSBS WITHIN THE MONTH,RED TAG,
B003L004,PPHI,SOMA2,CALAMBA,1,C,9,UNNA REGULAR,105,54,"5,253,611.22","525,365.49","4,728,245.73",Jul-2026,100%,80%,OPEN,RSBS WITHIN THE MONTH,RED TAG,
B003L005,PPHI,SOMA2,CALAMBA,1,C,9,UNNA REGULAR,105,54,"5,494,638.33","549,464.82","4,945,173.51",Jul-2026,100%,80%,OPEN,RSBS WITHIN THE MONTH,RED TAG,
B024L002,PPHI,SOMA2,CALAMBA,1,C,9,UNNA REGULAR,132,54,"5,688,529.17","568,856.70","5,119,672.47",Jul-2026,100%,80%,OPEN,RSBS WITHIN THE MONTH,RED TAG,
B024L003,PPHI,SOMA2,CALAMBA,1,C,9,UNNA REGULAR,132,54,"5,688,529.17","568,856.70","5,119,672.47",Jul-2026,100%,80%,OPEN,RSBS WITHIN THE MONTH,RED TAG,
B025L003,PPHI,SOMA2,CALAMBA,1,C,9,UNNA REGULAR,121,54,"5,398,896.96","539,892.53","4,859,004.43",Jul-2026,100%,80%,OPEN,RSBS WITHIN THE MONTH,RED TAG,
B025L004,PPHI,SOMA2,CALAMBA,1,C,9,UNNA REGULAR,121,54,"5,398,896.96","539,892.53","4,859,004.43",Jul-2026,100%,80%,OPEN,RSBS WITHIN THE MONTH,RED TAG,
B025L005,PPHI,SOMA2,CALAMBA,1,C,9,UNNA REGULAR,121,54,"5,398,896.96","539,892.53","4,859,004.43",Jul-2026,100%,80%,OPEN,RSBS WITHIN THE MONTH,RED TAG,
B025L006,PPHI,SOMA2,CALAMBA,1,C,9,UNNA REGULAR,121,54,"5,398,896.96","539,892.53","4,859,004.43",Jul-2026,100%,80%,OPEN,RSBS WITHIN THE MONTH,RED TAG,
B026L001,PPHI,SOMA2,CALAMBA,1,C,9,UNNA CORNER,124,54,"5,915,629.39","591,571.01","5,324,058.38",Jul-2026,100%,80%,OPEN,RSBS WITHIN THE MONTH,RED TAG,
B026L002,PPHI,SOMA2,CALAMBA,1,C,9,UNNA REGULAR,116,54,"5,254,030.87","525,410.45","4,728,620.42",Jul-2026,100%,80%,OPEN,RSBS WITHIN THE MONTH,RED TAG,
B026L021,PPHI,SOMA2,CALAMBA,1,C,9,UNNA CORNER,126,54,"5,970,866.68","597,092.86","5,373,773.82",Jul-2026,100%,80%,REOPEN,RSBS WITHIN THE MONTH,RED TAG,
B027L003,PPHI,SOMA2,CALAMBA,1,C,9,UNNA REGULAR,108,54,"5,302,016.05","530,209","4,771,807.19",Jul-2026,100%,80%,OPEN,RSBS WITHIN THE MONTH,RED TAG,
B027L004,PPHI,SOMA2,CALAMBA,1,C,9,UNNA REGULAR,108,54,"5,302,016.05","530,208.86","4,771,807.19",Jul-2026,100%,80%,OPEN,RSBS WITHIN THE MONTH,RED TAG,
B027L005,PPHI,SOMA2,CALAMBA,1,C,9,UNNA REGULAR,108,54,"5,302,016.05","530,208.86","4,771,807.19",Jul-2026,100%,80%,OPEN,RSBS WITHIN THE MONTH,RED TAG,
B027L011,PPHI,SOMA2,CALAMBA,1,C,9,UNNA REGULAR,108,54,"5,056,613.46","505,662.16","4,550,951.30",Jul-2026,100%,80%,OPEN,RSBS WITHIN THE MONTH,RED TAG,
B027L012,PPHI,SOMA2,CALAMBA,1,C,9,UNNA REGULAR,108,54,"5,424,767.36","542,482.22","4,882,285.14",Jul-2026,100%,80%,OPEN,RSBS WITHIN THE MONTH,RED TAG,
B027L013,PPHI,SOMA2,CALAMBA,1,C,9,UNNA REGULAR,108,54,"5,056,613.46","505,662.16","4,550,951.30",Jul-2026,100%,80%,OPEN,RSBS WITHIN THE MONTH,RED TAG,
B030L002,PPHI,SOMA2,CALAMBA,1,C,9,UNNA REGULAR,114,54,"5,771,440.60","577,150.78","5,194,289.82",Jul-2026,100%,80%,OPEN,RSBS WITHIN THE MONTH,RED TAG,
B030L003,PPHI,SOMA2,CALAMBA,1,C,9,UNNA REGULAR,109,54,"5,379,043.83","537,904.70","4,841,139.13",Jul-2026,100%,80%,OPEN,RSBS WITHIN THE MONTH,RED TAG,
B030L004,PPHI,SOMA2,CALAMBA,1,C,9,UNNA REGULAR,109,54,"5,379,043.83","537,904.70","4,841,139.13",Jul-2026,100%,80%,OPEN,RSBS WITHIN THE MONTH,RED TAG,
B030L005,PPHI,SOMA2,CALAMBA,1,C,9,UNNA REGULAR,109,54,"5,625,739.41","562,579.22","5,063,160.19",Jul-2026,100%,80%,OPEN,RSBS WITHIN THE MONTH,RED TAG,
B030L007,PPHI,SOMA2,CALAMBA,1,C,9,UNNA CORNER,129,54,"6,217,065.89","621,714.20","5,595,351.69",Jul-2026,100%,80%,OPEN,RSBS WITHIN THE MONTH,RED TAG,
B044L010,PPHI,SOMA2,TAYABAS,1,B,1,CALISTA MID,44,40,"1,813,157.71",0.00,"1,813,157.71",Aug-2025,100%,80%,FALLOUT,RSBS WITHIN THE MONTH,RED TAG,
B044L041,PPHI,SOMA2,TAYABAS,1,B,1,CALISTA MID,44,40,"1,789,537.65",0.00,"1,789,537.65",Aug-2025,100%,80%,FALLOUT,RSBS WITHIN THE MONTH,RED TAG,
B053L006,PPHI,SOMA2,TAYABAS,1,B,4,CALISTA MID,44,40,"1,789,537.65",0.00,"1,789,537.65",Jul-2025,100%,80%,FALLOUT,RSBS WITHIN THE MONTH,RED TAG,
B049L004,PPHI,SOMA2,TAYABAS,1,B,3,CALISTA MID,44,40,"1,836,857.71",0.00,"1,836,857.71",Jun-2025,100%,80%,Fallout,RSBS WITHIN THE MONTH,RED TAG,
B053L013,PPHI,SOMA2,TAYABAS,1,B,4,CALISTA MID,44,40,"1,765,837.65",0.00,"1,765,837.65",Jul-2025,100%,80%,Fallout,RSBS WITHIN THE MONTH,RED TAG,
B050L012,PPHI,SOMA2,TAYABAS,1,B,2,CALISTA MID,44,40,"1,789,537.65",0.00,"1,789,537.65",May-2025,100%,80%,OPEN,RSBS WITHIN THE MONTH,RED TAG,
B014L005,PPHI,SOMA2,CALAMBA,2,B,7,UNNA REGULAR,121,54,"5,246,083.78","524,612.55","4,721,471.23",Aug-2022,100%,80%,REOPEN,RSBS WITHIN THE MONTH,RED TAG,
B049L040,PPHI,SOMA2,TAYABAS,1,B,3,CALISTA MID,44,40,"1,836,857.71",0.00,"1,836,857.71",Jul-2025,100%,80%,REOPEN,RSBS WITHIN THE MONTH,RED TAG,
B049L028,PPHI,SOMA2,TAYABAS,1,B,3,CALISTA MID,44,40,"1,836,857.71",0.00,"1,836,857.71",May-2025,100%,80%,REOPEN,RSBS WITHIN THE MONTH,RED TAG,
B044L037,PPHI,SOMA2,TAYABAS,1,B,1,CALISTA MID,44,40,"1,789,537.65",0.00,"1,789,537.65",Aug-2025,100%,80%,Fallout,RSBS WITHIN THE MONTH,RED TAG,
B053L004,PPHI,SOMA2,TAYABAS,1,B,4,CALISTA MID,44,40,"1,789,537.65",0.00,"1,789,537.65",Jul-2025,100%,80%,REOPEN,RSBS WITHIN THE MONTH,RED TAG,
B049L025,PPHI,SOMA2,TAYABAS,1,B,3,CALISTA MID,44,40,"1,836,857.71",0.00,"1,836,857.71",Nov-2025,100%,80%,REOPEN,RSBS WITHIN THE MONTH,RED TAG,
B044L047,PPHI,SOMA2,TAYABAS,1,B,1,CALISTA MID,44,40,"1,789,537.65",0.00,"1,789,537.65",Aug-2025,100%,80%,REOPEN,RSBS WITHIN THE MONTH,RED TAG,
B041L005,PPHI,SOMA2,CALAMBA WEST,1,A,1,CALISTA END CORNER,151,40,"4,818,354.00",0.00,"4,818,354.00",Jul-2026,62%,60%,OPEN,MEMO TERM,YELLOW TAG,
B031L004,PPHI,SOMA2,CALAMBA,1,B,8B,CALISTA MID,44,40,"3,173,416.22",0.00,"3,173,416.22",Dec-2025,100%,80%,REOPEN,RSBS WITHIN THE MONTH,RED TAG,
B031L005,PPHI,SOMA2,CALAMBA,1,B,8B,CALISTA MID,44,40,"3,903,963.57",0.00,"3,903,963.57",Dec-2025,100%,80%,REOPEN,RSBS WITHIN THE MONTH,RED TAG,
B031L008,PPHI,SOMA2,CALAMBA,1,B,8B,CALISTA END CORNER,82,40,"4,623,531.94",0.00,"4,623,531.94",Dec-2025,100%,80%,REOPEN,RSBS WITHIN THE MONTH,RED TAG,
B051L007,PPHI,SOMA2,SIGHTS CALAUAN,1,,2A,AMANI MID,40,36,"1,669,330.69",0.00,"1,669,330.69",Sep-2027,0%,0%,OPEN,MEMO TERM,YELLOW TAG,
B051L016,PPHI,SOMA2,SIGHTS CALAUAN,1,,2A,AMANI MID,40,36,"1,669,330.69",0.00,"1,669,330.69",Sep-2027,0%,0%,OPEN,MEMO TERM,YELLOW TAG,
B051L017,PPHI,SOMA2,SIGHTS CALAUAN,1,,2A,AMANI MID,40,36,"1,669,330.69",0.00,"1,669,330.69",Sep-2027,0%,0%,OPEN,MEMO TERM,YELLOW TAG,
B051L018,PPHI,SOMA2,SIGHTS CALAUAN,1,,2A,AMANI MID,40,36,"1,669,330.69",0.00,"1,669,330.69",Sep-2027,0%,0%,OPEN,MEMO TERM,YELLOW TAG,
B051L023,PPHI,SOMA2,SIGHTS CALAUAN,1,,2A,AMANI MID,40,36,"1,669,330.69",0.00,"1,669,330.69",Sep-2027,0%,0%,OPEN,MEMO TERM,YELLOW TAG,
B051L028,PPHI,SOMA2,SIGHTS CALAUAN,1,,2A,AMANI MID,40,36,"1,669,330.69",0.00,"1,669,330.69",Aug-2027,0%,0%,OPEN,MEMO TERM,YELLOW TAG,
B051L031,PPHI,SOMA2,SIGHTS CALAUAN,1,,2A,AMANI MID,40,36,"1,669,330.69",0.00,"1,669,330.69",Aug-2027,0%,0%,OPEN,MEMO TERM,YELLOW TAG,
B051L037,PPHI,SOMA2,SIGHTS CALAUAN,1,,2A,AMANI MID,40,36,"1,669,330.69",0.00,"1,669,330.69",Sep-2027,0%,0%,OPEN,MEMO TERM,YELLOW TAG,
B051L038,PPHI,SOMA2,SIGHTS CALAUAN,1,,2A,AMANI MID,40,36,"1,669,330.69",0.00,"1,669,330.69",Sep-2027,0%,0%,OPEN,MEMO TERM,YELLOW TAG,
B051L040,PPHI,SOMA2,SIGHTS CALAUAN,1,,2A,AMANI MID,40,36,"1,669,330.69",0.00,"1,669,330.69",Sep-2027,0%,0%,OPEN,MEMO TERM,YELLOW TAG,
B051L046,PPHI,SOMA2,SIGHTS CALAUAN,1,,2A,AMANI MID,40,36,"1,669,330.69",0.00,"1,669,330.69",Sep-2027,0%,0%,OPEN,MEMO TERM,YELLOW TAG,
B051L047,PPHI,SOMA2,SIGHTS CALAUAN,1,,2A,AMANI MID,40,36,"1,669,330.69",0.00,"1,669,330.69",Sep-2027,0%,0%,OPEN,MEMO TERM,YELLOW TAG,
B051L048,PPHI,SOMA2,SIGHTS CALAUAN,1,,2A,AMANI MID,40,36,"1,669,330.69",0.00,"1,669,330.69",Sep-2027,0%,0%,OPEN,MEMO TERM,YELLOW TAG,
B051L049,PPHI,SOMA2,SIGHTS CALAUAN,1,,2A,AMANI MID,40,36,"1,669,330.69",0.00,"1,669,330.69",Sep-2027,0%,0%,OPEN,MEMO TERM,YELLOW TAG,
B052L005,PPHI,SOMA2,SIGHTS CALAUAN,1,,2A,AMANI MID,40,36,"1,669,330.69",0.00,"1,669,330.69",Aug-2027,0%,0%,OPEN,MEMO TERM,YELLOW TAG,
B052L006,PPHI,SOMA2,SIGHTS CALAUAN,1,,2A,AMANI MID,40,36,"1,669,330.69",0.00,"1,669,330.69",Aug-2027,0%,0%,OPEN,MEMO TERM,YELLOW TAG,
B052L009,PPHI,SOMA2,SIGHTS CALAUAN,1,,2A,AMANI MID,40,36,"1,669,330.69",0.00,"1,669,330.69",Aug-2027,0%,0%,OPEN,MEMO TERM,YELLOW TAG,
B052L013,PPHI,SOMA2,SIGHTS CALAUAN,1,,2A,AMANI MID,40,36,"1,669,330.69",0.00,"1,669,330.69",Aug-2027,0%,0%,OPEN,MEMO TERM,YELLOW TAG,
B052L014,PPHI,SOMA2,SIGHTS CALAUAN,1,,2A,AMANI MID,40,36,"1,669,330.69",0.00,"1,669,330.69",Aug-2027,0%,0%,OPEN,MEMO TERM,YELLOW TAG,
B052L015,PPHI,SOMA2,SIGHTS CALAUAN,1,,2A,AMANI MID,40,36,"1,669,330.69",0.00,"1,669,330.69",Aug-2027,0%,0%,OPEN,MEMO TERM,YELLOW TAG,
B052L016,PPHI,SOMA2,SIGHTS CALAUAN,1,,2A,AMANI MID,40,36,"1,669,330.69",0.00,"1,669,330.69",Aug-2027,0%,0%,OPEN,MEMO TERM,YELLOW TAG,
B052L017,PPHI,SOMA2,SIGHTS CALAUAN,1,,2A,AMANI MID,40,36,"1,669,330.69",0.00,"1,669,330.69",Aug-2027,0%,0%,OPEN,MEMO TERM,YELLOW TAG,
B052L018,PPHI,SOMA2,SIGHTS CALAUAN,1,,2A,AMANI MID,40,36,"1,669,330.69",0.00,"1,669,330.69",Aug-2027,0%,0%,OPEN,MEMO TERM,YELLOW TAG,
B052L019,PPHI,SOMA2,SIGHTS CALAUAN,1,,2A,AMANI MID,40,36,"1,669,330.69",0.00,"1,669,330.69",Aug-2027,0%,0%,OPEN,MEMO TERM,YELLOW TAG,
B052L031,PPHI,SOMA2,SIGHTS CALAUAN,1,,2A,AMANI MID,40,36,"1,669,330.69",0.00,"1,669,330.69",Aug-2027,0%,0%,OPEN,MEMO TERM,YELLOW TAG,
B052L034,PPHI,SOMA2,SIGHTS CALAUAN,1,,2A,AMANI MID,40,36,"1,669,330.69",0.00,"1,669,330.69",Jul-2027,0%,0%,OPEN,MEMO TERM,YELLOW TAG,
B052L039,PPHI,SOMA2,SIGHTS CALAUAN,1,,2A,AMANI MID,40,36,"1,669,330.69",0.00,"1,669,330.69",Jul-2027,0%,0%,OPEN,MEMO TERM,YELLOW TAG,
B052L040,PPHI,SOMA2,SIGHTS CALAUAN,1,,2A,AMANI MID,40,36,"1,669,330.69",0.00,"1,669,330.69",Jul-2027,0%,0%,OPEN,MEMO TERM,YELLOW TAG,
B052L041,PPHI,SOMA2,SIGHTS CALAUAN,1,,2A,AMANI MID,40,36,"1,669,330.69",0.00,"1,669,330.69",Jul-2027,0%,0%,OPEN,MEMO TERM,YELLOW TAG,
B052L046,PPHI,SOMA2,SIGHTS CALAUAN,1,,2A,AMANI MID,40,36,"1,669,330.69",0.00,"1,669,330.69",Jul-2027,0%,0%,OPEN,MEMO TERM,YELLOW TAG,
B052L047,PPHI,SOMA2,SIGHTS CALAUAN,1,,2A,AMANI MID,40,36,"1,669,330.69",0.00,"1,669,330.69",Jul-2027,0%,0%,OPEN,MEMO TERM,YELLOW TAG,
B057L002,PPHI,SOMA2,SIGHTS CALAUAN,1,,2B,AMANI MID,40,36,"1,669,330.69",0.00,"1,669,330.69",Jul-2027,0%,0%,OPEN,MEMO TERM,YELLOW TAG,
B057L003,PPHI,SOMA2,SIGHTS CALAUAN,1,,2B,AMANI MID,40,36,"1,669,330.69",0.00,"1,669,330.69",Jul-2027,0%,0%,OPEN,MEMO TERM,YELLOW TAG,
B057L006,PPHI,SOMA2,SIGHTS CALAUAN,1,,2B,AMANI MID,40,36,"1,669,330.69",0.00,"1,669,330.69",Jul-2027,0%,0%,OPEN,MEMO TERM,YELLOW TAG,
B057L007,PPHI,SOMA2,SIGHTS CALAUAN,1,,2B,AMANI MID,40,36,"1,669,330.69",0.00,"1,669,330.69",Jul-2027,0%,0%,OPEN,RSBS WITHIN THE MONTH,YELLOW TAG,
B051L029,PPHI,SOMA2,SIGHTS CALAUAN,1,,2A,AMANI MID,40,36,"1,669,330.69",0.00,"1,669,330.69",Aug-2027,0%,0%,OPEN,MEMO TERM,YELLOW TAG,
B055L013,PPHI,SOMA2,SIGHTS CALAUAN,1,,1B,AMANI MID,40,36,"1,669,330.69",0.00,"1,669,330.69",May-2027,0%,0%,OPEN,RSBS WITHIN THE MONTH,YELLOW TAG,
B043L040,PPHI,SOMA2,CALAMBA WEST,1,A,2,CALISTA END,122,40,"4,065,074.00",0,"4,065,074.00",Jul-2026,60%,60%,OPEN,MEMO TERM,YELLOW TAG,
B043L045,PPHI,SOMA2,CALAMBA WEST,1,A,2,CALISTA END,128,40,"4,197,807.00",0.00,"4,197,807.00",Jul-2026,60%,60%,OPEN,MEMO TERM,YELLOW TAG,
B051L010,PPHI,SOMA2,TAYABAS,1,B,1,CALISTA MID,46,40,"1,771,237.42",0.00,"1,771,237.42",Oct-2024,100%,80%,REOPEN,RSBS WITHIN THE MONTH,RED TAG,
B025L001,PPHI,SOMA2,CALAMBA,1,C,9,UNNA CORNER,121,54,"5,832,823.45","583,288.23","5,249,535.22",Jul-2026,100%,80%,OPEN,RSBS WITHIN THE MONTH,RED TAG,
B049L005,PPHI,SOMA2,TAYABAS,1,B,3,CALISTA MID,44,40,"1,836,857.71",0.00,"1,836,857.71",Feb-2025,100%,80%,REOPEN,RSBS WITHIN THE MONTH,RED TAG,
B044L002,PPHI,SOMA2,TAYABAS,1,B,1,CALISTA MID,44,40,"1,813,157.71",0.00,"1,813,157.71",Aug-2025,100%,80%,REOPEN,RSBS WITHIN THE MONTH,RED TAG,
B010L016,PPHI,SOMA2,SIGHTS BAY,3,,2,AMANI MID,40,36,"1,710,080.26",0.00,"1,710,080.26",Jun-2026,55%,55%,OPEN,MEMO TERM,YELLOW TAG,
B013L009,PPHI,SOMA2,SIGHTS BAY,3,,2,AMANI MID,40,36,"1,710,080.26",0.00,"1,710,080.26",Jun-2026,12%,12%,OPEN,MEMO TERM,YELLOW TAG,
B013L015,PPHI,SOMA2,SIGHTS BAY,3,,2,AMANI MID,40,36,"1,710,080.26",0.00,"1,710,080.26",Jun-2026,12%,12%,OPEN,MEMO TERM,YELLOW TAG,
B013L016,PPHI,SOMA2,SIGHTS BAY,3,,2,AMANI MID,40,36,"1,710,080.26",0.00,"1,710,080.26",Jun-2026,12%,12%,OPEN,MEMO TERM,YELLOW TAG,
B013L017,PPHI,SOMA2,SIGHTS BAY,3,,2,AMANI MID,40,36,"1,710,080.26",0.00,"1,710,080.26",Jun-2026,12%,12%,OPEN,MEMO TERM,YELLOW TAG,
B013L018,PPHI,SOMA2,SIGHTS BAY,3,,2,AMANI MID,40,36,"1,710,080.26",0.00,"1,710,080.26",Jun-2026,12%,12%,OPEN,MEMO TERM,YELLOW TAG,
B013L019,PPHI,SOMA2,SIGHTS BAY,3,,2,AMANI MID,40,36,"1,710,080.26",0.00,"1,710,080.26",Jun-2026,12%,12%,OPEN,MEMO TERM,YELLOW TAG,
B013L020,PPHI,SOMA2,SIGHTS BAY,3,,2,AMANI MID,40,36,"1,710,080.26",0.00,"1,710,080.26",Jun-2026,12%,12%,OPEN,MEMO TERM,YELLOW TAG,
B013L021,PPHI,SOMA2,SIGHTS BAY,3,,2,AMANI MID,40,36,"1,710,080.26",0.00,"1,710,080.26",Jun-2026,12%,12%,OPEN,MEMO TERM,YELLOW TAG,
B013L023,PPHI,SOMA2,SIGHTS BAY,3,,2,AMANI MID,40,36,"1,710,080.26",0.00,"1,710,080.26",Jun-2026,12%,12%,OPEN,MEMO TERM,YELLOW TAG,
B013L024,PPHI,SOMA2,SIGHTS BAY,3,,2,AMANI MID,40,36,"1,710,080.26",0.00,"1,710,080.26",Jun-2026,12%,12%,OPEN,MEMO TERM,YELLOW TAG,
B013L029,PPHI,SOMA2,SIGHTS BAY,3,,2,AMANI MID,40,36,"1,710,080.26",0.00,"1,710,080.26",Jun-2026,62%,60%,OPEN,MEMO TERM,RED TAG,
B013L030,PPHI,SOMA2,SIGHTS BAY,3,,2,AMANI MID,40,36,"1,710,080.26",0.00,"1,710,080.26",Jun-2026,62%,60%,OPEN,MEMO TERM,RED TAG,
B013L031,PPHI,SOMA2,SIGHTS BAY,3,,2,AMANI MID,40,36,"1,710,080.26",0.00,"1,710,080.26",Jun-2026,63%,60%,OPEN,MEMO TERM,RED TAG,
B013L032,PPHI,SOMA2,SIGHTS BAY,3,,2,AMANI MID,40,36,"1,710,080.26",0.00,"1,710,080.26",Jun-2026,63%,60%,OPEN,MEMO TERM,RED TAG,
B013L033,PPHI,SOMA2,SIGHTS BAY,3,,2,AMANI MID,40,36,"1,710,080.26",0.00,"1,710,080.26",Jun-2026,65%,60%,OPEN,RSBS WITHIN THE MONTH,RED TAG,
B021L004,PPHI,NOMA2,BALANGA,1,B,1,CALISTA MID,44,40,"1,837,106.00",0.00,"1,837,106.00",Jan-2025,84%,80%,OPEN,RSBS WITHIN THE MONTH,RED TAG,
B021L014,PPHI,NOMA2,BALANGA,1,B,1,CALISTA MID,44,40,"1,837,106.00",0.00,"1,837,106.00",Jan-2025,83%,80%,OPEN,RSBS WITHIN THE MONTH,RED TAG,
B021L033,PPHI,NOMA2,BALANGA,1,B,1,CALISTA MID,44,40,"1,809,966.00",0.00,"1,809,966.00",Jan-2025,82%,80%,OPEN,RSBS WITHIN THE MONTH,RED TAG,
B020L031,PPHI,NOMA2,BALANGA,1,B,2,CALISTA MID,44,40,"1,809,966.00",0.00,"1,809,966.00",Feb-2025,92%,80%,OPEN,RSBS WITHIN THE MONTH,RED TAG,
B020L032,PPHI,NOMA2,BALANGA,1,B,2,CALISTA MID,44,40,"1,809,966.00",0.00,"1,809,966.00",Feb-2025,91%,80%,OPEN,RSBS WITHIN THE MONTH,RED TAG,
B020L033,PPHI,NOMA2,BALANGA,1,B,2,CALISTA MID,44,40,"1,809,966.00",0.00,"1,809,966.00",Feb-2025,93%,80%,OPEN,RSBS WITHIN THE MONTH,RED TAG,
B020L034,PPHI,NOMA2,BALANGA,1,B,2,CALISTA MID,44,40,"1,809,966.00",0.00,"1,809,966.00",Feb-2025,90%,80%,OPEN,RSBS WITHIN THE MONTH,RED TAG,
B020L045,PPHI,NOMA2,BALANGA,1,B,2,CALISTA MID,44,40,"1,809,966.00",0.00,"1,809,966.00",Feb-2025,83%,80%,OPEN,RSBS WITHIN THE MONTH,RED TAG,
B020L048,PPHI,NOMA2,BALANGA,1,B,2,CALISTA MID,44,40,"1,809,966.00",0.00,"1,809,966.00",Feb-2025,84%,80%,OPEN,RSBS WITHIN THE MONTH,RED TAG,
B020L049,PPHI,NOMA2,BALANGA,1,B,2,CALISTA MID,44,40,"1,809,966.00",0.00,"1,809,966.00",Feb-2025,84%,80%,OPEN,RSBS WITHIN THE MONTH,RED TAG,
B020L050,PPHI,NOMA2,BALANGA,1,B,2,CALISTA MID,44,40,"1,809,966.00",0.00,"1,809,966.00",Feb-2025,84%,80%,OPEN,RSBS WITHIN THE MONTH,RED TAG,
B020L051,PPHI,NOMA2,BALANGA,1,B,2,CALISTA MID,44,40,"1,809,966.00",0.00,"1,809,966.00",Feb-2025,84%,80%,OPEN,RSBS WITHIN THE MONTH,RED TAG,
B020L053,PPHI,NOMA2,BALANGA,1,B,2,CALISTA MID,44,40,"1,809,966.00",0.00,"1,809,966.00",Feb-2025,84%,80%,OPEN,RSBS WITHIN THE MONTH,RED TAG,
B020L021,PPHI,NOMA2,BALANGA,1,B,2,CALISTA MID,44,40,"1,809,966.00",0.00,"1,809,966.00",Feb-2025,97%,80%,OPEN,RSBS WITHIN THE MONTH,RED TAG,
B020L022,PPHI,NOMA2,BALANGA,1,B,2,CALISTA MID,44,40,"1,809,966.00",0.00,"1,809,966.00",Feb-2025,97%,80%,OPEN,RSBS WITHIN THE MONTH,RED TAG,
B020L023,PPHI,NOMA2,BALANGA,1,B,2,CALISTA MID,44,40,"1,809,966.00",0.00,"1,809,966.00",Feb-2025,97%,80%,OPEN,RSBS WITHIN THE MONTH,RED TAG,
B018L038,PPHI,NOMA2,BALANGA,1,B,3,CALISTA MID,44,40,"1,837,106.00",0.00,"1,837,106.00",Jun-2025,97%,80%,OPEN,RSBS WITHIN THE MONTH,RED TAG,
B019L030,PPHI,NOMA2,BALANGA,1,B,3,CALISTA MID,44,40,"1,837,106.00",0.00,"1,837,106.00",May-2025,97%,80%,OPEN,RSBS WITHIN THE MONTH,RED TAG,
B019L032,PPHI,NOMA2,BALANGA,1,B,3,CALISTA MID,44,40,"1,837,106.00",0.00,"1,837,106.00",May-2025,95%,80%,OPEN,RSBS WITHIN THE MONTH,RED TAG,
B019L042,PPHI,NOMA2,BALANGA,1,B,3,CALISTA MID,44,40,"1,809,966.00",0.00,"1,809,966.00",May-2025,89%,80%,OPEN,RSBS WITHIN THE MONTH,RED TAG,
B019L045,PPHI,NOMA2,BALANGA,1,B,3,CALISTA MID,44,40,"1,809,966.00",0.00,"1,809,966.00",May-2025,86%,80%,OPEN,RSBS WITHIN THE MONTH,RED TAG,
B019L046,PPHI,NOMA2,BALANGA,1,B,3,CALISTA MID,44,40,"1,809,966.00",0.00,"1,809,966.00",May-2025,86%,80%,OPEN,RSBS WITHIN THE MONTH,RED TAG,
B019L051,PPHI,NOMA2,BALANGA,1,B,3,CALISTA MID,44,40,"1,809,966.00",0.00,"1,809,966.00",May-2025,92%,80%,OPEN,RSBS WITHIN THE MONTH,RED TAG,
B019L053,PPHI,NOMA2,BALANGA,1,B,3,CALISTA MID,44,40,"1,809,966.00",0.00,"1,809,966.00",May-2025,92%,80%,OPEN,RSBS WITHIN THE MONTH,RED TAG,
B019L055,PPHI,NOMA2,BALANGA,1,B,3,CALISTA MID,44,40,"1,809,966.00",0.00,"1,809,966.00",May-2025,92%,80%,OPEN,RSBS WITHIN THE MONTH,RED TAG,
B019L056,PPHI,NOMA2,BALANGA,1,B,3,CALISTA MID,44,40,"1,809,966.00",0.00,"1,809,966.00",May-2025,92%,80%,OPEN,RSBS WITHIN THE MONTH,RED TAG,
B006L016,PPHI,NOMA2,BALANGA,1,A,2,CALISTA MID,44,40,"1,809,966.00",0.00,"1,809,966.00",Aug-2024,91%,80%,OPEN,RSBS WITHIN THE MONTH,RED TAG,
B006L050,PPHI,NOMA2,BALANGA,1,A,2,CALISTA MID,44,40,"1,809,966.00",0.00,"1,809,966.00",Aug-2024,95%,80%,OPEN,RSBS WITHIN THE MONTH,RED TAG,
B006L055,PPHI,NOMA2,BALANGA,1,A,2,CALISTA MID,44,40,"1,809,966.00",0.00,"1,809,966.00",Aug-2024,100%,80%,OPEN,RSBS WITHIN THE MONTH,RED TAG,
B036L030,PPHI,NOMA2,IMPRESSIONS HERMOSA,1,A,1,CALISTA MID,44,40,"2,078,199.95",0.00,"2,078,199.95",Nov-2024,79%,60%,OPEN,RSBS WITHIN THE MONTH/RSBS WITHIN 30 DAYS,RED TAG,
B036L044,PPHI,NOMA2,IMPRESSIONS HERMOSA,1,A,1,CALISTA MID,44,40,"2,047,462.02",0.00,"2,047,462.02",Nov-2024,100%,80%,OPEN,RSBS WITHIN THE MONTH,RED TAG,
B036L049,PPHI,NOMA2,IMPRESSIONS HERMOSA,1,A,1,CALISTA MID,44,40,"2,047,462.02",0.00,"2,047,462.02",Nov-2024,100%,80%,OPEN,RSBS WITHIN THE MONTH,RED TAG,
B036L051,PPHI,NOMA2,IMPRESSIONS HERMOSA,1,A,1,CALISTA MID,44,40,"2,047,462.02",0.00,"2,047,462.02",Nov-2024,100%,80%,OPEN,RSBS WITHIN THE MONTH,RED TAG,
B036L055,PPHI,NOMA2,IMPRESSIONS HERMOSA,1,A,1,CALISTA MID,44,40,"2,047,462.02",0.00,"2,047,462.02",Dec-2024,100%,80%,OPEN,RSBS WITHIN THE MONTH,RED TAG,
B036L056,PPHI,NOMA2,IMPRESSIONS HERMOSA,1,A,1,CALISTA MID,44,40,"2,047,462.02",0.00,"2,047,462.02",Dec-2024,100%,80%,OPEN,RSBS WITHIN THE MONTH,RED TAG,
B036L061,PPHI,NOMA2,IMPRESSIONS HERMOSA,1,A,1,CALISTA MID,44,40,"2,047,462.02",0.00,"2,047,462.02",Dec-2024,100%,80%,OPEN,RSBS WITHIN THE MONTH,RED TAG,
B038L021,PPHI,NOMA2,IMPRESSIONS HERMOSA,1,A,1,CALISTA MID,50,40,"2,197,526.32",0.00,"2,197,526.32",Jan-2025,100%,80%,OPEN,RSBS WITHIN THE MONTH,RED TAG,
B036L010,PPHI,NOMA2,IMPRESSIONS HERMOSA,1,A,1,CALISTA MID,44,40,"2,078,199.95",0.00,"2,078,199.95",Dec-2024,100%,80%,OPEN,RSBS WITHIN THE MONTH,RED TAG,
B036L016,PPHI,NOMA2,IMPRESSIONS HERMOSA,1,A,1,CALISTA MID,44,40,"2,078,199.95",0.00,"2,078,199.95",Nov-2024,100%,80%,OPEN,RSBS WITHIN THE MONTH,RED TAG,
B023L032,PPHI,NOMA2,IMPRESSIONS HERMOSA,1,A,2,CALISTA MID,44,40,"2,149,855.12",0.00,"2,149,855.12",Apr-2025,100%,80%,OPEN,RSBS WITHIN THE MONTH,RED TAG,
B023L033,PPHI,NOMA2,IMPRESSIONS HERMOSA,1,A,2,CALISTA MID,44,40,"2,149,855.12",0.00,"2,149,855.12",Apr-2025,100%,80%,OPEN,RSBS WITHIN THE MONTH,RED TAG,
B023L034,PPHI,NOMA2,IMPRESSIONS HERMOSA,1,A,2,CALISTA MID,44,40,"2,149,855.12",0.00,"2,149,855.12",Apr-2025,100%,80%,OPEN,RSBS WITHIN THE MONTH,RED TAG,
B035L004,PPHI,NOMA2,IMPRESSIONS HERMOSA,1,A,2,CALISTA MID,44,40,"2,047,462.02",0.00,"2,047,462.02",Feb-2025,100%,80%,OPEN,RSBS WITHIN THE MONTH,RED TAG,
B035L009,PPHI,NOMA2,IMPRESSIONS HERMOSA,1,A,2,CALISTA MID,44,40,"2,047,462.02",0.00,"2,047,462.02",Feb-2025,100%,80%,OPEN,RSBS WITHIN THE MONTH,RED TAG,
B035L010,PPHI,NOMA2,IMPRESSIONS HERMOSA,1,A,2,CALISTA MID,44,40,"2,047,462.02",0.00,"2,047,462.02",Feb-2025,100%,80%,OPEN,RSBS WITHIN THE MONTH,RED TAG,
B035L062,PPHI,NOMA2,IMPRESSIONS HERMOSA,1,A,2,CALISTA MID,44,40,"2,047,462.02",0.00,"2,047,462.02",Feb-2025,100%,80%,OPEN,RSBS WITHIN THE MONTH,RED TAG,
B035L063,PPHI,NOMA2,IMPRESSIONS HERMOSA,1,A,2,CALISTA MID,44,40,"2,047,462.02",0.00,"2,047,462.02",Feb-2025,100%,80%,OPEN,RSBS WITHIN THE MONTH,RED TAG,
B035L064,PPHI,NOMA2,IMPRESSIONS HERMOSA,1,A,2,CALISTA MID,44,40,"2,047,462.02",0.00,"2,047,462.02",Feb-2025,100%,80%,OPEN,RSBS WITHIN THE MONTH,RED TAG,
B035L005,PPHI,NOMA2,IMPRESSIONS HERMOSA,1,A,2,CALISTA MID,44,40,"2,047,462.02",0.00,"2,047,462.02",Feb-2025,100%,80%,OPEN,RSBS WITHIN THE MONTH,RED TAG,
B036L042,PPHI,NOMA2,IMPRESSIONS HERMOSA,1,A,1,CALISTA MID,44,40,"2,047,462.02",0.00,"2,047,462.02",Nov-2024,100%,80%,OPEN,RSBS WITHIN THE MONTH,RED TAG,
B031L012,PPHI,NOMA2,IMPRESSIONS HERMOSA,1,A,3,CALISTA MID,47,40,"2,116,860.05",0.00,"2,116,860.05",Jul-2025,70%,60%,OPEN,RSBS WITHIN THE MONTH,RED TAG,
B034L014,PPHI,NOMA2,IMPRESSIONS HERMOSA,1,A,3,CALISTA MID,44,40,"2,047,462.02",0.00,"2,047,462.02",Jul-2025,100%,80%,OPEN,RSBS WITHIN THE MONTH,RED TAG,
B034L015,PPHI,NOMA2,IMPRESSIONS HERMOSA,1,A,3,CALISTA MID,44,40,"2,047,462.02",0.00,"2,047,462.02",Jul-2025,100%,80%,OPEN,RSBS WITHIN THE MONTH,RED TAG,
B034L016,PPHI,NOMA2,IMPRESSIONS HERMOSA,1,A,3,CALISTA MID,44,40,"2,047,462.02",0.00,"2,047,462.02",Jul-2025,100%,80%,OPEN,RSBS WITHIN THE MONTH,RED TAG,
B034L017,PPHI,NOMA2,IMPRESSIONS HERMOSA,1,A,3,CALISTA MID,44,40,"2,047,462.02",0.00,"2,047,462.02",Jul-2025,100%,80%,OPEN,RSBS WITHIN THE MONTH,RED TAG,
B034L020,PPHI,NOMA2,IMPRESSIONS HERMOSA,1,A,3,CALISTA MID,44,40,"2,047,462.02",0.00,"2,047,462.02",Jun-2025,100%,80%,OPEN,RSBS WITHIN THE MONTH,RED TAG,
B034L033,PPHI,NOMA2,IMPRESSIONS HERMOSA,1,A,3,CALISTA MID,44,40,"2,047,462.02",0.00,"2,047,462.02",Jun-2025,100%,80%,OPEN,RSBS WITHIN THE MONTH,RED TAG,
B034L040,PPHI,NOMA2,IMPRESSIONS HERMOSA,1,A,3,CALISTA MID,44,40,"2,047,462.02",0.00,"2,047,462.02",Jun-2025,100%,80%,OPEN,RSBS WITHIN THE MONTH,RED TAG,
B034L041,PPHI,NOMA2,IMPRESSIONS HERMOSA,1,A,3,CALISTA MID,44,40,"2,047,462.02",0.00,"2,047,462.02",Jun-2025,100%,80%,OPEN,RSBS WITHIN THE MONTH,RED TAG,
B034L044,PPHI,NOMA2,IMPRESSIONS HERMOSA,1,A,3,CALISTA MID,44,40,"2,047,462.02",0.00,"2,047,462.02",Jul-2025,92%,80%,OPEN,RSBS WITHIN THE MONTH,RED TAG,
B034L045,PPHI,NOMA2,IMPRESSIONS HERMOSA,1,A,3,CALISTA MID,44,40,"2,047,462.02",0.00,"2,047,462.02",Jul-2025,92%,80%,REOPEN,RSBS WITHIN THE MONTH,RED TAG,
B034L046,PPHI,NOMA2,IMPRESSIONS HERMOSA,1,A,3,CALISTA MID,44,40,"2,047,462.02",0.00,"2,047,462.02",Jul-2025,92%,80%,OPEN,RSBS WITHIN THE MONTH,RED TAG,
B034L047,PPHI,NOMA2,IMPRESSIONS HERMOSA,1,A,3,CALISTA MID,44,40,"2,047,462.02",0.00,"2,047,462.02",Jul-2025,92%,80%,OPEN,RSBS WITHIN THE MONTH,RED TAG,
B034L050,PPHI,NOMA2,IMPRESSIONS HERMOSA,1,A,3,CALISTA MID,44,40,"2,047,462.02",0.00,"2,047,462.02",Jul-2025,92%,80%,OPEN,RSBS WITHIN THE MONTH,RED TAG,
B034L051,PPHI,NOMA2,IMPRESSIONS HERMOSA,1,A,3,CALISTA MID,44,40,"2,047,462.02",0.00,"2,047,462.02",Jul-2025,92%,80%,OPEN,RSBS WITHIN THE MONTH,RED TAG,
B034L053,PPHI,NOMA2,IMPRESSIONS HERMOSA,1,A,3,CALISTA MID,44,40,"2,047,462.02",0.00,"2,047,462.02",Jul-2025,92%,80%,OPEN,RSBS WITHIN THE MONTH,RED TAG,
B035L014,PPHI,NOMA2,IMPRESSIONS HERMOSA,1,A,3,CALISTA MID,44,40,"2,047,462.02",0.00,"2,047,462.02",Jun-2025,100%,80%,OPEN,RSBS WITHIN THE MONTH,RED TAG,
B035L015,PPHI,NOMA2,IMPRESSIONS HERMOSA,1,A,3,CALISTA MID,44,40,"2,047,462.02",0.00,"2,047,462.02",Jun-2025,100%,80%,OPEN,RSBS WITHIN THE MONTH,RED TAG,
B035L016,PPHI,NOMA2,IMPRESSIONS HERMOSA,1,A,3,CALISTA MID,44,40,"2,047,462.02",0.00,"2,047,462.02",Jun-2025,100%,80%,OPEN,RSBS WITHIN THE MONTH,RED TAG,
B035L017,PPHI,NOMA2,IMPRESSIONS HERMOSA,1,A,3,CALISTA MID,44,40,"2,047,462.02",0.00,"2,047,462.02",Jun-2025,100%,80%,OPEN,RSBS WITHIN THE MONTH,RED TAG,
B035L020,PPHI,NOMA2,IMPRESSIONS HERMOSA,1,A,3,CALISTA MID,44,40,"2,047,462.02",0.00,"2,047,462.02",May-2025,100%,80%,OPEN,RSBS WITHIN THE MONTH,RED TAG,
B035L021,PPHI,NOMA2,IMPRESSIONS HERMOSA,1,A,3,CALISTA MID,44,40,"2,047,462.02",0.00,"2,047,462.02",May-2025,100%,80%,OPEN,RSBS WITHIN THE MONTH,RED TAG,
B035L022,PPHI,NOMA2,IMPRESSIONS HERMOSA,1,A,3,CALISTA MID,44,40,"2,047,462.02",0.00,"2,047,462.02",May-2025,100%,80%,OPEN,RSBS WITHIN THE MONTH,RED TAG,
B035L023,PPHI,NOMA2,IMPRESSIONS HERMOSA,1,A,3,CALISTA MID,44,40,"2,047,462.02",0.00,"2,047,462.02",May-2025,100%,80%,OPEN,RSBS WITHIN THE MONTH,RED TAG,
B035L026,PPHI,NOMA2,IMPRESSIONS HERMOSA,1,A,3,CALISTA MID,44,40,"2,047,462.02",0.00,"2,047,462.02",May-2025,100%,80%,OPEN,RSBS WITHIN THE MONTH,RED TAG,
B035L030,PPHI,NOMA2,IMPRESSIONS HERMOSA,1,A,3,CALISTA MID,44,40,"2,047,462.02",0.00,"2,047,462.02",May-2025,100%,80%,OPEN,RSBS WITHIN THE MONTH,RED TAG,
B035L031,PPHI,NOMA2,IMPRESSIONS HERMOSA,1,A,3,CALISTA MID,44,40,"2,047,462.02",0.00,"2,047,462.02",May-2025,100%,80%,OPEN,RSBS WITHIN THE MONTH,RED TAG,
B035L034,PPHI,NOMA2,IMPRESSIONS HERMOSA,1,A,3,CALISTA MID,44,40,"2,047,462.02",0.00,"2,047,462.02",May-2025,100%,80%,OPEN,RSBS WITHIN THE MONTH,RED TAG,
B035L035,PPHI,NOMA2,IMPRESSIONS HERMOSA,1,A,3,CALISTA MID,44,40,"2,047,462.02",0.00,"2,047,462.02",May-2025,100%,80%,OPEN,RSBS WITHIN THE MONTH,RED TAG,
B035L038,PPHI,NOMA2,IMPRESSIONS HERMOSA,1,A,3,CALISTA MID,44,40,"2,047,462.02",0.00,"2,047,462.02",May-2025,100%,80%,OPEN,RSBS WITHIN THE MONTH,RED TAG,
B035L039,PPHI,NOMA2,IMPRESSIONS HERMOSA,1,A,3,CALISTA MID,44,40,"2,047,462.02",0.00,"2,047,462.02",May-2025,100%,80%,OPEN,RSBS WITHIN THE MONTH,RED TAG,
B035L046,PPHI,NOMA2,IMPRESSIONS HERMOSA,1,A,3,CALISTA MID,44,40,"2,047,462.02",0.00,"2,047,462.02",May-2025,100%,80%,OPEN,RSBS WITHIN THE MONTH,RED TAG,
B035L047,PPHI,NOMA2,IMPRESSIONS HERMOSA,1,A,3,CALISTA MID,44,40,"2,047,462.02",0.00,"2,047,462.02",May-2025,100%,80%,OPEN,RSBS WITHIN THE MONTH,RED TAG,
B035L052,PPHI,NOMA2,IMPRESSIONS HERMOSA,1,A,3,CALISTA MID,44,40,"2,047,462.02",0.00,"2,047,462.02",May-2025,79%,60%,OPEN,RSBS WITHIN THE MONTH,RED TAG,
B035L057,PPHI,NOMA2,IMPRESSIONS HERMOSA,1,A,3,CALISTA MID,44,40,"2,047,462.02",0.00,"2,047,462.02",Jun-2025,85%,80%,OPEN,RSBS WITHIN THE MONTH,RED TAG,
B035L058,PPHI,NOMA2,IMPRESSIONS HERMOSA,1,A,3,CALISTA MID,44,40,"2,047,462.02",0.00,"2,047,462.02",Jun-2025,85%,80%,OPEN,RSBS WITHIN THE MONTH,RED TAG,
B035L059,PPHI,NOMA2,IMPRESSIONS HERMOSA,1,A,3,CALISTA MID,44,40,"2,047,462.02",0.00,"2,047,462.02",Jun-2025,85%,80%,OPEN,RSBS WITHIN THE MONTH,RED TAG,
B035L027,PPHI,NOMA2,IMPRESSIONS HERMOSA,1,A,3,CALISTA MID,44,40,"2,047,462.02",0,"2,047,462.02",May-2025,100%,80%,OPEN,RSBS WITHIN THE MONTH,RED TAG,
B036L060,PPHI,NOMA2,IMPRESSIONS HERMOSA,1,A,1,CALISTA MID,44,40,"2,047,462.02",0.00,"2,047,462.02",Dec-2024,100%,80%,REOPEN,RSBS WITHIN THE MONTH,RED TAG,
B036L038,PPHI,NOMA2,IMPRESSIONS HERMOSA,1,A,1,CALISTA MID,44,40,"2,047,462.02",0.00,"2,047,462.02",Nov-2024,100%,80%,REOPEN,RSBS WITHIN THE MONTH,RED TAG,
B022L052,PPHI,NOMA2,IMPRESSIONS HERMOSA,1,A,2,CALISTA MID,44,40,"2,047,462.02",0.00,"2,047,462.02",Mar-2025,100%,80%,OPEN,RSBS WITHIN THE MONTH,RED TAG,
B038L029,PPHI,NOMA2,IMPRESSIONS HERMOSA,1,A,1,CALISTA MID,50,40,"2,197,526.32",0.00,"2,197,526.32",Jan-2025,100%,80%,OPEN,RSBS WITHIN THE MONTH,RED TAG,
B023L048,PPHI,NOMA2,IMPRESSIONS HERMOSA,1,A,2,CALISTA MID,44,40,"2,047,462.02",0.00,"2,047,462.02",Apr-2025,100%,80%,OPEN,RSBS WITHIN THE MONTH,RED TAG,
B008L001,PPHI,NOMA2,HERMOSA FAIRGROUNDS,1,A,,Commercial Lot,867,,"46,124,698.50","4,612,478.41","41,512,220.09",Mar-2025,0%,0%,OPEN,MEMO TERM,YELLOW TAG,
B008L002,PPHI,NOMA2,HERMOSA FAIRGROUNDS,1,A,,Commercial Lot,672,,"35,750,617.87","3,575,069.77","32,175,548.10",Mar-2025,0%,0%,OPEN,MEMO TERM,YELLOW TAG,
B008L003,PPHI,NOMA2,HERMOSA FAIRGROUNDS,1,A,,Commercial Lot,684,,"36,389,062.83","3,638,910.30","32,750,152.53",Mar-2025,0%,0%,OPEN,MEMO TERM,YELLOW TAG,
B008L004,PPHI,NOMA2,HERMOSA FAIRGROUNDS,1,A,,Commercial Lot,657,,"34,952,611.67","3,495,269.11","31,457,342.56",Mar-2025,0%,0%,OPEN,MEMO TERM,YELLOW TAG,
B008L005,PPHI,NOMA2,HERMOSA FAIRGROUNDS,1,A,,Commercial Lot,621,,"33,037,376.78","3,303,747.51","29,733,629.27",Mar-2025,0%,0%,OPEN,MEMO TERM,YELLOW TAG,
B008L006,PPHI,NOMA2,HERMOSA FAIRGROUNDS,1,A,,Commercial Lot,584,,"31,068,988.15","3,106,905.87","27,962,082.28",Mar-2025,0%,0%,OPEN,MEMO TERM,YELLOW TAG,
B008L007,PPHI,NOMA2,HERMOSA FAIRGROUNDS,1,A,,Commercial Lot,544,,"28,941,038.28","2,894,104.10","26,046,934.18",Mar-2025,0%,0%,OPEN,MEMO TERM,YELLOW TAG,
B009L002,PPHI,NOMA2,HERMOSA FAIRGROUNDS,1,A,,Commercial Lot,583,,"30,425,041.36","3,042,508.00","27,382,533.36",Mar-2025,0%,0%,OPEN,MEMO TERM,YELLOW TAG,
B009L003,PPHI,NOMA2,HERMOSA FAIRGROUNDS,1,A,,Commercial Lot,524,,"27,345,971.66","2,734,604.11","24,611,367.55",Mar-2025,0%,0%,OPEN,MEMO TERM,YELLOW TAG,
B009L004,PPHI,NOMA2,HERMOSA FAIRGROUNDS,1,A,,Commercial Lot,502,,"26,197,896.51","2,619,792.48","23,578,104.03",Mar-2025,0%,0%,OPEN,MEMO TERM,YELLOW TAG,
B009L005,PPHI,NOMA2,HERMOSA FAIRGROUNDS,1,A,,Commercial Lot,518,,"27,032,823.90","2,703,291.85","24,329,532.05",Mar-2025,0%,0%,OPEN,MEMO TERM,YELLOW TAG,
B009L006,PPHI,NOMA2,HERMOSA FAIRGROUNDS,1,A,,Commercial Lot,539,,"28,128,791.08","2,812,884.76","25,315,906.32",Mar-2025,0%,0%,OPEN,MEMO TERM,YELLOW TAG,
B009L007,PPHI,NOMA2,HERMOSA FAIRGROUNDS,1,A,,Commercial Lot,561,,"29,276,866.22","2,927,696.38","26,349,169.84",Mar-2025,0%,0%,OPEN,RSBS WITHIN THE MONTH,YELLOW TAG,
B022L055,PPHI,NOMA2,IMPRESSIONS HERMOSA,1,A,2,CALISTA MID,44,40,"2,047,462.02",0.00,"2,047,462.02",Mar-2025,100%,80%,REOPEN,RSBS WITHIN THE MONTH,RED TAG,
B038L030,PPHI,NOMA2,IMPRESSIONS HERMOSA,1,A,1,CALISTA MID,50,40,"2,197,526.32",0.00,"2,197,526.32",Jan-2025,100%,80%,OPEN,RSBS WITHIN THE MONTH,RED TAG,
B009L001,PPHI,NOMA2,HERMOSA FAIRGROUNDS,1,A,,Commercial Lot,"1,531",,"79,898,388.56","7,989,845.20","71,908,543.36",Mar-2025,0%,0%,OPEN,RSBS WITHIN THE MONTH,YELLOW TAG,
B036L023,PPHI,NOMA2,IMPRESSIONS HERMOSA,1,A,1,CALISTA MID,44,40,"2,078,199.95",0.00,"2,078,199.95",Nov-2024,100%,80%,REOPEN,RSBS WITHIN THE MONTH,RED TAG,
B036L035,PPHI,NOMA2,IMPRESSIONS HERMOSA,1,A,1,CALISTA MID,44,40,"2,047,462.02",0.00,"2,047,462.02",Nov-2024,100%,80%,REOPEN,RSBS WITHIN THE MONTH,RED TAG,
B044L027,PPHI,SOMA2,TAYABAS,1,B,1,CALISTA MID,44,40,"1,789,537.65",0.00,"1,789,537.65",Aug-2024,100%,80%,REOPEN,RSBS WITHIN THE MONTH,RED TAG,
B049L056,PPHI,SOMA2,TAYABAS,1,B,3,CALISTA MID,44,40,"1,789,537.65",0.00,"1,789,537.65",Apr-2025,100%,80%,REOPEN,RSBS WITHIN THE MONTH,RED TAG,
B003L006,PPHI,SOMA2,SAN PABLO EAST,1,,1,CALISTA MID,44,40,"1,909,801.34",0.00,"1,909,801.34",Nov-2026,0%,0%,OPEN,MEMO TERM,YELLOW TAG,
B003L007,PPHI,SOMA2,SAN PABLO EAST,1,,1,CALISTA MID,44,40,"1,909,801.34",0.00,"1,909,801.34",Nov-2026,0%,0%,OPEN,MEMO TERM,YELLOW TAG,
B003L009,PPHI,SOMA2,SAN PABLO EAST,1,,1,CALISTA MID,44,40,"1,909,801.34",0.00,"1,909,801.34",Nov-2026,0%,0%,OPEN,MEMO TERM,YELLOW TAG,
B003L010,PPHI,SOMA2,SAN PABLO EAST,1,,1,CALISTA MID,44,40,"1,909,801.34",0.00,"1,909,801.34",Nov-2026,0%,0%,OPEN,MEMO TERM,YELLOW TAG,
B004L004,PPHI,SOMA2,SAN PABLO EAST,1,,1,CALISTA MID,44,40,"1,909,801.34",0.00,"1,909,801.34",Dec-2026,0%,0%,OPEN,MEMO TERM,YELLOW TAG,
B004L013,PPHI,SOMA2,SAN PABLO EAST,1,,1,CALISTA MID,44,40,"1,909,801.34",0.00,"1,909,801.34",Jan-2027,0%,0%,OPEN,MEMO TERM,YELLOW TAG,
B004L024,PPHI,SOMA2,SAN PABLO EAST,1,,1,CALISTA MID,44,40,"1,909,801.34",0.00,"1,909,801.34",Nov-2026,0%,0%,OPEN,MEMO TERM,YELLOW TAG,
B004L026,PPHI,SOMA2,SAN PABLO EAST,1,,1,CALISTA MID,44,40,"1,909,801.34",0.00,"1,909,801.34",Nov-2026,0%,0%,OPEN,MEMO TERM,YELLOW TAG,
B004L030,PPHI,SOMA2,SAN PABLO EAST,1,,1,CALISTA MID,44,40,"1,909,801.34",0.00,"1,909,801.34",Dec-2026,0%,0%,OPEN,MEMO TERM,YELLOW TAG,
B004L031,PPHI,SOMA2,SAN PABLO EAST,1,,1,CALISTA MID,44,40,"1,909,801.34",0.00,"1,909,801.34",Dec-2026,0%,0%,OPEN,MEMO TERM,YELLOW TAG,
B004L036,PPHI,SOMA2,SAN PABLO EAST,1,,1,CALISTA MID,44,40,"1,909,801.34",0.00,"1,909,801.34",Dec-2026,0%,0%,OPEN,MEMO TERM,YELLOW TAG,
B004L037,PPHI,SOMA2,SAN PABLO EAST,1,,1,CALISTA MID,44,40,"1,909,801.34",0.00,"1,909,801.34",Dec-2026,12%,12%,OPEN,MEMO TERM,YELLOW TAG,
B004L038,PPHI,SOMA2,SAN PABLO EAST,1,,1,CALISTA MID,44,40,"1,909,801.34",0,"1,909,801.34",Dec-2026,12%,12%,OPEN,MEMO TERM,YELLOW TAG,
B004L039,PPHI,SOMA2,SAN PABLO EAST,1,,1,CALISTA MID,44,40,"1,909,801.34",0.00,"1,909,801.34",Dec-2026,12%,12%,OPEN,MEMO TERM,YELLOW TAG,
B004L040,PPHI,SOMA2,SAN PABLO EAST,1,,1,CALISTA MID,44,40,"1,909,801.34",0.00,"1,909,801.34",Dec-2026,12%,12%,OPEN,MEMO TERM,YELLOW TAG,
B004L052,PPHI,SOMA2,SAN PABLO EAST,1,,1,CALISTA MID,44,40,"1,909,801.34",0.00,"1,909,801.34",Dec-2026,12%,12%,OPEN,MEMO TERM,YELLOW TAG,
B034L037,PPHI,NOMA2,IMPRESSIONS HERMOSA,1,A,3,CALISTA MID,44,40,"2,047,462.02",0.00,"2,047,462.02",Jun-2025,100%,80%,OPEN,RSBS WITHIN THE MONTH,RED TAG,
B023L100,PPHI,SOMA2,CALAMBA WEST,1,A,3,CALISTA END,135,40,"4,374,481.00",0.00,"4,374,481.00",Feb-2027,0%,0%,OPEN,MEMO TERM,YELLOW TAG,
B022L047,PPHI,NOMA2,IMPRESSIONS HERMOSA,1,A,2,CALISTA MID,44,40,"2,047,462.02",0,"2,047,462.02",Feb-2025,100%,80%,REOPEN,RSBS WITHIN THE MONTH,RED TAG,
B031L003,PPHI,SOMA2,CALAMBA,1,B,8B,CALISTA END,61,40,"3,824,746.26",0.00,"3,824,746.26",Dec-2025,100%,80%,REOPEN,RSBS WITHIN THE MONTH,RED TAG,
B034L024,PPHI,NOMA2,IMPRESSIONS HERMOSA,1,A,3,CALISTA MID,44,40,"2,047,462.02",0.00,"2,047,462.02",Jun-2025,100%,80%,OPEN,RSBS WITHIN THE MONTH,RED TAG,
B004L022,PPHI,SOMA2,SAN PABLO EAST,1,,1,CALISTA MID,44,40,"1,909,801.34",0.00,"1,909,801.34",Nov-2026,6%,6%,Fallout,MEMO TERM,YELLOW TAG,
B016L003,PPHI,SOMA2,SAN PABLO EAST,1,,2,CALISTA MID,44,40,"1,938,427.36",0.00,"1,938,427.36",Feb-2027,0%,0%,OPEN,MEMO TERM,YELLOW TAG,
B017L011,PPHI,SOMA2,SAN PABLO EAST,1,,2,CALISTA MID,44,40,"1,909,801.34",0.00,"1,909,801.34",Feb-2027,0%,0%,OPEN,MEMO TERM,YELLOW TAG,
B017L016,PPHI,SOMA2,SAN PABLO EAST,1,,2,CALISTA MID,44,40,"1,938,427.36",0.00,"1,938,427.36",Feb-2027,0%,0%,OPEN,MEMO TERM,YELLOW TAG,
B017L018,PPHI,SOMA2,SAN PABLO EAST,1,,2,CALISTA MID,44,40,"1,938,427.36",0.00,"1,938,427.36",Feb-2027,0%,0%,OPEN,MEMO TERM,YELLOW TAG,
B049L008,PPHI,SOMA2,TAYABAS,1,B,3,CALISTA MID,44,40,"1,836,857.71",0.00,"1,836,857.71",Feb-2025,100%,80%,REOPEN,RSBS WITHIN THE MONTH,RED TAG,
B022L021,PPHI,NOMA2,IMPRESSIONS HERMOSA,1,A,2,CALISTA MID,44,40,"2,180,593.05",0,"2,180,593.05",Mar-2025,100%,80%,REOPEN,RSBS WITHIN THE MONTH,RED TAG,
B022L046,PPHI,NOMA2,IMPRESSIONS HERMOSA,1,A,2,CALISTA MID,44,40,"2,047,462.02",0.00,"2,047,462.02",Feb-2025,100%,80%,REOPEN,RSBS WITHIN THE MONTH,RED TAG,
B036L063,PPHI,NOMA2,IMPRESSIONS HERMOSA,1,A,1,CALISTA MID,44,40,"2,047,462.02",0.00,"2,047,462.02",Dec-2024,100%,80%,REOPEN,RSBS WITHIN THE MONTH,RED TAG,
B004L019,PPHI,SOMA2,SAN PABLO EAST,1,,1,CALISTA MID,44,40,"1,909,801.34",0.00,"1,909,801.34",Jan-2027,6%,6%,REOPEN,RSBS WITHIN THE MONTH,YELLOW TAG,
B062L007,PPHI,SOMA 2,TAYABAS,2,A,3,CALISTA MID,44,40,"1,837,093.00",0.00,"1,837,093.00",Jan-2026,100%,80%,OPEN,RSBS WITHIN THE MONTH,RED TAG,
B062L009,PPHI,SOMA 2,TAYABAS,2,A,3,CALISTA MID,44,40,"1,837,093.00",0.00,"1,837,093.00",Jan-2026,100%,80%,OPEN,RSBS WITHIN THE MONTH,RED TAG,
B062L017,PPHI,SOMA 2,TAYABAS,2,A,3,CALISTA MID,44,40,"1,837,093.00",0.00,"1,837,093.00",Feb-2026,90%,80%,OPEN,RSBS WITHIN THE MONTH,RED TAG,
B062L018,PPHI,SOMA 2,TAYABAS,2,A,3,CALISTA MID,44,40,"1,837,093.00",0.00,"1,837,093.00",Feb-2026,90%,80%,OPEN,RSBS WITHIN THE MONTH,RED TAG,
B062L019,PPHI,SOMA 2,TAYABAS,2,A,3,CALISTA MID,44,40,"1,837,093.00",0.00,"1,837,093.00",Feb-2026,90%,80%,OPEN,RSBS WITHIN THE MONTH,RED TAG,
B062L020,PPHI,SOMA 2,TAYABAS,2,A,3,CALISTA MID,44,40,"1,837,093.00",0.00,"1,837,093.00",Feb-2026,90%,80%,OPEN,RSBS WITHIN THE MONTH,RED TAG,
B062L024,PPHI,SOMA 2,TAYABAS,2,A,3,CALISTA MID,44,40,"1,837,093.00",0.00,"1,837,093.00",Feb-2026,100%,80%,OPEN,RSBS WITHIN THE MONTH,RED TAG,
B062L025,PPHI,SOMA 2,TAYABAS,2,A,3,CALISTA MID,44,40,"1,837,093.00",0.00,"1,837,093.00",Feb-2026,100%,80%,OPEN,RSBS WITHIN THE MONTH,RED TAG,
B062L026,PPHI,SOMA 2,TAYABAS,2,A,3,CALISTA MID,44,40,"1,837,093.00",0.00,"1,837,093.00",Feb-2026,100%,80%,OPEN,RSBS WITHIN THE MONTH,RED TAG,
B062L027,PPHI,SOMA 2,TAYABAS,2,A,3,CALISTA MID,44,40,"1,837,093.00",0.00,"1,837,093.00",Feb-2026,100%,80%,OPEN,RSBS WITHIN THE MONTH,RED TAG,
B062L028,PPHI,SOMA 2,TAYABAS,2,A,3,CALISTA MID,44,40,"1,837,093.00",0.00,"1,837,093.00",Feb-2026,100%,80%,OPEN,RSBS WITHIN THE MONTH,RED TAG,
B062L029,PPHI,SOMA 2,TAYABAS,2,A,3,CALISTA MID,44,40,"1,837,093.00",0.00,"1,837,093.00",Feb-2026,100%,80%,OPEN,RSBS WITHIN THE MONTH,RED TAG,
B062L036,PPHI,SOMA 2,TAYABAS,2,A,3,CALISTA MID,57,40,"2,120,723.00",0.00,"2,120,723.00",Mar-2026,100%,80%,OPEN,RSBS WITHIN THE MONTH,RED TAG,
B062L037,PPHI,SOMA 2,TAYABAS,2,A,3,CALISTA MID,55,40,"2,088,317.00",0.00,"2,088,317.00",Mar-2026,100%,80%,OPEN,RSBS WITHIN THE MONTH,RED TAG,
B062L038,PPHI,SOMA 2,TAYABAS,2,A,3,CALISTA MID,53,40,"2,055,911.00",0.00,"2,055,911.00",Mar-2026,100%,80%,OPEN,RSBS WITHIN THE MONTH,RED TAG,
B062L040,PPHI,SOMA 2,TAYABAS,2,A,3,CALISTA MID,50,40,"2,007,302.00",0.00,"2,007,302.00",Mar-2026,100%,80%,OPEN,RSBS WITHIN THE MONTH,RED TAG,
B062L041,PPHI,SOMA 2,TAYABAS,2,A,3,CALISTA MID,49,40,"1,991,099.00",0.00,"1,991,099.00",Mar-2026,100%,80%,OPEN,RSBS WITHIN THE MONTH,RED TAG,
B062L045,PPHI,SOMA 2,TAYABAS,2,A,3,CALISTA MID,44,40,"1,910,084.00",0.00,"1,910,084.00",Mar-2026,93%,80%,OPEN,RSBS WITHIN THE MONTH,RED TAG,
B062L046,PPHI,SOMA 2,TAYABAS,2,A,3,CALISTA MID,44,40,"1,910,084.00",0.00,"1,910,084.00",Mar-2026,93%,80%,OPEN,RSBS WITHIN THE MONTH,RED TAG,
B062L047,PPHI,SOMA 2,TAYABAS,2,A,3,CALISTA MID,44,40,"1,910,084.00",0.00,"1,910,084.00",Mar-2026,93%,80%,OPEN,RSBS WITHIN THE MONTH,RED TAG,
B049L002,PPHI,SOMA2,TAYABAS,1,B,3,CALISTA MID,44,40,"1,836,857.71",0.00,"1,836,857.71",Feb-2025,100%,80%,CANCELLED,SHOULD BE WITH SDP & RF UPON HOLDING,RED TAG,
B027L015,PPHI,SOMA2,CALAMBA,1,C,9,UNNA CORNER,128,54,"5,755,041.52","575,511.59","5,179,529.93",Jun-2024,100%,80%,CANCELLED,SHOULD BE WITH SDP & RF UPON HOLDING,RED TAG,
B022L044,PPHI,NOMA2,IMPRESSIONS HERMOSA,1,A,2,CALISTA MID,44,40,"2,047,462.02",0.00,"2,047,462.02",Feb-2025,100%,80%,CANCELLED,SHOULD BE WITH SDP & RF UPON HOLDING,RED TAG,
B023L026,PPHI,NOMA2,IMPRESSIONS HERMOSA,1,A,2,CALISTA MID,44,40,"2,149,855.12",0.00,"2,149,855.12",Apr-2025,100%,80%,CANCELLED,SHOULD BE WITH SDP & RF UPON HOLDING,RED TAG,
B036L050,PPHI,NOMA2,IMPRESSIONS HERMOSA,1,A,1,CALISTA MID,44,40,"2,047,462.02",0.00,"2,047,462.02",Nov-2024,100%,80%,FALLOUT,RSBS WITHIN THE MONTH,RED TAG,
B034L009,PPHI,NOMA2,IMPRESSIONS HERMOSA,1,A,3,CALISTA MID,44,40,"2,047,462.02",0.00,"2,047,462.02",Jul-2025,100%,80%,FALLOUT,RSBS WITHIN THE MONTH,RED TAG,
B034L010,PPHI,NOMA2,IMPRESSIONS HERMOSA,1,A,3,CALISTA MID,44,40,"2,047,462.02",0.00,"2,047,462.02",Jul-2025,100%,80%,FALLOUT,RSBS WITHIN THE MONTH,RED TAG,
B051L004,PPHI,SOMA2,SIGHTS CALAUAN,1,,2,AMANI MID,40,36,"1,669,330.69",0.00,"1,669,330.69",Jun-2027,0%,0%,FALLOUT,MEMO TERM,YELLOW TAG,
B051L035,PPHI,SOMA2,SIGHTS CALAUAN,1,,2,AMANI MID,40,36,"1,669,330.69",0.00,"1,669,330.69",Jun-2027,0%,0%,FALLOUT,MEMO TERM,YELLOW TAG,
B052L036,PPHI,SOMA2,SIGHTS CALAUAN,1,,2,AMANI MID,40,36,"1,669,330.69",0.00,"1,669,330.69",May-2027,0%,0%,FALLOUT,MEMO TERM,YELLOW TAG,
B013L008,PPHI,SOMA2,SIGHTS BAY,3,,2,AMANI MID,40,36,"1,710,080.26",0.00,"1,710,080.26",May-2026,12%,12%,FALLOUT,MEMO TERM,YELLOW TAG,
B003L008,PPHI,SOMA2,SAN PABLO EAST,1,,1,CALISTA MID,44,40,"1,909,801.34",0.00,"1,909,801.34",Nov-2026,0%,0%,FALLOUT,MEMO TERM,YELLOW TAG,
B003L014,PPHI,SOMA2,SAN PABLO EAST,1,,1,CALISTA MID,44,40,"1,909,801.34",0.00,"1,909,801.34",Nov-2026,0%,0%,FALLOUT,MEMO TERM,YELLOW TAG,
B003L016,PPHI,SOMA2,SAN PABLO EAST,1,,1,CALISTA MID,44,40,"1,909,801.34",0.00,"1,909,801.34",Nov-2026,0%,0%,FALLOUT,MEMO TERM,YELLOW TAG,
B004L003,PPHI,SOMA2,SAN PABLO EAST,1,,1,CALISTA MID,44,40,"1,909,801.34",0.00,"1,909,801.34",Dec-2026,0%,0%,FALLOUT,MEMO TERM,YELLOW TAG,
B004L007,PPHI,SOMA2,SAN PABLO EAST,1,,1,CALISTA MID,44,40,"1,909,801.34",0.00,"1,909,801.34",Dec-2026,0%,0%,FALLOUT,MEMO TERM,YELLOW TAG,
B004L023,PPHI,SOMA2,SAN PABLO EAST,1,,1,CALISTA MID,44,40,"1,909,801.34",0.00,"1,909,801.34",Nov-2026,0%,0%,FALLOUT,MEMO TERM,YELLOW TAG,
B004L050,PPHI,SOMA2,SAN PABLO EAST,1,,1,CALISTA MID,44,40,"1,909,801.34",0.00,"1,909,801.34",Dec-2026,12%,12%,FALLOUT,MEMO TERM,YELLOW TAG,
B004L060,PPHI,SOMA2,SAN PABLO EAST,1,,1,CALISTA MID,44,40,"1,909,801.34",0.00,"1,909,801.34",Dec-2026,12%,12%,FALLOUT,MEMO TERM,YELLOW TAG,
B004L061,PPHI,SOMA2,SAN PABLO EAST,1,,1,CALISTA MID,44,40,"1,909,801.34",0.00,"1,909,801.34",Dec-2026,12%,12%,FALLOUT,MEMO TERM,YELLOW TAG,
B005L007,PPHI,SOMA2,SAN PABLO EAST,1,,1,CALISTA MID,44,40,"1,909,801.34",0.00,"1,909,801.34",Apr-2027,12%,12%,FALLOUT,MEMO TERM,YELLOW TAG,
B006L010,PPHI,SOMA2,SAN PABLO EAST,1,,1,CALISTA MID,44,40,"1,909,801.34",0.00,"1,909,801.34",Apr-2027,12%,12%,FALLOUT,RSBS WITHIN THE MONTH,YELLOW TAG,
B006L064,PPHI,NOMA2,BALANGA,1,A,2,CALISTA MID,44,40,"1,809,966.00",0.00,"1,809,966.00",Sep-2024,100%,80%,REOPEN,RSBS WITHIN THE MONTH,RED TAG,
B054L017,PPHI,SOMA2,SIGHTS CALAUAN,1,,1,AMANI MID,40,36,"1,669,330.69",0.00,"1,669,330.69",Apr-2027,0%,0%,REOPEN,RSBS WITHIN THE MONTH,YELLOW TAG,
B055L005,PPHI,SOMA2,SIGHTS CALAUAN,1,,1,AMANI MID,40,36,"1,669,330.69",0.00,"1,669,330.69",May-2027,0%,0%,REOPEN,RSBS WITHIN THE MONTH,YELLOW TAG,
B055L020,PPHI,SOMA2,SIGHTS CALAUAN,1,,1,AMANI MID,40,36,"1,669,330.69",0.00,"1,669,330.69",May-2027,0%,0%,REOPEN,RSBS WITHIN THE MONTH,YELLOW TAG,
B056L002,PPHI,SOMA2,SIGHTS CALAUAN,1,,1,AMANI MID,40,36,"1,669,330.69",0.00,"1,669,330.69",May-2027,0%,0%,REOPEN,RSBS WITHIN THE MONTH,YELLOW TAG,
B023L006,PPHI,SOMA2,TAYABAS,3,B,1,UNNA REGULAR,110,54,"4,507,754.00","450,777.26","4,056,976.74",LOI,0%,0%,OPEN,MEMO TERM,YELLOW TAG,
B023L007,PPHI,SOMA2,TAYABAS,3,B,1,UNNA REGULAR,111,54,"4,528,868.00","452,889.42","4,075,978.58",LOI,0%,0%,OPEN,MEMO TERM,YELLOW TAG,
B023L008,PPHI,SOMA2,TAYABAS,3,B,1,UNNA REGULAR,110,54,"4,507,754.00","450,777.26","4,056,976.74",LOI,0%,0%,OPEN,MEMO TERM,YELLOW TAG,
B023L009,PPHI,SOMA2,TAYABAS,3,B,1,UNNA REGULAR,110,54,"4,507,754.00","450,777.26","4,056,976.74",LOI,0%,0%,OPEN,MEMO TERM,YELLOW TAG,
B023L010,PPHI,SOMA2,TAYABAS,3,B,1,UNNA REGULAR,99,54,"3,847,863.00",0.00,"3,847,863.00",LOI,0%,0%,OPEN,MEMO TERM,YELLOW TAG,
B023L011,PPHI,SOMA2,TAYABAS,3,B,1,UNNA REGULAR,99,54,"3,847,863.00",0.00,"3,847,863.00",LOI,0%,0%,OPEN,MEMO TERM,YELLOW TAG,
B023L012,PPHI,SOMA2,TAYABAS,3,B,1,UNNA CORNER,109,54,"4,403,650.00","440,373.21","3,963,276.79",LOI,0%,0%,OPEN,MEMO TERM,YELLOW TAG,
B024L009,PPHI,SOMA2,TAYABAS,3,B,1,UNNA REGULAR,105,54,"3,797,421.00",0.00,"3,797,421.00",LOI,30%,30%,OPEN,MEMO TERM,YELLOW TAG,
B024L010,PPHI,SOMA2,TAYABAS,3,B,1,UNNA REGULAR,107,54,"3,612,629.00",0.00,"3,612,629.00",LOI,55%,55%,OPEN,MEMO TERM,YELLOW TAG,
B024L013,PPHI,SOMA2,TAYABAS,3,B,1,UNNA REGULAR,113,54,"3,704,927.00",0.00,"3,704,927.00",LOI,55%,55%,OPEN,MEMO TERM,YELLOW TAG,
B024L014,PPHI,SOMA2,TAYABAS,3,B,1,UNNA REGULAR,114,54,"3,720,276.00",0.00,"3,720,276.00",LOI,55%,55%,OPEN,MEMO TERM,YELLOW TAG,
B024L015,PPHI,SOMA2,TAYABAS,3,B,1,UNNA REGULAR,115,54,"3,735,726.00",0.00,"3,735,726.00",LOI,55%,55%,OPEN,MEMO TERM,YELLOW TAG,
B024L016,PPHI,SOMA2,TAYABAS,3,B,1,UNNA REGULAR,116,54,"3,751,075.00",0.00,"3,751,075.00",LOI,55%,55%,OPEN,MEMO TERM,YELLOW TAG,
B024L017,PPHI,SOMA2,TAYABAS,3,B,1,UNNA REGULAR,117,54,"3,766,525.00",0.00,"3,766,525.00",LOI,55%,55%,OPEN,MEMO TERM,YELLOW TAG,
B024L018,PPHI,SOMA2,TAYABAS,3,B,1,UNNA REGULAR,118,54,"3,781,874.00",0.00,"3,781,874.00",LOI,60%,60%,OPEN,RSBS WITHIN THE MONTH/RSBS WITHIN 30 DAYS,RED TAG,
B024L019,PPHI,SOMA2,TAYABAS,3,B,1,UNNA REGULAR,119,54,"3,797,224.00",0.00,"3,797,224.00",LOI,60%,60%,OPEN,RSBS WITHIN THE MONTH/RSBS WITHIN 30 DAYS,RED TAG,
B024L022,PPHI,SOMA2,TAYABAS,3,B,1,UNNA REGULAR,119,54,"3,797,224.00",0.00,"3,797,224.00",LOI,0%,0%,OPEN,MEMO TERM,YELLOW TAG,
B024L023,PPHI,SOMA2,TAYABAS,3,B,1,UNNA REGULAR,136,54,"4,509,857.00","450,991.87","4,058,865.13",LOI,0%,0%,OPEN,MEMO TERM,YELLOW TAG,
B025L009,PPHI,SOMA2,TAYABAS,3,B,1,UNNA REGULAR,96,54,"3,541,785.00",0.00,"3,541,785.00",LOI,12%,12%,OPEN,MEMO TERM,YELLOW TAG,
B025L010,PPHI,SOMA2,TAYABAS,3,B,1,UNNA REGULAR,96,54,"3,541,785.00",0.00,"3,541,785.00",LOI,12%,12%,OPEN,MEMO TERM,YELLOW TAG,
B025L011,PPHI,SOMA2,TAYABAS,3,B,1,UNNA REGULAR,96,54,"3,541,785.00",0.00,"3,541,785.00",LOI,12%,12%,OPEN,MEMO TERM,YELLOW TAG,
B025L012,PPHI,SOMA2,TAYABAS,3,B,1,UNNA REGULAR,96,54,"3,541,785.00",0.00,"3,541,785.00",LOI,12%,12%,OPEN,MEMO TERM,YELLOW TAG,
B025L013,PPHI,SOMA2,TAYABAS,3,B,1,UNNA REGULAR,96,54,"3,541,785.00",0.00,"3,541,785.00",LOI,0%,0%,OPEN,MEMO TERM,YELLOW TAG,
B025L014,PPHI,SOMA2,TAYABAS,3,B,1,UNNA REGULAR,96,54,"3,541,785.00",0.00,"3,541,785.00",LOI,12%,12%,OPEN,MEMO TERM,YELLOW TAG,
B025L016,PPHI,SOMA2,TAYABAS,3,B,1,UNNA REGULAR,96,54,"3,541,785.00",0.00,"3,541,785.00",LOI,12%,12%,OPEN,MEMO TERM,YELLOW TAG,
B025L017,PPHI,SOMA2,TAYABAS,3,B,1,UNNA REGULAR,96,54,"3,541,785.00",0.00,"3,541,785.00",LOI,12%,12%,OPEN,MEMO TERM,YELLOW TAG,
B025L018,PPHI,SOMA2,TAYABAS,3,B,1,UNNA REGULAR,96,54,"3,541,785.00",0.00,"3,541,785.00",LOI,12%,12%,OPEN,MEMO TERM,YELLOW TAG,
B025L019,PPHI,SOMA2,TAYABAS,3,B,1,UNNA REGULAR,96,54,"3,541,785.00",0.00,"3,541,785.00",LOI,12%,12%,OPEN,MEMO TERM,YELLOW TAG,
B025L020,PPHI,SOMA2,TAYABAS,3,B,1,UNNA REGULAR,96,54,"3,541,785.00",0.00,"3,541,785.00",LOI,12%,12%,OPEN,MEMO TERM,YELLOW TAG,
B025L021,PPHI,SOMA2,TAYABAS,3,B,1,UNNA REGULAR,108,54,"3,738,779.00",0.00,"3,738,779.00",LOI,12%,12%,OPEN,MEMO TERM,YELLOW TAG,
B025L022,PPHI,SOMA2,TAYABAS,3,B,1,UNNA REGULAR,108,54,"3,738,779.00",0.00,"3,738,779.00",LOI,12%,12%,OPEN,MEMO TERM,YELLOW TAG,
B025L023,PPHI,SOMA2,TAYABAS,3,B,1,UNNA REGULAR,108,54,"3,738,779.00",0.00,"3,738,779.00",LOI,0%,0%,OPEN,MEMO TERM,YELLOW TAG,
B025L024,PPHI,SOMA2,TAYABAS,3,B,1,UNNA CORNER,141,54,"4,970,601.00","497,068.01","4,473,532.99",LOI,0%,0%,OPEN,MEMO TERM,YELLOW TAG,
B034L001,PPHI,SOMA2,TAYABAS,3,B,1,UNNA CORNER,153,54,"6,359,517.00","635,958.95","5,723,558.05",LOI,12%,12%,OPEN,MEMO TERM,YELLOW TAG,
B034L002,PPHI,SOMA2,TAYABAS,3,B,1,UNNA REGULAR,108,54,"4,967,223.00","496,727.52","4,470,495.48",LOI,12%,12%,OPEN,MEMO TERM,YELLOW TAG,
B034L003,PPHI,SOMA2,TAYABAS,3,B,1,UNNA REGULAR,108,54,"4,967,223.00","496,727.52","4,470,495.48",LOI,12%,12%,OPEN,MEMO TERM,YELLOW TAG,
B034L004,PPHI,SOMA2,TAYABAS,3,B,1,UNNA REGULAR,96,54,"3,600,701.00",0.00,"3,600,701.00",LOI,12%,12%,OPEN,MEMO TERM,YELLOW TAG,
B034L005,PPHI,SOMA2,TAYABAS,3,B,1,UNNA REGULAR,110,54,"3,839,044.00",0.00,"3,839,044.00",LOI,12%,12%,OPEN,MEMO TERM,YELLOW TAG,
B034L007,PPHI,SOMA2,TAYABAS,3,B,1,UNNA REGULAR,99,54,"4,675,937.00","467,596.86","4,208,340.14",LOI,12%,12%,OPEN,MEMO TERM,YELLOW TAG,
B034L008,PPHI,SOMA2,TAYABAS,3,B,1,UNNA REGULAR,102,54,"4,751,406.00","475,147.08","4,276,258.92",LOI,12%,12%,OPEN,MEMO TERM,YELLOW TAG,
B034L009,PPHI,SOMA2,TAYABAS,3,B,1,UNNA REGULAR,106,54,"4,852,064.00","485,214.04","4,366,849.96",LOI,12%,12%,OPEN,MEMO TERM,YELLOW TAG,
B034L010,PPHI,SOMA2,TAYABAS,3,B,1,UNNA CORNER,155,54,"6,321,156.00","632,116.72","5,689,039.28",LOI,12%,12%,OPEN,MEMO TERM,YELLOW TAG,
B034L027,PPHI,SOMA2,TAYABAS,3,B,1,UNNA REGULAR,111,54,"3,796,212.00",0,"3,796,212.00",LOI,12%,12%,OPEN,MEMO TERM,YELLOW TAG,
B034L028,PPHI,SOMA2,TAYABAS,3,B,1,UNNA REGULAR,96,54,"3,548,801.00",0,"3,548,801.00",LOI,12%,12%,OPEN,MEMO TERM,YELLOW TAG,
B034L030,PPHI,SOMA2,TAYABAS,3,B,1,UNNA REGULAR,96,54,"3,548,801.00",0,"3,548,801.00",LOI,12%,12%,OPEN,MEMO TERM,YELLOW TAG,
B034L031,PPHI,SOMA2,TAYABAS,3,B,1,UNNA CORNER,148,54,"6,134,289.00","613,434.53","5,520,854.47",LOI,12%,12%,OPEN,MEMO TERM,YELLOW TAG,
B035L001,PPHI,SOMA2,TAYABAS,3,B,1,UNNA CORNER,135,54,"5,787,364.00","578,739.03","5,208,624.97",LOI,0%,0%,OPEN,MEMO TERM,YELLOW TAG,
B035L002,PPHI,SOMA2,TAYABAS,3,B,1,UNNA REGULAR,88,54,"4,399,052.00","439,912.73","3,959,139.27",LOI,0%,0%,OPEN,MEMO TERM,YELLOW TAG,
B035L003,PPHI,SOMA2,TAYABAS,3,B,1,UNNA REGULAR,88,54,"4,399,052.00","439,912.73","3,959,139.27",LOI,0%,0%,OPEN,MEMO TERM,YELLOW TAG,
B035L004,PPHI,SOMA2,TAYABAS,3,B,1,UNNA REGULAR,88,54,"4,399,052.00","439,912.73","3,959,139.27",LOI,0%,0%,OPEN,MEMO TERM,YELLOW TAG,
B035L005,PPHI,SOMA2,TAYABAS,3,B,1,UNNA REGULAR,88,54,"4,399,052.00","439,912.73","3,959,139.27",LOI,0%,0%,OPEN,MEMO TERM,YELLOW TAG,
B035L006,PPHI,SOMA2,TAYABAS,3,B,1,UNNA REGULAR,88,54,"3,416,961.00",0.00,"3,416,961.00",LOI,0%,0%,OPEN,MEMO TERM,YELLOW TAG,
B035L007,PPHI,SOMA2,TAYABAS,3,B,1,UNNA REGULAR,88,54,"3,416,961.00",0.00,"3,416,961.00",LOI,0%,0%,OPEN,MEMO TERM,YELLOW TAG,
B035L008,PPHI,SOMA2,TAYABAS,3,B,1,UNNA CORNER,131,54,"4,783,725.00","478,374.11","4,305,350.89",LOI,0%,0%,OPEN,MEMO TERM,YELLOW TAG,
B068L002,PPHI,SOMA2,TAYABAS,3,B,1,UNNA REGULAR,104,54,"3,886,769.00",0.00,"3,886,769.00",LOI,60%,60%,OPEN,RSBS WITHIN THE MONTH/RSBS WITHIN 30 DAYS,RED TAG,
B068L003,PPHI,SOMA2,TAYABAS,3,B,1,UNNA REGULAR,104,54,"3,886,769.00",0.00,"3,886,769.00",LOI,60%,60%,OPEN,RSBS WITHIN THE MONTH/RSBS WITHIN 30 DAYS,RED TAG,
B068L004,PPHI,SOMA2,TAYABAS,3,B,1,UNNA REGULAR,104,54,"3,886,769.00",0.00,"3,886,769.00",LOI,60%,60%,OPEN,RSBS WITHIN THE MONTH/RSBS WITHIN 30 DAYS,RED TAG,
B068L005,PPHI,SOMA2,TAYABAS,3,B,1,UNNA REGULAR,104,54,"3,886,769.00",0.00,"3,886,769.00",LOI,60%,60%,OPEN,RSBS WITHIN THE MONTH/RSBS WITHIN 30 DAYS,RED TAG,
B068L006,PPHI,SOMA2,TAYABAS,3,B,1,UNNA REGULAR,104,54,"3,886,769.00",0.00,"3,886,769.00",LOI,60%,60%,OPEN,RSBS WITHIN THE MONTH/RSBS WITHIN 30 DAYS,RED TAG,
B068L007,PPHI,SOMA2,TAYABAS,3,B,1,UNNA REGULAR,111,54,"4,462,208.00","446,229.42","4,015,978.58",LOI,60%,60%,OPEN,RSBS WITHIN THE MONTH/RSBS WITHIN 30 DAYS,RED TAG,
B068L008,PPHI,SOMA2,TAYABAS,3,B,1,UNNA REGULAR,104,54,"3,886,769.00",0.00,"3,886,769.00",LOI,60%,60%,OPEN,RSBS WITHIN THE MONTH/RSBS WITHIN 30 DAYS,RED TAG,
B068L009,PPHI,SOMA2,TAYABAS,3,B,1,UNNA REGULAR,104,54,"3,886,769.00",0.00,"3,886,769.00",LOI,60%,60%,OPEN,RSBS WITHIN THE MONTH/RSBS WITHIN 30 DAYS,RED TAG,
B068L010,PPHI,SOMA2,TAYABAS,3,B,1,UNNA REGULAR,104,54,"3,886,769.00",0.00,"3,886,769.00",LOI,60%,60%,OPEN,RSBS WITHIN THE MONTH/RSBS WITHIN 30 DAYS,RED TAG,
B068L011,PPHI,SOMA2,TAYABAS,3,B,1,UNNA REGULAR,104,54,"3,886,769.00",0.00,"3,886,769.00",LOI,60%,60%,OPEN,RSBS WITHIN THE MONTH/RSBS WITHIN 30 DAYS,RED TAG,
B068L012,PPHI,SOMA2,TAYABAS,3,B,1,UNNA REGULAR,104,54,"3,886,769.00",0.00,"3,886,769.00",LOI,60%,60%,OPEN,RSBS WITHIN THE MONTH/RSBS WITHIN 30 DAYS,RED TAG,
B068L013,PPHI,SOMA2,TAYABAS,3,B,1,UNNA REGULAR,104,54,"3,886,769.00",0.00,"3,886,769.00",LOI,60%,60%,OPEN,RSBS WITHIN THE MONTH/RSBS WITHIN 30 DAYS,RED TAG,
B068L014,PPHI,SOMA2,TAYABAS,3,B,1,UNNA REGULAR,104,54,"3,886,769.00",0.00,"3,886,769.00",LOI,60%,60%,OPEN,RSBS WITHIN THE MONTH/RSBS WITHIN 30 DAYS,RED TAG,
B068L015,PPHI,SOMA2,TAYABAS,3,B,1,UNNA REGULAR,104,54,"3,886,769.00",0.00,"3,886,769.00",LOI,60%,60%,OPEN,RSBS WITHIN THE MONTH/RSBS WITHIN 30 DAYS,RED TAG,
B068L016,PPHI,SOMA2,TAYABAS,3,B,1,UNNA REGULAR,104,54,"3,886,769.00",0.00,"3,886,769.00",LOI,60%,60%,OPEN,RSBS WITHIN THE MONTH/RSBS WITHIN 30 DAYS,RED TAG,
B068L017,PPHI,SOMA2,TAYABAS,3,B,1,UNNA REGULAR,104,54,"3,886,769.00",0.00,"3,886,769.00",LOI,60%,60%,OPEN,RSBS WITHIN THE MONTH/RSBS WITHIN 30 DAYS,RED TAG,
B068L018,PPHI,SOMA2,TAYABAS,3,B,1,UNNA CORNER,130,54,"5,049,927.00","504,999.29","4,544,927.71",LOI,60%,60%,OPEN,RSBS WITHIN THE MONTH/RSBS WITHIN 30 DAYS,RED TAG,
B023L071,PPHI,SOMA 2,CALAMBA WEST,1,A,5,CALISTA END,127,40,"4,196,551.00",0.00,"4,196,551.00",Oct-2027,0%,0%,OPEN,MEMO TERM,YELLOW TAG,
B019L054,PPHI,NOMA2,BALANGA,1,B,3,CALISTA MID,44,40,"1,809,966.00",0.00,"1,809,966.00",May-2025,92%,80%,REOPEN,RSBS WITHIN THE MONTH,RED TAG,
B059L082,PPHI,SOMA2,SIGHTS CALAUAN,1,,2,AMANI MID,44,36,"1,723,728.04",0.00,"1,723,728.04",Jul-2027,0%,0%,OPEN,MEMO TERM,YELLOW TAG,
B062L044,PPHI,SOMA2,TAYABAS,2,A,3,CALISTA MID,44,40,"1,910,084.00",0.00,"1,910,084.00",Dec-2025,93%,80%,REOPEN,RSBS WITHIN THE MONTH,RED TAG,
B024L046,PPHI,NOMA2,IMPRESSIONS HERMOSA,1,A,4,CALISTA MID,44,40,"2,171,361.67",0.00,"2,171,361.67",Oct-2025,82%,80%,OPEN,RSBS WITHIN THE MONTH,RED TAG,
B024L058,PPHI,NOMA2,IMPRESSIONS HERMOSA,1,A,4,CALISTA MID,44,40,"2,067,920.64",0.00,"2,067,920.64",Oct-2025,78%,60%,OPEN,RSBS WITHIN THE MONTH/RSBS WITHIN 30 DAYS,RED TAG,
B013L040,PPHI,SOMA 2,SIGHTS BAY,3,,3,AMANI MID,40,36,"1,710,080.26",0.00,"1,710,080.26",Nov-2026,68%,60%,OPEN,RSBS WITHIN THE MONTH,RED TAG,
B013L041,PPHI,SOMA 2,SIGHTS BAY,3,,3,AMANI MID,40,36,"1,710,080.26",0.00,"1,710,080.26",Nov-2026,71%,60%,OPEN,MEMO TERM,RED TAG,
B013L044,PPHI,SOMA 2,SIGHTS BAY,3,,3,AMANI MID,40,36,"1,710,080.26",0.00,"1,710,080.26",Nov-2026,70%,60%,OPEN,MEMO TERM,RED TAG,
B014L017,PPHI,SOMA 2,SIGHTS BAY,3,,3,AMANI MID,40,36,"1,710,080.26",0.00,"1,710,080.26",Dec-2026,12%,12%,OPEN,MEMO TERM,YELLOW TAG,
B014L021,PPHI,SOMA 2,SIGHTS BAY,3,,3,AMANI MID,40,36,"1,710,080.26",0.00,"1,710,080.26",Dec-2026,12%,12%,OPEN,MEMO TERM,YELLOW TAG,
B014L026,PPHI,SOMA 2,SIGHTS BAY,3,,3,AMANI MID,40,36,"1,710,080.26",0.00,"1,710,080.26",Dec-2026,12%,12%,OPEN,MEMO TERM,YELLOW TAG,
B014L027,PPHI,SOMA 2,SIGHTS BAY,3,,3,AMANI MID,40,36,"1,710,080.26",0.00,"1,710,080.26",Dec-2026,12%,12%,OPEN,MEMO TERM,YELLOW TAG,
B014L028,PPHI,SOMA 2,SIGHTS BAY,3,,3,AMANI MID,40,36,"1,710,080.26",0.00,"1,710,080.26",Dec-2026,12%,12%,OPEN,MEMO TERM,YELLOW TAG,
B014L029,PPHI,SOMA 2,SIGHTS BAY,3,,3,AMANI MID,40,36,"1,710,080.26",0.00,"1,710,080.26",Dec-2026,12%,12%,OPEN,MEMO TERM,YELLOW TAG,
B014L030,PPHI,SOMA 2,SIGHTS BAY,3,,3,AMANI MID,40,36,"1,710,080.26",0.00,"1,710,080.26",Dec-2026,12%,12%,OPEN,MEMO TERM,YELLOW TAG,
B014L031,PPHI,SOMA 2,SIGHTS BAY,3,,3,AMANI MID,40,36,"1,710,080.26",0.00,"1,710,080.26",Dec-2026,12%,12%,OPEN,MEMO TERM,YELLOW TAG,
B014L032,PPHI,SOMA 2,SIGHTS BAY,3,,3,AMANI MID,40,36,"1,710,080.26",0.00,"1,710,080.26",Dec-2026,12%,12%,OPEN,MEMO TERM,YELLOW TAG,
B014L036,PPHI,SOMA 2,SIGHTS BAY,3,,3,AMANI MID,40,36,"1,710,080.26",0.00,"1,710,080.26",Dec-2026,12%,12%,OPEN,MEMO TERM,YELLOW TAG,
B014L037,PPHI,SOMA 2,SIGHTS BAY,3,,3,AMANI MID,40,36,"1,710,080.26",0.00,"1,710,080.26",Dec-2026,12%,12%,OPEN,MEMO TERM,YELLOW TAG,
B014L038,PPHI,SOMA 2,SIGHTS BAY,3,,3,AMANI MID,40,36,"1,710,080.26",0.00,"1,710,080.26",Dec-2026,12%,12%,OPEN,MEMO TERM,YELLOW TAG,
B014L039,PPHI,SOMA 2,SIGHTS BAY,3,,3,AMANI MID,40,36,"1,710,080.26",0.00,"1,710,080.26",Dec-2026,12%,12%,OPEN,MEMO TERM,YELLOW TAG,
B014L040,PPHI,SOMA 2,SIGHTS BAY,3,,3,AMANI MID,40,36,"1,710,080.26",0.00,"1,710,080.26",Dec-2026,12%,12%,OPEN,MEMO TERM,YELLOW TAG,
B014L041,PPHI,SOMA 2,SIGHTS BAY,3,,3,AMANI MID,40,36,"1,710,080.26",0.00,"1,710,080.26",Dec-2026,12%,12%,OPEN,MEMO TERM,YELLOW TAG,
B014L042,PPHI,SOMA 2,SIGHTS BAY,3,,3,AMANI MID,40,36,"1,710,080.26",0.00,"1,710,080.26",Dec-2026,12%,12%,OPEN,MEMO TERM,YELLOW TAG,
B014L046,PPHI,SOMA 2,SIGHTS BAY,3,,3,AMANI MID,40,36,"1,710,080.26",0.00,"1,710,080.26",Dec-2026,12%,12%,OPEN,MEMO TERM,YELLOW TAG,
B014L047,PPHI,SOMA 2,SIGHTS BAY,3,,3,AMANI MID,40,36,"1,710,080.26",0.00,"1,710,080.26",Dec-2026,12%,12%,OPEN,MEMO TERM,YELLOW TAG,
B014L048,PPHI,SOMA 2,SIGHTS BAY,3,,3,AMANI MID,40,36,"1,710,080.26",0.00,"1,710,080.26",Dec-2026,12%,12%,OPEN,MEMO TERM,YELLOW TAG,
B014L049,PPHI,SOMA 2,SIGHTS BAY,3,,3,AMANI MID,40,36,"1,710,080.26",0.00,"1,710,080.26",Dec-2026,12%,12%,OPEN,MEMO TERM,YELLOW TAG,
B014L050,PPHI,SOMA 2,SIGHTS BAY,3,,3,AMANI MID,40,36,"1,710,080.26",0.00,"1,710,080.26",Dec-2026,12%,12%,OPEN,MEMO TERM,YELLOW TAG,
B014L051,PPHI,SOMA 2,SIGHTS BAY,3,,3,AMANI MID,40,36,"1,710,080.26",0.00,"1,710,080.26",Dec-2026,12%,12%,OPEN,MEMO TERM,YELLOW TAG,
B014L052,PPHI,SOMA 2,SIGHTS BAY,3,,3,AMANI MID,40,36,"1,710,080.26",0.00,"1,710,080.26",Dec-2026,12%,12%,OPEN,MEMO TERM,YELLOW TAG,
B014L053,PPHI,SOMA 2,SIGHTS BAY,3,,3,AMANI MID,40,36,"1,710,080.26",0.00,"1,710,080.26",Dec-2026,12%,12%,OPEN,MEMO TERM,YELLOW TAG,
B014L054,PPHI,SOMA 2,SIGHTS BAY,3,,3,AMANI MID,40,36,"1,710,080.26",0.00,"1,710,080.26",Dec-2026,12%,12%,OPEN,MEMO TERM,YELLOW TAG,
B014L057,PPHI,SOMA 2,SIGHTS BAY,3,,3,AMANI MID,40,36,"1,710,080.26",0.00,"1,710,080.26",Dec-2026,12%,12%,OPEN,MEMO TERM,YELLOW TAG,
B014L058,PPHI,SOMA 2,SIGHTS BAY,3,,3,AMANI MID,40,36,"1,710,080.26",0.00,"1,710,080.26",Dec-2026,12%,12%,OPEN,MEMO TERM,YELLOW TAG,
B014L059,PPHI,SOMA 2,SIGHTS BAY,3,,3,AMANI MID,40,36,"1,710,080.26",0.00,"1,710,080.26",Dec-2026,12%,12%,OPEN,MEMO TERM,YELLOW TAG,
B014L060,PPHI,SOMA 2,SIGHTS BAY,3,,3,AMANI MID,40,36,"1,710,080.26",0.00,"1,710,080.26",Dec-2026,12%,12%,OPEN,MEMO TERM,YELLOW TAG,
B014L061,PPHI,SOMA 2,SIGHTS BAY,3,,3,AMANI MID,40,36,"1,710,080.26",0.00,"1,710,080.26",Dec-2026,12%,12%,OPEN,MEMO TERM,YELLOW TAG,
B014L062,PPHI,SOMA 2,SIGHTS BAY,3,,3,AMANI MID,40,36,"1,710,080.26",0.00,"1,710,080.26",Dec-2026,12%,12%,OPEN,MEMO TERM,YELLOW TAG,
B014L063,PPHI,SOMA 2,SIGHTS BAY,3,,3,AMANI MID,40,36,"1,710,080.26",0.00,"1,710,080.26",Dec-2026,12%,12%,OPEN,MEMO TERM,YELLOW TAG,
B014L072,PPHI,SOMA 2,SIGHTS BAY,3,,3,AMANI MID,40,36,"1,710,080.26",0.00,"1,710,080.26",Jan-2027,12%,12%,OPEN,MEMO TERM,YELLOW TAG,
B015L009,PPHI,SOMA 2,SIGHTS BAY,3,,3,AMANI MID,40,36,"1,710,080.26",0.00,"1,710,080.26",Jan-2027,12%,12%,OPEN,MEMO TERM,YELLOW TAG,
B015L010,PPHI,SOMA 2,SIGHTS BAY,3,,3,AMANI MID,40,36,"1,710,080.26",0.00,"1,710,080.26",Jan-2027,12%,12%,OPEN,MEMO TERM,YELLOW TAG,
B015L011,PPHI,SOMA 2,SIGHTS BAY,3,,3,AMANI MID,40,36,"1,710,080.26",0.00,"1,710,080.26",Jan-2027,12%,12%,OPEN,MEMO TERM,YELLOW TAG,
B015L012,PPHI,SOMA 2,SIGHTS BAY,3,,3,AMANI MID,40,36,"1,710,080.26",0.00,"1,710,080.26",Jan-2027,12%,12%,OPEN,MEMO TERM,YELLOW TAG,
B015L013,PPHI,SOMA 2,SIGHTS BAY,3,,3,AMANI MID,40,36,"1,710,080.26",0.00,"1,710,080.26",Jan-2027,12%,12%,OPEN,MEMO TERM,YELLOW TAG,
B015L024,PPHI,SOMA 2,SIGHTS BAY,3,,3,AMANI MID,40,36,"1,710,080.26",0.00,"1,710,080.26",Jan-2027,12%,12%,OPEN,MEMO TERM,YELLOW TAG,
B015L026,PPHI,SOMA 2,SIGHTS BAY,3,,3,AMANI MID,40,36,"1,710,080.26",0.00,"1,710,080.26",Jan-2027,12%,12%,OPEN,MEMO TERM,YELLOW TAG,
B015L035,PPHI,SOMA 2,SAN PABLO EAST,1,,3,CALISTA MID,44,40,"1,938,427.36",0.00,"1,938,427.36",Jun-2027,0%,0%,OPEN,MEMO TERM,YELLOW TAG,
B063L007,PPHI,SOMA 2,TAYABAS,2,A,4,CALISTA MID,44,40,"1,837,093.00",0.00,"1,837,093.00",Apr-2026,90%,80%,OPEN,RSBS WITHIN THE MONTH,RED TAG,
B063L009,PPHI,SOMA 2,TAYABAS,2,A,4,CALISTA MID,44,40,"1,837,093.00",0.00,"1,837,093.00",Apr-2026,90%,80%,OPEN,RSBS WITHIN THE MONTH,RED TAG,
B063L010,PPHI,SOMA 2,TAYABAS,2,A,4,CALISTA MID,44,40,"1,837,093.00",0.00,"1,837,093.00",Apr-2026,86%,80%,OPEN,RSBS WITHIN THE MONTH,RED TAG,
B047L006,PPHI,SOMA2,SIGHTS CALAUAN,1,4A,4,AMANI MID,40,36,"1,669,330.69",0.00,"1,669,330.69",Feb-2028,0%,0%,OPEN,MEMO TERM,YELLOW TAG,
B047L014,PPHI,SOMA2,SIGHTS CALAUAN,1,4A,4,AMANI MID,40,36,"1,669,330.69",0.00,"1,669,330.69",Feb-2028,0%,0%,OPEN,MEMO TERM,YELLOW TAG,
B047L015,PPHI,SOMA2,SIGHTS CALAUAN,1,4A,4,AMANI MID,40,36,"1,669,330.69",0.00,"1,669,330.69",Feb-2028,0%,0%,OPEN,MEMO TERM,YELLOW TAG,
B047L016,PPHI,SOMA2,SIGHTS CALAUAN,1,4A,4,AMANI MID,40,36,"1,669,330.69",0.00,"1,669,330.69",Feb-2028,0%,0%,OPEN,MEMO TERM,YELLOW TAG,
B047L017,PPHI,SOMA2,SIGHTS CALAUAN,1,4A,4,AMANI MID,40,36,"1,669,330.69",0.00,"1,669,330.69",Feb-2028,0%,0%,OPEN,MEMO TERM,YELLOW TAG,
B047L018,PPHI,SOMA2,SIGHTS CALAUAN,1,4A,4,AMANI MID,40,36,"1,669,330.69",0.00,"1,669,330.69",Feb-2028,0%,0%,OPEN,MEMO TERM,YELLOW TAG,
B047L022,PPHI,SOMA2,SIGHTS CALAUAN,1,4A,4,AMANI MID,40,36,"1,669,330.69",0.00,"1,669,330.69",Feb-2028,0%,0%,OPEN,MEMO TERM,YELLOW TAG,
B047L024,PPHI,SOMA2,SIGHTS CALAUAN,1,4A,4,AMANI MID,40,36,"1,669,330.69",0.00,"1,669,330.69",Feb-2028,0%,0%,OPEN,MEMO TERM,YELLOW TAG,
B047L030,PPHI,SOMA2,SIGHTS CALAUAN,1,4A,4,AMANI MID,40,36,"1,669,330.69",0.00,"1,669,330.69",Feb-2028,0%,0%,OPEN,MEMO TERM,YELLOW TAG,
B047L031,PPHI,SOMA2,SIGHTS CALAUAN,1,4A,4,AMANI MID,40,36,"1,669,330.69",0.00,"1,669,330.69",Feb-2028,0%,0%,OPEN,MEMO TERM,YELLOW TAG,
B047L034,PPHI,SOMA2,SIGHTS CALAUAN,1,4A,4,AMANI MID,40,36,"1,669,330.69",0.00,"1,669,330.69",Feb-2028,0%,0%,OPEN,MEMO TERM,YELLOW TAG,
B047L035,PPHI,SOMA2,SIGHTS CALAUAN,1,4A,4,AMANI MID,40,36,"1,669,330.69",0,"1,669,330.69",Feb-2028,0%,0%,OPEN,MEMO TERM,YELLOW TAG,
B047L036,PPHI,SOMA2,SIGHTS CALAUAN,1,4A,4,AMANI MID,40,36,"1,669,330.69",0,"1,669,330.69",Feb-2028,0%,0%,OPEN,MEMO TERM,YELLOW TAG,
B047L037,PPHI,SOMA2,SIGHTS CALAUAN,1,4A,4,AMANI MID,40,36,"1,669,330.69",0,"1,669,330.69",Feb-2028,0%,0%,OPEN,MEMO TERM,YELLOW TAG,
B047L038,PPHI,SOMA2,SIGHTS CALAUAN,1,4A,4,AMANI MID,40,36,"1,669,330.69",0,"1,669,330.69",Feb-2028,0%,0%,OPEN,MEMO TERM,YELLOW TAG,
B047L039,PPHI,SOMA2,SIGHTS CALAUAN,1,4A,4,AMANI MID,40,36,"1,669,330.69",0,"1,669,330.69",Feb-2028,0%,0%,OPEN,MEMO TERM,YELLOW TAG,
B047L040,PPHI,SOMA2,SIGHTS CALAUAN,1,4A,4,AMANI MID,40,36,"1,669,330.69",0,"1,669,330.69",Feb-2028,0%,0%,OPEN,MEMO TERM,YELLOW TAG,
B047L041,PPHI,SOMA2,SIGHTS CALAUAN,1,4A,4,AMANI MID,40,36,"1,669,330.69",0,"1,669,330.69",Feb-2028,0%,0%,OPEN,MEMO TERM,YELLOW TAG,
B047L044,PPHI,SOMA2,SIGHTS CALAUAN,1,4A,4,AMANI MID,40,36,"1,669,330.69",0,"1,669,330.69",Jan-2028,0%,0%,OPEN,MEMO TERM,YELLOW TAG,
B047L045,PPHI,SOMA2,SIGHTS CALAUAN,1,4A,4,AMANI MID,40,36,"1,669,330.69",0,"1,669,330.69",Jan-2028,0%,0%,OPEN,MEMO TERM,YELLOW TAG,
B047L046,PPHI,SOMA2,SIGHTS CALAUAN,1,4A,4,AMANI MID,40,36,"1,669,330.69",0,"1,669,330.69",Jan-2028,0%,0%,OPEN,MEMO TERM,YELLOW TAG,
B047L047,PPHI,SOMA2,SIGHTS CALAUAN,1,4A,4,AMANI MID,40,36,"1,669,330.69",0,"1,669,330.69",Jan-2028,0%,0%,OPEN,MEMO TERM,YELLOW TAG,
B047L048,PPHI,SOMA2,SIGHTS CALAUAN,1,4A,4,AMANI MID,40,36,"1,669,330.69",0,"1,669,330.69",Jan-2028,0%,0%,OPEN,MEMO TERM,YELLOW TAG,
B047L049,PPHI,SOMA2,SIGHTS CALAUAN,1,4A,4,AMANI MID,40,36,"1,669,330.69",0,"1,669,330.69",Jan-2028,0%,0%,OPEN,MEMO TERM,YELLOW TAG,
B032L004,PPHI,SOMA 2,CALAMBA WEST,1,B,1,CALISTA END,135,40,"4,687,015.00",0,"4,687,015.00",Jan-2028,0%,0%,OPEN,MEMO TERM,YELLOW TAG,
B034L006,PPHI,SOMA 2,CALAMBA WEST,1,B,1,CALISTA END,153,40,"4,893,486.00",0,"4,893,486.00",Jan-2028,0%,0%,OPEN,MEMO TERM,YELLOW TAG,
B035L003,PPHI,SOMA 2,CALAMBA WEST,1,B,1,CALISTA MID,44,40,"2,255,435.00",0,"2,255,435.00",Jan-2028,3%,3%,OPEN,MEMO TERM,YELLOW TAG,
B007L004,PPHI,SOMA2,SIGHTS CALAUAN,1,,4,ALORA END,169,30,"3,148,034.44",0,"3,148,034.44",Oct-2026,0%,0%,FALLOUT,RSBS WITHIN THE MONTH,YELLOW TAG,
B050L006,PPHI,SOMA2,SIGHTS CALAUAN,1,3A,3,AMANI MID,40,36,"1,669,330.69",0,"1,669,330.69",Oct-2027,0%,0%,FALLOUT,MEMO TERM,YELLOW TAG,
B050L019,PPHI,SOMA2,SIGHTS CALAUAN,1,3A,3,AMANI MID,40,36,"1,669,330.69",0.00,"1,669,330.69",Oct-2027,0%,0%,FALLOUT,MEMO TERM,YELLOW TAG,
B050L038,PPHI,SOMA2,SIGHTS CALAUAN,1,3A,3,AMANI MID,40,36,"1,669,330.69",0.00,"1,669,330.69",Oct-2027,0%,0%,FALLOUT,MEMO TERM,YELLOW TAG,
B050L045,PPHI,SOMA2,SIGHTS CALAUAN,1,3A,3,AMANI MID,40,36,"1,669,330.69",0.00,"1,669,330.69",Oct-2027,0%,0%,FALLOUT,MEMO TERM,YELLOW TAG,
B049L045,PPHI,SOMA2,SIGHTS CALAUAN,1,3B,3,AMANI MID,40,36,"1,669,330.69",0.00,"1,669,330.69",Aug-2027,0%,0%,FALLOUT,MEMO TERM,YELLOW TAG,
B063L014,PPHI,SOMA2,TAYABAS,2,A,4,CALISTA MID,44,40,"1,837,093.00",0.00,"1,837,093.00",Apr-2026,86%,80%,OPEN,RSBS WITHIN THE MONTH,RED TAG,
B063L015,PPHI,SOMA2,TAYABAS,2,A,4,CALISTA MID,44,40,"1,837,093.00",0.00,"1,837,093.00",Apr-2026,86%,80%,OPEN,RSBS WITHIN THE MONTH,RED TAG,
B063L016,PPHI,SOMA2,TAYABAS,2,A,4,CALISTA MID,44,40,"1,837,093.00",0.00,"1,837,093.00",Apr-2026,86%,80%,OPEN,RSBS WITHIN THE MONTH,RED TAG,
B063L017,PPHI,SOMA2,TAYABAS,2,A,4,CALISTA MID,44,40,"1,837,093.00",0.00,"1,837,093.00",Apr-2026,86%,80%,OPEN,RSBS WITHIN THE MONTH,RED TAG,
B063L018,PPHI,SOMA2,TAYABAS,2,A,4,CALISTA MID,44,40,"1,837,093.00",0.00,"1,837,093.00",Apr-2026,86%,80%,OPEN,RSBS WITHIN THE MONTH,RED TAG,
B063L019,PPHI,SOMA2,TAYABAS,2,A,4,CALISTA MID,44,40,"1,837,093.00",0.00,"1,837,093.00",Apr-2026,86%,80%,OPEN,RSBS WITHIN THE MONTH,RED TAG,
B063L020,PPHI,SOMA2,TAYABAS,2,A,4,CALISTA MID,44,40,"1,837,093.00",0.00,"1,837,093.00",Apr-2026,86%,80%,OPEN,RSBS WITHIN THE MONTH,RED TAG,
B063L021,PPHI,SOMA2,TAYABAS,2,A,4,CALISTA MID,44,40,"1,837,093.00",0.00,"1,837,093.00",Apr-2026,86%,80%,OPEN,RSBS WITHIN THE MONTH,RED TAG,
B063L024,PPHI,SOMA2,TAYABAS,2,A,4,CALISTA MID,44,40,"1,837,093.00",0.00,"1,837,093.00",Apr-2026,90%,80%,OPEN,RSBS WITHIN THE MONTH,RED TAG,
B063L025,PPHI,SOMA2,TAYABAS,2,A,4,CALISTA MID,44,40,"1,837,093.00",0.00,"1,837,093.00",Apr-2026,90%,80%,OPEN,RSBS WITHIN THE MONTH,RED TAG,
B063L026,PPHI,SOMA2,TAYABAS,2,A,4,CALISTA MID,44,40,"1,837,093.00",0.00,"1,837,093.00",Apr-2026,81%,60%,OPEN,RSBS WITHIN THE MONTH,RED TAG,
B063L027,PPHI,SOMA2,TAYABAS,2,A,4,CALISTA MID,44,40,"1,837,093.00",0.00,"1,837,093.00",Apr-2026,81%,60%,OPEN,RSBS WITHIN THE MONTH,RED TAG,
B063L028,PPHI,SOMA2,TAYABAS,2,A,4,CALISTA MID,44,40,"1,837,093.00",0.00,"1,837,093.00",Apr-2026,90%,80%,OPEN,RSBS WITHIN THE MONTH,RED TAG,
B063L029,PPHI,SOMA2,TAYABAS,2,A,4,CALISTA MID,44,40,"1,837,093.00",0.00,"1,837,093.00",Apr-2026,90%,80%,OPEN,RSBS WITHIN THE MONTH,RED TAG,
B063L030,PPHI,SOMA2,TAYABAS,2,A,4,CALISTA MID,44,40,"1,837,093.00",0.00,"1,837,093.00",Apr-2026,90%,80%,OPEN,RSBS WITHIN THE MONTH,RED TAG,
B064L016,PPHI,SOMA2,TAYABAS,2,A,4,CALISTA MID,44,40,"1,837,093.00",0.00,"1,837,093.00",Jun-2026,80%,60%,OPEN,RSBS WITHIN THE MONTH,RED TAG,
B064L017,PPHI,SOMA2,TAYABAS,2,A,4,CALISTA MID,44,40,"1,837,093.00",0.00,"1,837,093.00",Jun-2026,80%,60%,OPEN,RSBS WITHIN THE MONTH,RED TAG,
B064L018,PPHI,SOMA2,TAYABAS,2,A,4,CALISTA MID,44,40,"1,837,093.00",0.00,"1,837,093.00",Jun-2026,80%,60%,OPEN,RSBS WITHIN THE MONTH,RED TAG,
B064L019,PPHI,SOMA2,TAYABAS,2,A,4,CALISTA MID,44,40,"1,837,093.00",0.00,"1,837,093.00",Jun-2026,80%,60%,OPEN,RSBS WITHIN THE MONTH,RED TAG,
B064L020,PPHI,SOMA2,TAYABAS,2,A,4,CALISTA MID,44,40,"1,837,093.00",0.00,"1,837,093.00",Jun-2026,80%,60%,OPEN,RSBS WITHIN THE MONTH,RED TAG,
B064L021,PPHI,SOMA2,TAYABAS,2,A,4,CALISTA MID,44,40,"1,837,093.00",0.00,"1,837,093.00",Jun-2026,80%,60%,OPEN,RSBS WITHIN THE MOS,RED TAG,
B064L024,PPHI,SOMA2,TAYABAS,2,A,4,CALISTA MID,44,40,"1,837,093.00",0.00,"1,837,093.00",Jun-2026,80%,60%,OPEN,RSBS WITHIN THE MONTH,RED TAG,
B064L025,PPHI,SOMA2,TAYABAS,2,A,4,CALISTA MID,44,40,"1,837,093.00",0.00,"1,837,093.00",Jun-2026,80%,60%,OPEN,RSBS WITHIN THE MONTH,RED TAG,
B064L026,PPHI,SOMA2,TAYABAS,2,A,4,CALISTA MID,44,40,"1,837,093.00",0.00,"1,837,093.00",Jun-2026,80%,60%,OPEN,RSBS WITHIN THE MONTH,RED TAG,
B064L027,PPHI,SOMA2,TAYABAS,2,A,4,CALISTA MID,44,40,"1,837,093.00",0.00,"1,837,093.00",Jun-2026,80%,60%,OPEN,RSBS WITHIN THE MONTH,RED TAG,
B064L028,PPHI,SOMA2,TAYABAS,2,A,4,CALISTA MID,44,40,"1,837,093.00",0.00,"1,837,093.00",Jun-2026,80%,60%,OPEN,RSBS WITHIN THE MONTH,RED TAG,
B064L038,PPHI,SOMA2,TAYABAS,2,A,4,CALISTA MID,44,40,"1,860,893.00",0.00,"1,860,893.00",Jul-2026,80%,60%,OPEN,RSBS WITHIN THE MONTH,RED TAG,
B064L039,PPHI,SOMA2,TAYABAS,2,A,4,CALISTA MID,44,40,"1,860,893.00",0.00,"1,860,893.00",Jul-2026,80%,60%,OPEN,RSBS WITHIN THE MONTH,RED TAG,
B064L040,PPHI,SOMA2,TAYABAS,2,A,4,CALISTA MID,44,40,"1,860,893.00",0.00,"1,860,893.00",Jul-2026,80%,60%,OPEN,RSBS WITHIN THE MONTH,RED TAG,
B064L041,PPHI,SOMA2,TAYABAS,2,A,4,CALISTA MID,44,40,"1,860,893.00",0.00,"1,860,893.00",Jul-2026,80%,60%,OPEN,RSBS WITHIN THE MONTH,RED TAG,
B064L048,PPHI,SOMA2,TAYABAS,2,A,4,CALISTA MID,44,40,"1,860,893.00",0.00,"1,860,893.00",Jul-2026,75%,60%,OPEN,RSBS WITHIN THE MONTH/RSBS WITHIN 30 DAYS,RED TAG,
B064L049,PPHI,SOMA2,TAYABAS,2,A,4,CALISTA MID,44,40,"1,860,893.00",0.00,"1,860,893.00",Jul-2026,75%,60%,OPEN,RSBS WITHIN THE MONTH/RSBS WITHIN 30 DAYS,RED TAG,
B064L050,PPHI,SOMA2,TAYABAS,2,A,4,CALISTA MID,44,40,"1,860,893.00",0.00,"1,860,893.00",Jul-2026,75%,60%,OPEN,RSBS WITHIN THE MONTH/RSBS WITHIN 30 DAYS,RED TAG,
B027L045,PPHI,SOMA2,SAN PABLO EAST,1,,3,CALISTA MID,44,40,"1,909,801.34",0.00,"1,909,801.34",Jul-2027,0%,0%,OPEN,MEMO TERM,YELLOW TAG,
B028L043,PPHI,SOMA2,SAN PABLO EAST,1,,3,CALISTA MID,44,40,"1,938,427.36",0.00,"1,938,427.36",Jun-2027,0%,0%,OPEN,MEMO TERM,YELLOW TAG,
B028L063,PPHI,SOMA2,SAN PABLO EAST,1,,3,CALISTA MID,44,40,"1,909,801.34",0.00,"1,909,801.34",Jul-2027,0%,0%,OPEN,MEMO TERM,YELLOW TAG,
B028L068,PPHI,SOMA2,SAN PABLO EAST,1,,3,CALISTA MID,44,40,"1,909,801.34",0.00,"1,909,801.34",Jul-2027,0%,0%,OPEN,MEMO TERM,YELLOW TAG,
B028L074,PPHI,SOMA2,SAN PABLO EAST,1,,3,CALISTA MID,44,40,"1,909,801.34",0.00,"1,909,801.34",Jul-2027,0%,0%,OPEN,MEMO TERM,YELLOW TAG,
B028L075,PPHI,SOMA2,SAN PABLO EAST,1,,3,CALISTA MID,44,40,"1,909,801.34",0.00,"1,909,801.34",Jul-2027,0%,0%,OPEN,MEMO TERM,YELLOW TAG,
B016L002,PPHI,SOMA2,SAN PABLO EAST,1,,2,CALISTA MID,44,40,"1,938,427.36",0.00,"1,938,427.36",Feb-2027,0%,0%,FALLOUT,MEMO TERM,YELLOW TAG,
B016L015,PPHI,SOMA2,SAN PABLO EAST,1,,2,CALISTA MID,44,40,"1,909,801.34",0.00,"1,909,801.34",Jan-2027,6%,6%,FALLOUT,MEMO TERM,YELLOW TAG,
B017L017,PPHI,SOMA2,SAN PABLO EAST,1,,2,CALISTA MID,44,40,"1,938,427.36",0.00,"1,938,427.36",Feb-2027,0%,0%,FALLOUT,MEMO TERM,YELLOW TAG,
B018L016,PPHI,SOMA2,SAN PABLO EAST,1,,2,CALISTA MID,44,40,"1,909,801.34",0.00,"1,909,801.34",Mar-2027,0%,0%,FALLOUT,MEMO TERM,YELLOW TAG,
B018L017,PPHI,SOMA2,SAN PABLO EAST,1,,2,CALISTA MID,44,40,"1,909,801.34",0.00,"1,909,801.34",Mar-2027,0%,0%,FALLOUT,MEMO TERM,YELLOW TAG,
B018L023,PPHI,SOMA2,SAN PABLO EAST,1,,2,CALISTA MID,44,40,"1,909,801.34",0.00,"1,909,801.34",Feb-2027,0%,0%,FALLOUT,MEMO TERM,YELLOW TAG,
B003L032,PPHI,SOMA2,SIGHTS CALAUAN WEST,1,,1,ALORA MID,43,30,"1,311,828.94",0.00,"1,311,828.94",LOI,0%,0%,OPEN,MEMO TERM,YELLOW TAG,
B008L002,PPHI,SOMA2,SIGHTS CALAUAN WEST,1,,1,ALORA MID,41,30,"1,292,287.16",0.00,"1,292,287.16",LOI,0%,0%,OPEN,MEMO TERM,YELLOW TAG,
B008L003,PPHI,SOMA2,SIGHTS CALAUAN WEST,1,,1,ALORA MID,41,30,"1,292,287.16",0.00,"1,292,287.16",LOI,0%,0%,OPEN,MEMO TERM,YELLOW TAG,
B008L004,PPHI,SOMA2,SIGHTS CALAUAN WEST,1,,1,ALORA MID,41,30,"1,292,287.16",0.00,"1,292,287.16",LOI,0%,0%,OPEN,MEMO TERM,YELLOW TAG,
B008L006,PPHI,SOMA2,SIGHTS CALAUAN WEST,1,,1,ALORA MID,41,30,"1,292,287.16",0.00,"1,292,287.16",LOI,0%,0%,OPEN,MEMO TERM,YELLOW TAG,
B008L007,PPHI,SOMA2,SIGHTS CALAUAN WEST,1,,1,ALORA MID,41,30,"1,292,287.16",0.00,"1,292,287.16",LOI,0%,0%,OPEN,MEMO TERM,YELLOW TAG,
B008L012,PPHI,SOMA2,SIGHTS CALAUAN WEST,1,,1,ALORA MID,41,30,"1,292,287.16",0.00,"1,292,287.16",LOI,0%,0%,OPEN,MEMO TERM,YELLOW TAG,
B008L013,PPHI,SOMA2,SIGHTS CALAUAN WEST,1,,1,ALORA MID,41,30,"1,292,287.16",0.00,"1,292,287.16",LOI,0%,0%,OPEN,MEMO TERM,YELLOW TAG,
B008L014,PPHI,SOMA2,SIGHTS CALAUAN WEST,1,,1,ALORA MID,41,30,"1,292,287.16",0.00,"1,292,287.16",LOI,0%,0%,OPEN,MEMO TERM,YELLOW TAG,
B008L017,PPHI,SOMA2,SIGHTS CALAUAN WEST,1,,1,ALORA MID,41,30,"1,292,287.16",0.00,"1,292,287.16",LOI,0%,0%,OPEN,MEMO TERM,YELLOW TAG,
B008L023,PPHI,SOMA2,SIGHTS CALAUAN WEST,1,,1,ALORA MID,41,30,"1,292,287.16",0.00,"1,292,287.16",LOI,0%,0%,OPEN,MEMO TERM,YELLOW TAG,
B008L024,PPHI,SOMA2,SIGHTS CALAUAN WEST,1,,1,ALORA MID,41,30,"1,292,287.16",0.00,"1,292,287.16",LOI,0%,0%,OPEN,MEMO TERM,YELLOW TAG,
B008L025,PPHI,SOMA2,SIGHTS CALAUAN WEST,1,,1,ALORA MID,41,30,"1,292,287.16",0.00,"1,292,287.16",LOI,0%,0%,OPEN,MEMO TERM,YELLOW TAG,
B008L026,PPHI,SOMA2,SIGHTS CALAUAN WEST,1,,1,ALORA MID,41,30,"1,292,287.16",0.00,"1,292,287.16",LOI,0%,0%,OPEN,MEMO TERM,YELLOW TAG,
B008L027,PPHI,SOMA2,SIGHTS CALAUAN WEST,1,,1,ALORA MID,41,30,"1,292,287.16",0.00,"1,292,287.16",LOI,0%,0%,OPEN,MEMO TERM,YELLOW TAG,
B008L028,PPHI,SOMA2,SIGHTS CALAUAN WEST,1,,1,ALORA MID,41,30,"1,292,287.16",0.00,"1,292,287.16",LOI,0%,0%,OPEN,MEMO TERM,YELLOW TAG,
B008L035,PPHI,SOMA2,SIGHTS CALAUAN WEST,1,,1,ALORA MID,41,30,"1,292,287.16",0.00,"1,292,287.16",LOI,0%,0%,OPEN,MEMO TERM,YELLOW TAG,
B008L036,PPHI,SOMA2,SIGHTS CALAUAN WEST,1,,1,ALORA MID,41,30,"1,292,287.16",0.00,"1,292,287.16",LOI,0%,0%,OPEN,MEMO TERM,YELLOW TAG,
B008L037,PPHI,SOMA2,SIGHTS CALAUAN WEST,1,,1,ALORA MID,41,30,"1,292,287.16",0.00,"1,292,287.16",LOI,0%,0%,OPEN,MEMO TERM,YELLOW TAG,
B008L038,PPHI,SOMA2,SIGHTS CALAUAN WEST,1,,1,ALORA MID,41,30,"1,292,287.16",0.00,"1,292,287.16",LOI,0%,0%,OPEN,MEMO TERM,YELLOW TAG,
B008L039,PPHI,SOMA2,SIGHTS CALAUAN WEST,1,,1,ALORA MID,41,30,"1,292,287.16",0.00,"1,292,287.16",LOI,0%,0%,OPEN,MEMO TERM,YELLOW TAG,
B009L002,PPHI,SOMA2,SIGHTS CALAUAN WEST,1,,1,ALORA MID,41,30,"1,292,287.16",0.00,"1,292,287.16",LOI,0%,0%,OPEN,MEMO TERM,YELLOW TAG,
B009L004,PPHI,SOMA2,SIGHTS CALAUAN WEST,1,,1,ALORA MID,41,30,"1,292,287.16",0.00,"1,292,287.16",LOI,0%,0%,OPEN,MEMO TERM,YELLOW TAG,
B009L006,PPHI,SOMA2,SIGHTS CALAUAN WEST,1,,1,ALORA MID,41,30,"1,292,287.16",0.00,"1,292,287.16",LOI,0%,0%,OPEN,MEMO TERM,YELLOW TAG,
B009L007,PPHI,SOMA2,SIGHTS CALAUAN WEST,1,,1,ALORA MID,41,30,"1,292,287.16",0.00,"1,292,287.16",LOI,0%,0%,OPEN,MEMO TERM,YELLOW TAG,
B009L008,PPHI,SOMA2,SIGHTS CALAUAN WEST,1,,1,ALORA MID,41,30,"1,292,287.16",0.00,"1,292,287.16",LOI,0%,0%,OPEN,MEMO TERM,YELLOW TAG,
B009L009,PPHI,SOMA2,SIGHTS CALAUAN WEST,1,,1,ALORA MID,41,30,"1,292,287.16",0.00,"1,292,287.16",LOI,0%,0%,OPEN,MEMO TERM,YELLOW TAG,
B009L010,PPHI,SOMA2,SIGHTS CALAUAN WEST,1,,1,ALORA MID,41,30,"1,292,287.16",0.00,"1,292,287.16",LOI,0%,0%,OPEN,MEMO TERM,YELLOW TAG,
B009L011,PPHI,SOMA2,SIGHTS CALAUAN WEST,1,,1,ALORA MID,41,30,"1,292,287.16",0.00,"1,292,287.16",LOI,0%,0%,OPEN,MEMO TERM,YELLOW TAG,
B009L015,PPHI,SOMA2,SIGHTS CALAUAN WEST,1,,1,ALORA MID,41,30,"1,292,287.16",0.00,"1,292,287.16",LOI,0%,0%,OPEN,MEMO TERM,YELLOW TAG,
B009L016,PPHI,SOMA2,SIGHTS CALAUAN WEST,1,,1,ALORA MID,41,30,"1,292,287.16",0.00,"1,292,287.16",LOI,0%,0%,OPEN,MEMO TERM,YELLOW TAG,
B009L017,PPHI,SOMA2,SIGHTS CALAUAN WEST,1,,1,ALORA MID,41,30,"1,292,287.16",0,"1,292,287.16",LOI,0%,0%,OPEN,MEMO TERM,YELLOW TAG,
B009L018,PPHI,SOMA2,SIGHTS CALAUAN WEST,1,,1,ALORA MID,41,30,"1,292,287.16",0,"1,292,287.16",LOI,0%,0%,OPEN,MEMO TERM,YELLOW TAG,
B009L028,PPHI,SOMA2,SIGHTS CALAUAN WEST,1,,1,ALORA MID,41,30,"1,292,287.16",0,"1,292,287.16",LOI,0%,0%,OPEN,MEMO TERM,YELLOW TAG,
B009L029,PPHI,SOMA2,SIGHTS CALAUAN WEST,1,,1,ALORA MID,41,30,"1,292,287.16",0,"1,292,287.16",LOI,0%,0%,OPEN,MEMO TERM,YELLOW TAG,
B009L030,PPHI,SOMA2,SIGHTS CALAUAN WEST,1,,1,ALORA MID,41,30,"1,292,287.16",0,"1,292,287.16",LOI,0%,0%,OPEN,MEMO TERM,YELLOW TAG,
B009L031,PPHI,SOMA2,SIGHTS CALAUAN WEST,1,,1,ALORA MID,41,30,"1,292,287.16",0,"1,292,287.16",LOI,0%,0%,OPEN,MEMO TERM,YELLOW TAG,
B009L034,PPHI,SOMA2,SIGHTS CALAUAN WEST,1,,1,ALORA MID,41,30,"1,292,287.16",0,"1,292,287.16",LOI,0%,0%,OPEN,MEMO TERM,YELLOW TAG,
B009L035,PPHI,SOMA2,SIGHTS CALAUAN WEST,1,,1,ALORA MID,41,30,"1,292,287.16",0,"1,292,287.16",LOI,0%,0%,OPEN,MEMO TERM,YELLOW TAG,
B009L036,PPHI,SOMA2,SIGHTS CALAUAN WEST,1,,1,ALORA MID,41,30,"1,292,287.16",0,"1,292,287.16",LOI,0%,0%,OPEN,MEMO TERM,YELLOW TAG,
B009L037,PPHI,SOMA2,SIGHTS CALAUAN WEST,1,,1,ALORA MID,41,30,"1,292,287.16",0,"1,292,287.16",LOI,0%,0%,OPEN,MEMO TERM,YELLOW TAG,
B009L038,PPHI,SOMA2,SIGHTS CALAUAN WEST,1,,1,ALORA MID,41,30,"1,292,287.16",0,"1,292,287.16",LOI,0%,0%,OPEN,MEMO TERM,YELLOW TAG,
B009L039,PPHI,SOMA2,SIGHTS CALAUAN WEST,1,,1,ALORA MID,41,30,"1,292,287.16",0,"1,292,287.16",LOI,0%,0%,OPEN,MEMO TERM,YELLOW TAG,
B009L040,PPHI,SOMA2,SIGHTS CALAUAN WEST,1,,1,ALORA MID,41,30,"1,292,287.16",0,"1,292,287.16",LOI,0%,0%,OPEN,MEMO TERM,YELLOW TAG,
B009L041,PPHI,SOMA2,SIGHTS CALAUAN WEST,1,,1,ALORA MID,41,30,"1,292,287.16",0.00,"1,292,287.16",LOI,0%,0%,OPEN,MEMO TERM,YELLOW TAG,
B009L042,PPHI,SOMA2,SIGHTS CALAUAN WEST,1,,1,ALORA MID,41,30,"1,292,287.16",0.00,"1,292,287.16",LOI,0%,0%,OPEN,MEMO TERM,YELLOW TAG,
B009L043,PPHI,SOMA2,SIGHTS CALAUAN WEST,1,,1,ALORA MID,41,30,"1,292,287.16",0.00,"1,292,287.16",LOI,0%,0%,OPEN,MEMO TERM,YELLOW TAG,
B046L005,PPHI,SOMA2,SIGHTS CALAUAN,1,4B,4,AMANI MID,40,36,"1,669,330.69",0.00,"1,669,330.69",Mar-2028,0%,0%,OPEN,MEMO TERM,YELLOW TAG,
B046L006,PPHI,SOMA2,SIGHTS CALAUAN,1,4B,4,AMANI MID,40,36,"1,669,330.69",0.00,"1,669,330.69",Mar-2028,0%,0%,OPEN,MEMO TERM,YELLOW TAG,
B046L013,PPHI,SOMA 2,Sights Calauan,1,4B,4,AMANI MID,40,36,"1,669,330.69",0.00,"1,669,330.69",Mar-2028,0%,0%,OPEN,MEMO TERM,YELLOW TAG,
B046L014,PPHI,SOMA 2,Sights Calauan,1,4B,4,AMANI MID,40,36,"1,669,330.69",0.00,"1,669,330.69",Mar-2028,0%,0%,OPEN,MEMO TERM,YELLOW TAG,
B046L015,PPHI,SOMA 2,Sights Calauan,1,4B,4,AMANI MID,40,36,"1,669,330.69",0.00,"1,669,330.69",Mar-2028,0%,0%,OPEN,MEMO TERM,YELLOW TAG,
B046L016,PPHI,SOMA 2,Sights Calauan,1,4B,4,AMANI MID,40,36,"1,669,330.69",0.00,"1,669,330.69",Mar-2028,0%,0%,OPEN,MEMO TERM,YELLOW TAG,
B046L017,PPHI,SOMA 2,Sights Calauan,1,4B,4,AMANI MID,40,36,"1,669,330.69",0.00,"1,669,330.69",Mar-2028,0%,0%,OPEN,MEMO TERM,YELLOW TAG,
B046L018,PPHI,SOMA 2,Sights Calauan,1,4B,4,AMANI MID,40,36,"1,669,330.69",0.00,"1,669,330.69",Mar-2028,0%,0%,OPEN,MEMO TERM,YELLOW TAG,
B046L029,PPHI,SOMA 2,Sights Calauan,1,4B,4,AMANI MID,40,36,"1,669,330.69",0.00,"1,669,330.69",Apr-2028,0%,0%,OPEN,MEMO TERM,YELLOW TAG,
B046L030,PPHI,SOMA 2,Sights Calauan,1,4B,4,AMANI MID,40,36,"1,669,330.69",0.00,"1,669,330.69",Apr-2028,0%,0%,OPEN,MEMO TERM,YELLOW TAG,
B046L035,PPHI,SOMA 2,Sights Calauan,1,4B,4,AMANI MID,40,36,"1,669,330.69",0.00,"1,669,330.69",Mar-2028,0%,0%,OPEN,MEMO TERM,YELLOW TAG,
B046L036,PPHI,SOMA 2,Sights Calauan,1,4B,4,AMANI MID,40,36,"1,669,330.69",0,"1,669,330.69",Mar-2028,0%,0%,OPEN,MEMO TERM,YELLOW TAG,
B046L037,PPHI,SOMA 2,Sights Calauan,1,4B,4,AMANI MID,40,36,"1,669,330.69",0,"1,669,330.69",Mar-2028,0%,0%,OPEN,MEMO TERM,YELLOW TAG,
B046L038,PPHI,SOMA 2,Sights Calauan,1,4B,4,AMANI MID,40,36,"1,669,330.69",0,"1,669,330.69",Mar-2028,0%,0%,OPEN,MEMO TERM,YELLOW TAG,
B046L039,PPHI,SOMA 2,Sights Calauan,1,4B,4,AMANI MID,40,36,"1,669,330.69",0,"1,669,330.69",Mar-2028,0%,0%,OPEN,MEMO TERM,YELLOW TAG,
B046L040,PPHI,SOMA 2,Sights Calauan,1,4B,4,AMANI MID,40,36,"1,669,330.69",0,"1,669,330.69",Mar-2028,0%,0%,OPEN,MEMO TERM,YELLOW TAG,
B046L041,PPHI,SOMA 2,Sights Calauan,1,4B,4,AMANI MID,40,36,"1,669,330.69",0,"1,669,330.69",Mar-2028,0%,0%,OPEN,MEMO TERM,YELLOW TAG,
B046L045,PPHI,SOMA 2,Sights Calauan,1,4B,4,AMANI MID,40,36,"1,669,330.69",0,"1,669,330.69",Mar-2028,0%,0%,OPEN,MEMO TERM,YELLOW TAG,
B046L046,PPHI,SOMA 2,Sights Calauan,1,4B,4,AMANI MID,40,36,"1,669,330.69",0,"1,669,330.69",Mar-2028,0%,0%,OPEN,MEMO TERM,YELLOW TAG,
B046L047,PPHI,SOMA 2,Sights Calauan,1,4B,4,AMANI MID,40,36,"1,669,330.69",0,"1,669,330.69",Mar-2028,0%,0%,OPEN,MEMO TERM,YELLOW TAG,
B046L048,PPHI,SOMA 2,Sights Calauan,1,4B,4,AMANI MID,40,36,"1,669,330.69",0,"1,669,330.69",Mar-2028,0%,0%,OPEN,MEMO TERM,YELLOW TAG,
B046L049,PPHI,SOMA 2,Sights Calauan,1,4B,4,AMANI MID,40,36,"1,669,330.69",0,"1,669,330.69",Mar-2028,0%,0%,OPEN,MEMO TERM,YELLOW TAG,
B046L050,PPHI,SOMA 2,Sights Calauan,1,4B,4,AMANI MID,40,36,"1,669,330.69",0,"1,669,330.69",Mar-2028,0%,0%,OPEN,MEMO TERM,YELLOW TAG,
B059L045,PPHI,SOMA 2,Sights Calauan,1,4B,4,AMANI MID,49,36,"1,812,646.35",0,"1,812,646.35",Apr-2028,0%,0%,OPEN,MEMO TERM,YELLOW TAG,
B059L046,PPHI,SOMA 2,Sights Calauan,1,4B,4,AMANI MID,47,36,"1,777,119.02",0,"1,777,119.02",Apr-2028,0%,0%,OPEN,MEMO TERM,YELLOW TAG,
B059L054,PPHI,SOMA 2,Sights Calauan,1,4B,4,AMANI MID,44,36,"1,723,728.04",0,"1,723,728.04",Apr-2028,0%,0%,OPEN,MEMO TERM,YELLOW TAG,
B059L055,PPHI,SOMA 2,Sights Calauan,1,4B,4,AMANI MID,44,36,"1,723,728.04",0.00,"1,723,728.04",Apr-2028,0%,0%,OPEN,MEMO TERM,YELLOW TAG,
B065L008,PPHI,SOMA2,TAYABAS,2,A,5,CALISTA MID,44,40,"1,837,093.00",0.00,"1,837,093.00",Aug-2026,12%,12%,OPEN,MEMO TERM,YELLOW TAG,
B065L009,PPHI,SOMA2,TAYABAS,2,A,5,CALISTA MID,44,40,"1,837,093.00",0.00,"1,837,093.00",Aug-2026,12%,12%,OPEN,MEMO TERM,YELLOW TAG,
B065L010,PPHI,SOMA2,TAYABAS,2,A,5,CALISTA MID,44,40,"1,837,093.00",0.00,"1,837,093.00",Aug-2026,12%,12%,OPEN,MEMO TERM,YELLOW TAG,
B065L011,PPHI,SOMA2,TAYABAS,2,A,5,CALISTA MID,44,40,"1,837,093.00",0.00,"1,837,093.00",Aug-2026,12%,12%,OPEN,MEMO TERM,YELLOW TAG,
B065L014,PPHI,SOMA2,TAYABAS,2,A,5,CALISTA MID,44,40,"1,837,093.00",0.00,"1,837,093.00",Aug-2026,12%,12%,OPEN,MEMO TERM,YELLOW TAG,
B065L015,PPHI,SOMA2,TAYABAS,2,A,5,CALISTA MID,44,40,"1,837,093.00",0.00,"1,837,093.00",Aug-2026,12%,12%,OPEN,MEMO TERM,YELLOW TAG,
B065L016,PPHI,SOMA2,TAYABAS,2,A,5,CALISTA MID,44,40,"1,837,093.00",0.00,"1,837,093.00",Aug-2026,12%,12%,OPEN,MEMO TERM,YELLOW TAG,
B065L017,PPHI,SOMA2,TAYABAS,2,A,5,CALISTA MID,44,40,"1,837,093.00",0.00,"1,837,093.00",Aug-2026,12%,12%,OPEN,MEMO TERM,YELLOW TAG,
B065L018,PPHI,SOMA2,TAYABAS,2,A,5,CALISTA MID,44,40,"1,837,093.00",0.00,"1,837,093.00",Aug-2026,12%,12%,OPEN,MEMO TERM,YELLOW TAG,
B065L019,PPHI,SOMA2,TAYABAS,2,A,5,CALISTA MID,44,40,"1,837,093.00",0.00,"1,837,093.00",Aug-2026,12%,12%,OPEN,MEMO TERM,YELLOW TAG,
B065L020,PPHI,SOMA2,TAYABAS,2,A,5,CALISTA MID,44,40,"1,837,093.00",0.00,"1,837,093.00",Aug-2026,12%,12%,OPEN,MEMO TERM,YELLOW TAG,
B065L021,PPHI,SOMA2,TAYABAS,2,A,5,CALISTA MID,44,40,"1,837,093.00",0.00,"1,837,093.00",Aug-2026,12%,12%,OPEN,MEMO TERM,YELLOW TAG,
B065L024,PPHI,SOMA2,TAYABAS,2,A,5,CALISTA MID,44,40,"1,837,093.00",0.00,"1,837,093.00",Aug-2026,12%,12%,OPEN,MEMO TERM,YELLOW TAG,
B065L025,PPHI,SOMA2,TAYABAS,2,A,5,CALISTA MID,44,40,"1,837,093.00",0.00,"1,837,093.00",Aug-2026,12%,12%,OPEN,MEMO TERM,YELLOW TAG,
B065L026,PPHI,SOMA2,TAYABAS,2,A,5,CALISTA MID,44,40,"1,837,093.00",0.00,"1,837,093.00",Aug-2026,12%,12%,OPEN,MEMO TERM,YELLOW TAG,
B065L027,PPHI,SOMA2,TAYABAS,2,A,5,CALISTA MID,44,40,"1,837,093.00",0.00,"1,837,093.00",Aug-2026,12%,12%,OPEN,MEMO TERM,YELLOW TAG,
B065L028,PPHI,SOMA2,TAYABAS,2,A,5,CALISTA MID,44,40,"1,837,093.00",0.00,"1,837,093.00",Aug-2026,12%,12%,OPEN,MEMO TERM,YELLOW TAG,
B065L029,PPHI,SOMA2,TAYABAS,2,A,5,CALISTA MID,44,40,"1,837,093.00",0.00,"1,837,093.00",Aug-2026,12%,12%,OPEN,MEMO TERM,YELLOW TAG,
B065L030,PPHI,SOMA2,TAYABAS,2,A,5,CALISTA MID,44,40,"1,837,093.00",0.00,"1,837,093.00",Aug-2026,12%,12%,OPEN,MEMO TERM,YELLOW TAG,
B065L034,PPHI,SOMA2,TAYABAS,2,A,5,CALISTA MID,44,40,"1,860,893.00",0.00,"1,860,893.00",Aug-2026,12%,12%,OPEN,MEMO TERM,YELLOW TAG,
B065L035,PPHI,SOMA2,TAYABAS,2,A,5,CALISTA MID,44,40,"1,860,893.00",0.00,"1,860,893.00",Aug-2026,12%,12%,OPEN,MEMO TERM,YELLOW TAG,
B065L036,PPHI,SOMA2,TAYABAS,2,A,5,CALISTA MID,44,40,"1,860,893.00",0.00,"1,860,893.00",Aug-2026,12%,12%,OPEN,MEMO TERM,YELLOW TAG,
B065L037,PPHI,SOMA2,TAYABAS,2,A,5,CALISTA MID,44,40,"1,860,893.00",0.00,"1,860,893.00",Aug-2026,12%,12%,OPEN,MEMO TERM,YELLOW TAG,
B065L038,PPHI,SOMA2,TAYABAS,2,A,5,CALISTA MID,44,40,"1,860,893.00",0.00,"1,860,893.00",Dec-2026,12%,12%,OPEN,MEMO TERM,YELLOW TAG,
B065L039,PPHI,SOMA2,TAYABAS,2,A,5,CALISTA MID,44,40,"1,860,893.00",0.00,"1,860,893.00",Dec-2026,12%,12%,OPEN,MEMO TERM,YELLOW TAG,
B065L040,PPHI,SOMA2,TAYABAS,2,A,5,CALISTA MID,44,40,"1,860,893.00",0.00,"1,860,893.00",Dec-2026,12%,12%,OPEN,MEMO TERM,YELLOW TAG,
B065L044,PPHI,SOMA2,TAYABAS,2,A,5,CALISTA MID,44,40,"1,860,893.00",0.00,"1,860,893.00",Dec-2026,12%,12%,OPEN,MEMO TERM,YELLOW TAG,
B065L045,PPHI,SOMA2,TAYABAS,2,A,5,CALISTA MID,44,40,"1,860,893.00",0.00,"1,860,893.00",Dec-2026,12%,12%,OPEN,MEMO TERM,YELLOW TAG,
B065L046,PPHI,SOMA2,TAYABAS,2,A,5,CALISTA MID,44,40,"1,860,893.00",0.00,"1,860,893.00",Dec-2026,12%,12%,OPEN,MEMO TERM,YELLOW TAG,
B065L047,PPHI,SOMA2,TAYABAS,2,A,5,CALISTA MID,44,40,"1,860,893.00",0.00,"1,860,893.00",Dec-2026,12%,12%,OPEN,MEMO TERM,YELLOW TAG,
B065L049,PPHI,SOMA2,TAYABAS,2,A,5,CALISTA MID,44,40,"1,860,893.00",0.00,"1,860,893.00",Dec-2026,12%,12%,OPEN,MEMO TERM,YELLOW TAG,
B065L050,PPHI,SOMA2,TAYABAS,2,A,5,CALISTA MID,44,40,"1,860,893.00",0.00,"1,860,893.00",Dec-2026,12%,12%,OPEN,MEMO TERM,YELLOW TAG,
B065L051,PPHI,SOMA2,TAYABAS,2,A,5,CALISTA MID,44,40,"1,860,893.00",0.00,"1,860,893.00",Dec-2026,12%,12%,OPEN,MEMO TERM,YELLOW TAG,
B065L056,PPHI,SOMA2,TAYABAS,2,A,5,CALISTA MID,44,40,"1,860,893.00",0.00,"1,860,893.00",Jan-2027,12%,12%,OPEN,MEMO TERM,YELLOW TAG,
B065L057,PPHI,SOMA2,TAYABAS,2,A,5,CALISTA MID,44,40,"1,860,893.00",0.00,"1,860,893.00",Jan-2027,12%,12%,OPEN,MEMO TERM,YELLOW TAG,
B065L058,PPHI,SOMA2,TAYABAS,2,A,5,CALISTA MID,44,40,"1,860,893.00",0.00,"1,860,893.00",Jan-2027,12%,12%,OPEN,MEMO TERM,YELLOW TAG,
B066L040,PPHI,SOMA2,TAYABAS,2,A,5,CALISTA MID,44,40,"1,860,893.00",0.00,"1,860,893.00",Feb-2027,12%,12%,OPEN,MEMO TERM,YELLOW TAG,
B026L032,PPHI,SOMA2,SAN PABLO EAST,1,,4,CALISTA MID,44,40,"1,909,801.34",0.00,"1,909,801.34",Aug-2027,0%,0%,OPEN,MEMO TERM,YELLOW TAG,
B026L033,PPHI,SOMA2,SAN PABLO EAST,1,,4,CALISTA MID,44,40,"1,909,801.34",0.00,"1,909,801.34",Aug-2027,0%,0%,OPEN,MEMO TERM,YELLOW TAG,
B026L034,PPHI,SOMA2,SAN PABLO EAST,1,,4,CALISTA MID,44,40,"1,909,801.34",0.00,"1,909,801.34",Aug-2027,0%,0%,OPEN,MEMO TERM,YELLOW TAG,
B026L035,PPHI,SOMA2,SAN PABLO EAST,1,,4,CALISTA MID,44,40,"1,909,801.34",0.00,"1,909,801.34",Aug-2027,0%,0%,OPEN,MEMO TERM,YELLOW TAG,
B026L036,PPHI,SOMA2,SAN PABLO EAST,1,,4,CALISTA MID,44,40,"1,909,801.34",0.00,"1,909,801.34",Aug-2027,0%,0%,OPEN,MEMO TERM,YELLOW TAG,
B026L037,PPHI,SOMA2,SAN PABLO EAST,1,,4,CALISTA MID,44,40,"1,909,801.34",0.00,"1,909,801.34",Aug-2027,0%,0%,OPEN,MEMO TERM,YELLOW TAG,
B026L040,PPHI,SOMA2,SAN PABLO EAST,1,,4,CALISTA MID,44,40,"1,909,801.34",0.00,"1,909,801.34",Aug-2027,0%,0%,OPEN,MEMO TERM,YELLOW TAG,
B026L065,PPHI,SOMA2,SAN PABLO EAST,1,,4,CALISTA MID,44,40,"1,909,801.34",0.00,"1,909,801.34",Sep-2027,0%,0%,OPEN,MEMO TERM,YELLOW TAG,
B026L066,PPHI,SOMA2,SAN PABLO EAST,1,,4,CALISTA MID,44,40,"1,909,801.34",0.00,"1,909,801.34",Sep-2027,0%,0%,OPEN,MEMO TERM,YELLOW TAG,
B026L067,PPHI,SOMA2,SAN PABLO EAST,1,,4,CALISTA MID,44,40,"1,909,801.34",0.00,"1,909,801.34",Sep-2027,0%,0%,OPEN,MEMO TERM,YELLOW TAG,
B026L068,PPHI,SOMA2,SAN PABLO EAST,1,,4,CALISTA MID,44,40,"1,909,801.34",0.00,"1,909,801.34",Sep-2027,0%,0%,OPEN,MEMO TERM,YELLOW TAG,
B026L069,PPHI,SOMA2,SAN PABLO EAST,1,,4,CALISTA MID,44,40,"1,909,801.34",0.00,"1,909,801.34",Sep-2027,0%,0%,OPEN,MEMO TERM,YELLOW TAG,
B026L070,PPHI,SOMA2,SAN PABLO EAST,1,,4,CALISTA MID,44,40,"1,909,801.34",0.00,"1,909,801.34",Sep-2027,0%,0%,OPEN,MEMO TERM,YELLOW TAG,
B026L071,PPHI,SOMA2,SAN PABLO EAST,1,,4,CALISTA MID,44,40,"1,909,801.34",0.00,"1,909,801.34",Sep-2027,0%,0%,OPEN,MEMO TERM,YELLOW TAG,
B026L072,PPHI,SOMA2,SAN PABLO EAST,1,,4,CALISTA MID,44,40,"1,909,801.34",0.00,"1,909,801.34",Sep-2027,0%,0%,OPEN,MEMO TERM,YELLOW TAG,
B026L073,PPHI,SOMA2,SAN PABLO EAST,1,,4,CALISTA MID,44,40,"1,909,801.34",0.00,"1,909,801.34",Sep-2027,0%,0%,OPEN,MEMO TERM,YELLOW TAG,
B027L057,PPHI,SOMA2,SAN PABLO EAST,1,,4,CALISTA MID,44,40,"1,909,801.34",0.00,"1,909,801.34",Aug-2027,0%,0%,OPEN,MEMO TERM,YELLOW TAG,
B027L060,PPHI,SOMA2,SAN PABLO EAST,1,,4,CALISTA MID,44,40,"1,909,801.34",0.00,"1,909,801.34",Aug-2027,0%,0%,OPEN,MEMO TERM,YELLOW TAG,
B027L061,PPHI,SOMA2,SAN PABLO EAST,1,,4,CALISTA MID,44,40,"1,909,801.34",0.00,"1,909,801.34",Aug-2027,0%,0%,OPEN,MEMO TERM,YELLOW TAG,
B027L065,PPHI,SOMA2,SAN PABLO EAST,1,,4,CALISTA MID,44,40,"1,909,801.34",0.00,"1,909,801.34",Aug-2027,0%,0%,OPEN,MEMO TERM,YELLOW TAG,
B027L066,PPHI,SOMA2,SAN PABLO EAST,1,,4,CALISTA MID,44,40,"1,909,801.34",0.00,"1,909,801.34",Aug-2027,0%,0%,OPEN,MEMO TERM,YELLOW TAG,
B027L069,PPHI,SOMA2,SAN PABLO EAST,1,,4,CALISTA MID,44,40,"1,909,801.34",0.00,"1,909,801.34",Aug-2027,0%,0%,OPEN,MEMO TERM,YELLOW TAG,
B027L070,PPHI,SOMA2,SAN PABLO EAST,1,,4,CALISTA MID,44,40,"1,909,801.34",0.00,"1,909,801.34",Aug-2027,0%,0%,OPEN,MEMO TERM,YELLOW TAG,
B027L071,PPHI,SOMA2,SAN PABLO EAST,1,,4,CALISTA MID,44,40,"1,909,801.34",0.00,"1,909,801.34",Aug-2027,0%,0%,OPEN,MEMO TERM,YELLOW TAG,
B027L072,PPHI,SOMA2,SAN PABLO EAST,1,,4,CALISTA MID,44,40,"1,909,801.34",0.00,"1,909,801.34",Aug-2027,0%,0%,OPEN,MEMO TERM,YELLOW TAG,
B027L073,PPHI,SOMA2,SAN PABLO EAST,1,,4,CALISTA MID,44,40,"1,909,801.34",0.00,"1,909,801.34",Aug-2027,0%,0%,OPEN,MEMO TERM,YELLOW TAG,
B017L020,PPHI,NOMA2,BALANGA,1,B,4,CALISTA MID,44,40,"1,809,966.00",0.00,"1,809,966.00",Sep-2025,79%,60%,OPEN,RSBS WITHIN THE MONTH,RED TAG,
B029L049,PPHI,SOMA2,CALAMBA WEST,1,B,B2,Calista Mid,44,40,"2,255,435.00",0.00,"2,255,435.00",Mar-2028,0%,0%,OPEN,MEMO TERM,YELLOW TAG,
B029L050,PPHI,SOMA2,CALAMBA WEST,1,B,B2,Calista Mid,44,40,"2,255,435.00",0.00,"2,255,435.00",Mar-2028,0%,0%,OPEN,MEMO TERM,YELLOW TAG,
B029L055,PPHI,SOMA2,CALAMBA WEST,1,B,B2,Calista Mid,44,40,"2,255,435.00",0.00,"2,255,435.00",Mar-2028,0%,0%,OPEN,MEMO TERM,YELLOW TAG,
B029L056,PPHI,SOMA2,CALAMBA WEST,1,B,B2,Calista Mid,44,40,"2,255,435.00",0.00,"2,255,435.00",Mar-2028,0%,0%,OPEN,MEMO TERM,YELLOW TAG,
B029L062,PPHI,SOMA2,CALAMBA WEST,1,B,B2,Calista Mid,44,40,"2,255,435.00",0.00,"2,255,435.00",Apr-2028,0%,0%,OPEN,MEMO TERM,YELLOW TAG,
B030L009,PPHI,SOMA2,CALAMBA WEST,1,B,B2,Calista Mid,44,40,"2,255,435.00",0.00,"2,255,435.00",Apr-2028,0%,0%,OPEN,MEMO TERM,YELLOW TAG,
B030L010,PPHI,SOMA2,CALAMBA WEST,1,B,B2,Calista Mid,44,40,"2,255,435.00",0.00,"2,255,435.00",Apr-2028,0%,0%,OPEN,MEMO TERM,YELLOW TAG,
B030L011,PPHI,SOMA2,CALAMBA WEST,1,B,B2,Calista Mid,44,40,"2,255,435.00",0.00,"2,255,435.00",Apr-2028,0%,0%,OPEN,MEMO TERM,YELLOW TAG,
B030L013,PPHI,SOMA2,CALAMBA WEST,1,B,B2,Calista End,61,40,"2,813,466.00",0.00,"2,813,466.00",Mar-2028,0%,0%,OPEN,MEMO TERM,YELLOW TAG,
B030L015,PPHI,SOMA2,CALAMBA WEST,1,B,B2,Calista Mid,44,40,"2,255,435.00",0.00,"2,255,435.00",Mar-2028,0%,0%,OPEN,MEMO TERM,YELLOW TAG,
B030L016,PPHI,SOMA2,CALAMBA WEST,1,B,B2,Calista Mid,44,40,"2,255,435.00",0.00,"2,255,435.00",Mar-2028,0%,0%,OPEN,MEMO TERM,YELLOW TAG,
B030L020,PPHI,SOMA2,CALAMBA WEST,1,B,B2,Calista Mid,44,40,"2,255,435.00",0.00,"2,255,435.00",Mar-2028,0%,0%,OPEN,MEMO TERM,YELLOW TAG,
B030L021,PPHI,SOMA2,CALAMBA WEST,1,B,B2,Calista Mid,44,40,"2,255,435.00",0.00,"2,255,435.00",Mar-2028,0%,0%,OPEN,MEMO TERM,YELLOW TAG,
B030L022,PPHI,SOMA2,CALAMBA WEST,1,B,B2,Calista Mid,44,40,"2,255,435.00",0.00,"2,255,435.00",Mar-2028,0%,0%,OPEN,MEMO TERM,YELLOW TAG,
B030L023,PPHI,SOMA2,CALAMBA WEST,1,B,B2,Calista Mid,44,40,"2,255,435.00",0.00,"2,255,435.00",Mar-2028,0%,0%,OPEN,MEMO TERM,YELLOW TAG,
B030L024,PPHI,SOMA2,CALAMBA WEST,1,B,B2,Calista End,66,40,"2,940,008.00",0.00,"2,940,008.00",Mar-2028,0%,0%,OPEN,MEMO TERM,YELLOW TAG,
B030L025,PPHI,SOMA2,CALAMBA WEST,1,B,B2,Calista End,66,40,"2,940,008.00",0.00,"2,940,008.00",Feb-2028,0%,0%,OPEN,MEMO TERM,YELLOW TAG,
B030L026,PPHI,SOMA2,CALAMBA WEST,1,B,B2,Calista Mid,44,40,"2,255,435.00",0.00,"2,255,435.00",Feb-2028,0%,0%,OPEN,MEMO TERM,YELLOW TAG,
B030L027,PPHI,SOMA2,CALAMBA WEST,1,B,B2,Calista Mid,44,40,"2,255,435.00",0.00,"2,255,435.00",Feb-2028,0%,0%,OPEN,MEMO TERM,YELLOW TAG,
B030L028,PPHI,SOMA2,CALAMBA WEST,1,B,B2,Calista Mid,44,40,"2,255,435.00",0.00,"2,255,435.00",Feb-2028,0%,0%,OPEN,MEMO TERM,YELLOW TAG,
B030L029,PPHI,SOMA2,CALAMBA WEST,1,B,B2,Calista Mid,44,40,"2,255,435.00",0.00,"2,255,435.00",Feb-2028,0%,0%,OPEN,MEMO TERM,YELLOW TAG,
B030L033,PPHI,SOMA2,CALAMBA WEST,1,B,B2,Calista Mid,44,40,"2,255,435.00",0.00,"2,255,435.00",Feb-2028,0%,0%,OPEN,MEMO TERM,YELLOW TAG,
B030L034,PPHI,SOMA2,CALAMBA WEST,1,B,B2,Calista End,66,40,"2,940,008.00",0.00,"2,940,008.00",Feb-2028,0%,0%,OPEN,MEMO TERM,YELLOW TAG,
B030L044,PPHI,SOMA2,CALAMBA WEST,1,B,B2,Calista Mid,44,40,"2,255,435.00",0.00,"2,255,435.00",Feb-2028,0%,0%,OPEN,MEMO TERM,YELLOW TAG,
B030L045,PPHI,SOMA2,CALAMBA WEST,1,B,B2,Calista Mid,44,40,"2,255,435.00",0.00,"2,255,435.00",Feb-2028,0%,0%,OPEN,MEMO TERM,YELLOW TAG,
B030L048,PPHI,SOMA2,CALAMBA WEST,1,B,B2,Calista Mid,44,40,"2,255,435.00",0.00,"2,255,435.00",Feb-2028,0%,0%,OPEN,MEMO TERM,YELLOW TAG,
B030L049,PPHI,SOMA2,CALAMBA WEST,1,B,B2,Calista Mid,44,40,"2,255,435.00",0.00,"2,255,435.00",Feb-2028,0%,0%,OPEN,MEMO TERM,YELLOW TAG,
B030L050,PPHI,SOMA2,CALAMBA WEST,1,B,B2,Calista Mid,44,40,"2,255,435.00",0.00,"2,255,435.00",Feb-2028,0%,0%,OPEN,MEMO TERM,YELLOW TAG,
B030L051,PPHI,SOMA2,CALAMBA WEST,1,B,B2,Calista Mid,44,40,"2,255,435.00",0.00,"2,255,435.00",Feb-2028,0%,0%,OPEN,MEMO TERM,YELLOW TAG,
B030L054,PPHI,SOMA2,CALAMBA WEST,1,B,B2,Calista Mid,44,40,"2,255,435.00",0.00,"2,255,435.00",Mar-2028,0%,0%,OPEN,MEMO TERM,YELLOW TAG,
B030L055,PPHI,SOMA2,CALAMBA WEST,1,B,B2,Calista Mid,44,40,"2,255,435.00",0.00,"2,255,435.00",Mar-2028,0%,0%,OPEN,MEMO TERM,YELLOW TAG,
B030L061,PPHI,SOMA2,CALAMBA WEST,1,B,B2,Calista Mid,44,40,"2,255,435.00",0.00,"2,255,435.00",Mar-2028,0%,0%,OPEN,MEMO TERM,YELLOW TAG,
B030L062,PPHI,SOMA2,CALAMBA WEST,1,B,B2,Calista Mid,44,40,"2,255,435.00",0.00,"2,255,435.00",Mar-2028,0%,0%,OPEN,MEMO TERM,YELLOW TAG,
B030L063,PPHI,SOMA2,CALAMBA WEST,1,B,B2,Calista Mid,44,40,"2,255,435.00",0.00,"2,255,435.00",Mar-2028,0%,0%,OPEN,MEMO TERM,YELLOW TAG,
B030L066,PPHI,SOMA2,CALAMBA WEST,1,B,B2,Calista Mid,44,40,"2,255,435.00",0.00,"2,255,435.00",Apr-2028,0%,0%,OPEN,MEMO TERM,YELLOW TAG,
B030L068,PPHI,SOMA2,CALAMBA WEST,1,B,B2,Calista Mid,44,40,"2,255,435.00",0.00,"2,255,435.00",Apr-2028,0%,0%,OPEN,MEMO TERM,YELLOW TAG,
B030L069,PPHI,SOMA2,CALAMBA WEST,1,B,B2,Calista Mid,44,40,"2,255,435.00",0.00,"2,255,435.00",Apr-2028,0%,0%,OPEN,MEMO TERM,YELLOW TAG,
B027L024,PPHI,SOMA2,SIGHTS TAYABAS,1,,1,AURORA MID,38,27,"980,000.00",0.00,"980,000.00",Jun-2028,0%,0%,OPEN,MEMO TERM,YELLOW TAG,
B027L044,PPHI,SOMA2,SIGHTS TAYABAS,1,,1,AURORA MID,38,27,"980,000.00",0.00,"980,000.00",Jun-2028,0%,0%,OPEN,MEMO TERM,YELLOW TAG,
B027L045,PPHI,SOMA2,SIGHTS TAYABAS,1,,1,AURORA MID,38,27,"980,000.00",0.00,"980,000.00",Jun-2028,0%,0%,OPEN,MEMO TERM,YELLOW TAG,
B028L012,PPHI,SOMA2,SIGHTS TAYABAS,1,,1,AURORA MID,38,27,"980,000.00",0.00,"980,000.00",Jan-2028,0%,0%,OPEN,MEMO TERM,YELLOW TAG,
B028L017,PPHI,SOMA2,SIGHTS TAYABAS,1,,1,AURORA MID,38,27,"980,000.00",0.00,"980,000.00",Jan-2028,0%,0%,OPEN,MEMO TERM,YELLOW TAG,
B028L018,PPHI,SOMA2,SIGHTS TAYABAS,1,,1,AURORA MID,38,27,"980,000.00",0.00,"980,000.00",Jan-2028,0%,0%,OPEN,MEMO TERM,YELLOW TAG,
B028L031,PPHI,SOMA2,SIGHTS TAYABAS,1,,1,AURORA MID,38,27,"980,000.00",0.00,"980,000.00",Jan-2028,0%,0%,OPEN,MEMO TERM,YELLOW TAG,
B028L033,PPHI,SOMA2,SIGHTS TAYABAS,1,,1,AURORA MID,47,27,"1,090,781.00",0.00,"1,090,781.00",Jan-2028,0%,0%,OPEN,MEMO TERM,YELLOW TAG,
B028L034,PPHI,SOMA2,SIGHTS TAYABAS,1,,1,AURORA MID,45,27,"1,066,163.00",0.00,"1,066,163.00",Jan-2028,0%,0%,OPEN,MEMO TERM,YELLOW TAG,
B028L046,PPHI,SOMA2,SIGHTS TAYABAS,1,,1,AURORA MID,38,27,"980,000.00",0.00,"980,000.00",Feb-2028,0%,0%,OPEN,MEMO TERM,YELLOW TAG,
B028L047,PPHI,SOMA2,SIGHTS TAYABAS,1,,1,AURORA MID,38,27,"980,000.00",0.00,"980,000.00",Feb-2028,0%,0%,OPEN,MEMO TERM,YELLOW TAG,
B028L048,PPHI,SOMA2,SIGHTS TAYABAS,1,,1,AURORA MID,38,27,"980,000.00",0.00,"980,000.00",Feb-2028,0%,0%,OPEN,MEMO TERM,YELLOW TAG,
B028L049,PPHI,SOMA2,SIGHTS TAYABAS,1,,1,AURORA MID,38,27,"980,000.00",0.00,"980,000.00",Feb-2028,0%,0%,OPEN,MEMO TERM,YELLOW TAG,
B028L050,PPHI,SOMA2,SIGHTS TAYABAS,1,,1,AURORA MID,38,27,"980,000.00",0.00,"980,000.00",Feb-2028,0%,0%,OPEN,MEMO TERM,YELLOW TAG,
B028L056,PPHI,SOMA2,SIGHTS TAYABAS,1,,1,AURORA MID,38,27,"980,000.00",0.00,"980,000.00",Jan-2028,0%,0%,OPEN,MEMO TERM,YELLOW TAG,
B028L057,PPHI,SOMA2,SIGHTS TAYABAS,1,,1,AURORA MID,38,27,"980,000.00",0.00,"980,000.00",Jan-2028,0%,0%,OPEN,MEMO TERM,YELLOW TAG,
B028L058,PPHI,SOMA2,SIGHTS TAYABAS,1,,1,AURORA MID,38,27,"980,000.00",0.00,"980,000.00",Jan-2028,0%,0%,OPEN,MEMO TERM,YELLOW TAG,
B028L059,PPHI,SOMA2,SIGHTS TAYABAS,1,,1,AURORA MID,38,27,"980,000.00",0.00,"980,000.00",Jan-2028,0%,0%,OPEN,MEMO TERM,YELLOW TAG,
B028L060,PPHI,SOMA2,SIGHTS TAYABAS,1,,1,AURORA MID,38,27,"980,000.00",0.00,"980,000.00",Jan-2028,0%,0%,OPEN,MEMO TERM,YELLOW TAG,
B028L061,PPHI,SOMA2,SIGHTS TAYABAS,1,,1,AURORA MID,38,27,"980,000.00",0.00,"980,000.00",Jan-2028,0%,0%,OPEN,MEMO TERM,YELLOW TAG,
B028L062,PPHI,SOMA2,SIGHTS TAYABAS,1,,1,AURORA MID,38,27,"980,000.00",0.00,"980,000.00",Jan-2028,0%,0%,OPEN,MEMO TERM,YELLOW TAG,
B029L024,PPHI,SOMA2,SIGHTS TAYABAS,1,,1,AURORA MID,46,27,"1,078,472.00",0.00,"1,078,472.00",Jan-2028,0%,0%,OPEN,MEMO TERM,YELLOW TAG,
B033L020,PPHI,NOMA2,IMPRESSIONS HERMOSA,1,A,4,CALISTA MID,44,40,"2,067,920.64",0.00,"2,067,920.64",Aug-2025,76%,60%,OPEN,RSBS WITHIN THE MONTH,RED TAG,
B033L021,PPHI,NOMA2,IMPRESSIONS HERMOSA,1,A,4,CALISTA MID,44,40,"2,067,920.64",0.00,"2,067,920.64",Aug-2025,76%,60%,OPEN,RSBS WITHIN THE MONTH,RED TAG,
B033L022,PPHI,NOMA2,IMPRESSIONS HERMOSA,1,A,4,CALISTA MID,44,40,"2,067,920.64",0.00,"2,067,920.64",Aug-2025,76%,60%,OPEN,RSBS WITHIN THE MONTH,RED TAG,
B033L023,PPHI,NOMA2,IMPRESSIONS HERMOSA,1,A,4,CALISTA MID,44,40,"2,067,920.64",0.00,"2,067,920.64",Aug-2025,77%,60%,OPEN,RSBS WITHIN THE MONTH,RED TAG,
B033L027,PPHI,NOMA2,IMPRESSIONS HERMOSA,1,A,4,CALISTA MID,44,40,"2,067,920.64",0.00,"2,067,920.64",Aug-2025,66%,60%,OPEN,MEMO TERM,RED TAG,
B033L028,PPHI,NOMA2,IMPRESSIONS HERMOSA,1,A,4,CALISTA MID,44,40,"2,067,920.64",0.00,"2,067,920.64",Aug-2025,66%,60%,OPEN,MEMO TERM,RED TAG,
B033L029,PPHI,NOMA2,IMPRESSIONS HERMOSA,1,A,4,CALISTA MID,44,40,"2,067,920.64",0.00,"2,067,920.64",Aug-2025,66%,60%,OPEN,MEMO TERM,RED TAG,
B033L038,PPHI,NOMA2,IMPRESSIONS HERMOSA,1,A,4,CALISTA MID,44,40,"2,067,920.64",0.00,"2,067,920.64",Aug-2025,83%,80%,OPEN,RSBS WITHIN THE MONTH,RED TAG,
B033L039,PPHI,NOMA2,IMPRESSIONS HERMOSA,1,A,4,CALISTA MID,44,40,"2,067,920.64",0.00,"2,067,920.64",Aug-2025,83%,80%,OPEN,RSBS WITHIN THE MONTH,RED TAG,
B033L040,PPHI,NOMA2,IMPRESSIONS HERMOSA,1,A,4,CALISTA MID,44,40,"2,067,920.64",0.00,"2,067,920.64",Aug-2025,83%,80%,OPEN,RSBS WITHIN THE MONTH,RED TAG,
B033L041,PPHI,NOMA2,IMPRESSIONS HERMOSA,1,A,4,CALISTA MID,44,40,"2,067,920.64",0.00,"2,067,920.64",Aug-2025,81%,80%,OPEN,RSBS WITHIN THE MONTH,RED TAG,
B001L012,PPHI,NOMA2,MAGALANG EAST,1,B,2,UNNA REGULAR,118,54,"4,909,672.47","490,968.48","4,418,703.99",Jan-2028,0%,0%,OPEN,MEMO TERM,YELLOW TAG,
B001L014,PPHI,NOMA2,MAGALANG EAST,1,B,2,UNNA REGULAR,119,54,"4,932,938.24","493,300.53","4,439,637.72",Jan-2028,0%,0%,OPEN,MEMO TERM,YELLOW TAG,
B001L015,PPHI,NOMA2,MAGALANG EAST,1,B,2,UNNA REGULAR,119,54,"4,932,938.24","493,300.53","4,439,637.72",Jan-2028,0%,0%,OPEN,MEMO TERM,YELLOW TAG,
B001L016,PPHI,NOMA2,MAGALANG EAST,1,B,2,UNNA REGULAR,120,54,"4,956,304.02","495,632.57","4,460,671.44",Jan-2028,0%,0%,OPEN,MEMO TERM,YELLOW TAG,
B001L017,PPHI,NOMA2,MAGALANG EAST,1,B,2,UNNA REGULAR,120,54,"4,956,304.02","495,632.57","4,460,671.44",Jan-2028,0%,0%,OPEN,MEMO TERM,YELLOW TAG,
B001L018,PPHI,NOMA2,MAGALANG EAST,1,B,2,UNNA REGULAR,136,54,"5,329,356.41","532,945.33","4,796,411.08",Jan-2028,0%,0%,OPEN,MEMO TERM,YELLOW TAG,
B002L005,PPHI,NOMA2,MAGALANG EAST,1,B,2,UNNA REGULAR,124,54,"4,855,299.15","485,539.19","4,369,759.96",Dec-2027,0%,0%,OPEN,MEMO TERM,YELLOW TAG,
B002L006,PPHI,NOMA2,MAGALANG EAST,1,B,2,UNNA REGULAR,125,54,"4,877,727.78","487,781.55","4,389,946.23",Dec-2027,0%,0%,OPEN,MEMO TERM,YELLOW TAG,
B002L007,PPHI,NOMA2,MAGALANG EAST,1,B,2,UNNA REGULAR,125,54,"4,877,727.78","487,781.55","4,389,946.23",Dec-2027,0%,0%,OPEN,MEMO TERM,YELLOW TAG,
B002L009,PPHI,NOMA2,MAGALANG EAST,1,B,2,UNNA REGULAR,125,54,"4,877,727.78","487,781.55","4,389,946.23",Dec-2027,0%,0%,OPEN,MEMO TERM,YELLOW TAG,
B002L011,PPHI,NOMA2,MAGALANG EAST,1,B,2,UNNA REGULAR,126,54,"4,900,156.41","490,023.90","4,410,132.51",Dec-2027,0%,0%,OPEN,MEMO TERM,YELLOW TAG,
B002L012,PPHI,NOMA2,MAGALANG EAST,1,B,2,UNNA REGULAR,127,54,"4,922,585.04","492,266.25","4,430,318.78",Dec-2027,0%,0%,OPEN,MEMO TERM,YELLOW TAG,
B002L013,PPHI,NOMA2,MAGALANG EAST,1,B,2,UNNA REGULAR,127,54,"4,922,585.04","492,266.25","4,430,318.78",Dec-2027,0%,0%,OPEN,MEMO TERM,YELLOW TAG,
B002L014,PPHI,NOMA2,MAGALANG EAST,1,B,2,UNNA REGULAR,127,54,"4,922,585.04","492,266.25","4,430,318.78",Dec-2027,0%,0%,OPEN,MEMO TERM,YELLOW TAG,
B002L015,PPHI,NOMA2,MAGALANG EAST,1,B,2,UNNA REGULAR,127,54,"4,922,585.04","492,266.25","4,430,318.78",Dec-2027,0%,0%,OPEN,MEMO TERM,YELLOW TAG,
B002L016,PPHI,NOMA2,MAGALANG EAST,1,B,2,UNNA REGULAR,127,54,"4,922,585.04","492,266.25","4,430,318.78",Dec-2027,0%,0%,OPEN,MEMO TERM,YELLOW TAG,
B002L017,PPHI,NOMA2,MAGALANG EAST,1,B,2,UNNA REGULAR,127,54,"4,922,585.04","492,266.25","4,430,318.78",Dec-2027,0%,0%,OPEN,MEMO TERM,YELLOW TAG,
B002L008,PPHI,NOMA2,MAGALANG EAST,1,B,2,UNNA REGULAR,125,54,"4,877,727.78","487,781.55","4,389,946.23",Dec-2027,0%,0%,OPEN,MEMO TERM,YELLOW TAG,
B015L001,PPHI,NOMA2,MAGALANG EAST,1,C,1,UNNA CORNER,130,54,"5,088,018.00","508,802","4,579,216.12",Feb-2028,0%,0%,OPEN,MEMO TERM,YELLOW TAG,
B015L008,PPHI,NOMA2,MAGALANG EAST,1,C,1,UNNA CORNER,146,54,"5,073,532.00","507,357.02","4,566,174.98",Feb-2028,0%,0%,OPEN,MEMO TERM,YELLOW TAG,
B017L006,PPHI,NOMA2,MAGALANG EAST,1,C,1,UNNA REGULAR,88,54,"3,369,018.00",0,"3,369,018.00",Mar-2028,0%,0%,OPEN,MEMO TERM,YELLOW TAG,
B017L007,PPHI,NOMA2,MAGALANG EAST,1,C,1,UNNA REGULAR,88,54,"3,369,018.00",0,"3,369,018.00",Mar-2028,0%,0%,OPEN,MEMO TERM,YELLOW TAG,
B017L008,PPHI,NOMA2,MAGALANG EAST,1,C,1,UNNA CORNER,138,54,"5,268,137.00","526,815","4,741,322.37",Mar-2028,0%,0%,OPEN,MEMO TERM,YELLOW TAG,
B017L009,PPHI,NOMA2,MAGALANG EAST,1,C,1,UNNA CORNER,134,54,"5,178,077.00","517,808","4,660,268.74",Mar-2028,0%,0%,OPEN,MEMO TERM,YELLOW TAG,
B017L010,PPHI,NOMA2,MAGALANG EAST,1,C,1,UNNA REGULAR,88,54,"3,658,256.00",0,"3,658,256.00",Mar-2028,0%,0%,OPEN,MEMO TERM,YELLOW TAG,
B017L011,PPHI,NOMA2,MAGALANG EAST,1,C,1,UNNA REGULAR,88,54,"3,658,256.00",0,"3,658,256.00",Mar-2028,0%,0%,OPEN,MEMO TERM,YELLOW TAG,
B019L027,PPHI,NOMA2,MAGALANG EAST,1,C,1,UNNA REGULAR,118,54,"4,409,513.00","440,959","3,968,554.41",Mar-2028,0%,0%,OPEN,MEMO TERM,YELLOW TAG,
B019L030,PPHI,NOMA2,MAGALANG EAST,1,C,1,UNNA REGULAR,122,54,"4,493,308.00","449,337","4,043,971.39",Mar-2028,0%,0%,OPEN,MEMO TERM,YELLOW TAG,
B019L031,PPHI,NOMA2,MAGALANG EAST,1,C,1,UNNA REGULAR,134,54,"4,744,693.00","474,471","4,270,222.32",Mar-2028,0%,0%,OPEN,MEMO TERM,YELLOW TAG,
B019L032,PPHI,NOMA2,MAGALANG EAST,1,C,1,UNNA REGULAR,212,54,"6,378,393.00","637,842","5,740,550.88",Mar-2028,0%,0%,OPEN,MEMO TERM,YELLOW TAG,
B027L057,PPHI,SOMA2,SIGHTS TAYABAS,1,,2,AUI,38,27,"1,001,000.00",0,"1,001,000.00",Feb-2028,0%,0%,OPEN,MEMO TERM,YELLOW TAG,
B027L058,PPHI,SOMA2,SIGHTS TAYABAS,1,,2,AUI,38,27,"1,001,000.00",0,"1,001,000.00",Feb-2028,0%,0%,OPEN,MEMO TERM,YELLOW TAG,
B027L059,PPHI,SOMA2,SIGHTS TAYABAS,1,,2,AUI,38,27,"1,001,000.00",0,"1,001,000.00",Feb-2028,0%,0%,OPEN,MEMO TERM,YELLOW TAG,
B027L060,PPHI,SOMA2,SIGHTS TAYABAS,1,,2,AUI,38,27,"1,001,000.00",0,"1,001,000.00",Feb-2028,0%,0%,OPEN,MEMO TERM,YELLOW TAG,
B027L061,PPHI,SOMA2,SIGHTS TAYABAS,1,,2,AUI,38,27,"1,001,000.00",0,"1,001,000.00",Feb-2028,0%,0%,OPEN,MEMO TERM,YELLOW TAG,
B027L062,PPHI,SOMA2,SIGHTS TAYABAS,1,,2,AUI,38,27,"1,001,000.00",0,"1,001,000.00",Feb-2028,0%,0%,OPEN,MEMO TERM,YELLOW TAG,
B027L063,PPHI,SOMA2,SIGHTS TAYABAS,1,,2,AUI,38,27,"1,001,000.00",0,"1,001,000.00",Feb-2028,0%,0%,OPEN,MEMO TERM,YELLOW TAG,
B027L066,PPHI,SOMA2,SIGHTS TAYABAS,1,,2,AUI,38,27,"1,001,000.00",0,"1,001,000.00",Feb-2028,0%,0%,OPEN,MEMO TERM,YELLOW TAG,
B027L067,PPHI,SOMA2,SIGHTS TAYABAS,1,,2,AUI,38,27,"1,001,000.00",0,"1,001,000.00",Feb-2028,0%,0%,OPEN,MEMO TERM,YELLOW TAG,
B027L068,PPHI,SOMA2,SIGHTS TAYABAS,1,,2,AUI,38,27,"1,001,000.00",0,"1,001,000.00",Feb-2028,0%,0%,OPEN,MEMO TERM,YELLOW TAG,
B027L069,PPHI,SOMA2,SIGHTS TAYABAS,1,,2,AUI,38,27,"1,001,000.00",0,"1,001,000.00",Feb-2028,0%,0%,OPEN,MEMO TERM,YELLOW TAG,
B027L070,PPHI,SOMA2,SIGHTS TAYABAS,1,,2,AUI,38,27,"1,001,000.00",0,"1,001,000.00",Feb-2028,0%,0%,OPEN,MEMO TERM,YELLOW TAG,
B027L071,PPHI,SOMA2,SIGHTS TAYABAS,1,,2,AUI,38,27,"1,001,000.00",0,"1,001,000.00",Feb-2028,0%,0%,OPEN,MEMO TERM,YELLOW TAG,
B027L072,PPHI,SOMA2,SIGHTS TAYABAS,1,,2,AUI,38,27,"1,001,000.00",0,"1,001,000.00",Feb-2028,0%,0%,OPEN,MEMO TERM,YELLOW TAG,
B028L036,PPHI,SOMA2,SIGHTS TAYABAS,1,,2,AUI,38,27,"1,001,000.00",0.00,"1,001,000.00",Feb-2028,0%,0%,OPEN,MEMO TERM,YELLOW TAG,
B028L037,PPHI,SOMA2,SIGHTS TAYABAS,1,,2,AUI,38,27,"1,001,000.00",0.00,"1,001,000.00",Feb-2028,0%,0%,OPEN,MEMO TERM,YELLOW TAG,
B028L038,PPHI,SOMA2,SIGHTS TAYABAS,1,,2,AUI,38,27,"1,001,000.00",0.00,"1,001,000.00",Feb-2028,0%,0%,OPEN,MEMO TERM,YELLOW TAG,
B028L039,PPHI,SOMA2,SIGHTS TAYABAS,1,,2,AUI,38,27,"1,001,000.00",0.00,"1,001,000.00",Feb-2028,0%,0%,OPEN,MEMO TERM,YELLOW TAG,
B028L040,PPHI,SOMA2,SIGHTS TAYABAS,1,,2,AUI,38,27,"1,001,000.00",0.00,"1,001,000.00",Feb-2028,0%,0%,OPEN,MEMO TERM,YELLOW TAG,
B028L041,PPHI,SOMA2,SIGHTS TAYABAS,1,,2,AUI,38,27,"1,001,000.00",0.00,"1,001,000.00",Feb-2028,0%,0%,OPEN,MEMO TERM,YELLOW TAG,
B028L042,PPHI,SOMA2,SIGHTS TAYABAS,1,,2,AUI,38,27,"1,001,000.00",0.00,"1,001,000.00",Feb-2028,0%,0%,OPEN,MEMO TERM,YELLOW TAG,
B030L002,PPHI,SOMA2,SIGHTS TAYABAS,1,,2,AUI,38,27,"1,001,000.00",0.00,"1,001,000.00",Feb-2028,0%,0%,OPEN,MEMO TERM,YELLOW TAG,
B030L003,PPHI,SOMA2,SIGHTS TAYABAS,1,,2,AUI,38,27,"1,001,000.00",0.00,"1,001,000.00",Feb-2028,0%,0%,OPEN,MEMO TERM,YELLOW TAG,
B030L004,PPHI,SOMA2,SIGHTS TAYABAS,1,,2,AUI,38,27,"1,001,000.00",0.00,"1,001,000.00",Feb-2028,0%,0%,OPEN,MEMO TERM,YELLOW TAG,
B030L005,PPHI,SOMA2,SIGHTS TAYABAS,1,,2,AUI,38,27,"1,001,000.00",0.00,"1,001,000.00",Feb-2028,0%,0%,OPEN,MEMO TERM,YELLOW TAG,
B030L006,PPHI,SOMA2,SIGHTS TAYABAS,1,,2,AUI,38,27,"1,001,000.00",0.00,"1,001,000.00",Feb-2028,0%,0%,OPEN,MEMO TERM,YELLOW TAG,
B030L007,PPHI,SOMA2,SIGHTS TAYABAS,1,,2,AUI,38,27,"1,001,000.00",0.00,"1,001,000.00",Feb-2028,0%,0%,OPEN,MEMO TERM,YELLOW TAG,
B030L010,PPHI,SOMA2,SIGHTS TAYABAS,1,,2,AUI,38,27,"1,001,000.00",0.00,"1,001,000.00",Feb-2028,0%,0%,OPEN,MEMO TERM,YELLOW TAG,
B030L011,PPHI,SOMA2,SIGHTS TAYABAS,1,,2,AUI,38,27,"1,001,000.00",0.00,"1,001,000.00",Feb-2028,0%,0%,OPEN,MEMO TERM,YELLOW TAG,
B030L012,PPHI,SOMA2,SIGHTS TAYABAS,1,,2,AUI,38,27,"1,001,000.00",0.00,"1,001,000.00",Feb-2028,0%,0%,OPEN,MEMO TERM,YELLOW TAG,
B030L013,PPHI,SOMA2,SIGHTS TAYABAS,1,,2,AUI,38,27,"1,001,000.00",0.00,"1,001,000.00",Feb-2028,0%,0%,OPEN,MEMO TERM,YELLOW TAG,
B030L014,PPHI,SOMA2,SIGHTS TAYABAS,1,,2,AUI,38,27,"1,001,000.00",0.00,"1,001,000.00",Feb-2028,0%,0%,OPEN,MEMO TERM,YELLOW TAG,
B030L015,PPHI,SOMA2,SIGHTS TAYABAS,1,,2,AUI,38,27,"1,001,000.00",0.00,"1,001,000.00",Feb-2028,0%,0%,OPEN,MEMO TERM,YELLOW TAG,
B030L016,PPHI,SOMA2,SIGHTS TAYABAS,1,,2,AUI,38,27,"1,001,000.00",0.00,"1,001,000.00",Feb-2028,0%,0%,OPEN,MEMO TERM,YELLOW TAG,
B030L017,PPHI,SOMA2,SIGHTS TAYABAS,1,,2,AUI,38,27,"1,001,000.00",0.00,"1,001,000.00",Feb-2028,0%,0%,OPEN,MEMO TERM,YELLOW TAG,
B031L003,PPHI,SOMA2,SIGHTS TAYABAS,1,,2,AUI,53,27,"1,189,546.00",0.00,"1,189,546.00",Mar-2028,0%,0%,OPEN,MEMO TERM,YELLOW TAG,
B031L006,PPHI,SOMA2,SIGHTS TAYABAS,1,,2,AUI,38,27,"1,001,000.00",0.00,"1,001,000.00",Mar-2028,0%,0%,OPEN,MEMO TERM,YELLOW TAG,
B032L002,PPHI,SOMA2,SIGHTS TAYABAS,1,,2,AUI,38,27,"1,001,000.00",0.00,"1,001,000.00",Mar-2028,0%,0%,OPEN,MEMO TERM,YELLOW TAG,
B032L003,PPHI,SOMA2,SIGHTS TAYABAS,1,,2,AUI,38,27,"1,001,000.00",0.00,"1,001,000.00",Mar-2028,0%,0%,OPEN,MEMO TERM,YELLOW TAG,
B032L006,PPHI,SOMA2,SIGHTS TAYABAS,1,,2,AUI,38,27,"1,001,000.00",0.00,"1,001,000.00",Mar-2028,0%,0%,OPEN,MEMO TERM,YELLOW TAG,
B032L007,PPHI,SOMA2,SIGHTS TAYABAS,1,,2,AUI,38,27,"1,001,000.00",0.00,"1,001,000.00",Mar-2028,0%,0%,OPEN,MEMO TERM,YELLOW TAG,
B033L001,PPHI,SOMA2,SIGHTS TAYABAS,1,,2,AUI,38,27,"1,001,000.00",0.00,"1,001,000.00",Mar-2028,0%,0%,OPEN,MEMO TERM,YELLOW TAG,
B033L002,PPHI,SOMA2,SIGHTS TAYABAS,1,,2,AUI,38,27,"1,001,000.00",0.00,"1,001,000.00",Mar-2028,0%,0%,OPEN,MEMO TERM,YELLOW TAG,
B033L003,PPHI,SOMA2,SIGHTS TAYABAS,1,,2,AUI,38,27,"1,001,000.00",0.00,"1,001,000.00",Mar-2028,0%,0%,OPEN,MEMO TERM,YELLOW TAG,
B033L007,PPHI,SOMA2,SIGHTS TAYABAS,1,,2,AUI,38,27,"1,001,000.00",0.00,"1,001,000.00",Mar-2028,0%,0%,OPEN,MEMO TERM,YELLOW TAG,
B033L008,PPHI,SOMA2,SIGHTS TAYABAS,1,,2,AUI,38,27,"1,001,000.00",0.00,"1,001,000.00",Mar-2028,0%,0%,OPEN,MEMO TERM,YELLOW TAG,
B034L002,PPHI,SOMA2,SIGHTS TAYABAS,1,,2,AUI,38,27,"1,001,000.00",0.00,"1,001,000.00",Mar-2028,0%,0%,OPEN,MEMO TERM,YELLOW TAG,
B034L003,PPHI,SOMA2,SIGHTS TAYABAS,1,,2,AUI,38,27,"1,001,000.00",0.00,"1,001,000.00",Mar-2028,0%,0%,OPEN,MEMO TERM,YELLOW TAG,
B037L004,PPHI,SOMA2,SIGHTS TAYABAS,1,,2,AUI,38,27,"1,001,000.00",0.00,"1,001,000.00",Feb-2028,0%,0%,OPEN,MEMO TERM,YELLOW TAG,
B037L005,PPHI,SOMA2,SIGHTS TAYABAS,1,,2,AUI,38,27,"1,001,000.00",0.00,"1,001,000.00",Feb-2028,0%,0%,OPEN,MEMO TERM,YELLOW TAG,
B037L006,PPHI,SOMA2,SIGHTS TAYABAS,1,,2,AUI,38,27,"1,001,000.00",0.00,"1,001,000.00",Feb-2028,0%,0%,OPEN,MEMO TERM,YELLOW TAG,
B037L007,PPHI,SOMA2,SIGHTS TAYABAS,1,,2,AUI,38,27,"1,001,000.00",0.00,"1,001,000.00",Feb-2028,0%,0%,OPEN,MEMO TERM,YELLOW TAG,
B037L010,PPHI,SOMA2,SIGHTS TAYABAS,1,,2,AUI,38,27,"1,001,000.00",0.00,"1,001,000.00",Mar-2028,0%,0%,OPEN,MEMO TERM,YELLOW TAG,
B037L011,PPHI,SOMA2,SIGHTS TAYABAS,1,,2,AUI,38,27,"1,001,000.00",0.00,"1,001,000.00",Mar-2028,0%,0%,OPEN,MEMO TERM,YELLOW TAG,
B037L012,PPHI,SOMA2,SIGHTS TAYABAS,1,,2,AUI,38,27,"1,001,000.00",0.00,"1,001,000.00",Mar-2028,0%,0%,OPEN,MEMO TERM,YELLOW TAG,
B037L013,PPHI,SOMA2,SIGHTS TAYABAS,1,,2,AUI,38,27,"1,001,000.00",0.00,"1,001,000.00",Mar-2028,0%,0%,OPEN,MEMO TERM,YELLOW TAG,
B037L014,PPHI,SOMA2,SIGHTS TAYABAS,1,,2,AUI,38,27,"1,001,000.00",0.00,"1,001,000.00",Mar-2028,0%,0%,OPEN,MEMO TERM,YELLOW TAG,
B037L015,PPHI,SOMA2,SIGHTS TAYABAS,1,,2,AUI,38,27,"1,001,000.00",0.00,"1,001,000.00",Mar-2028,0%,0%,OPEN,MEMO TERM,YELLOW TAG,
B037L016,PPHI,SOMA2,SIGHTS TAYABAS,1,,2,AUI,38,27,"1,001,000.00",0.00,"1,001,000.00",Mar-2028,0%,0%,OPEN,MEMO TERM,YELLOW TAG,
B037L017,PPHI,SOMA2,SIGHTS TAYABAS,1,,2,AUI,38,27,"1,001,000.00",0.00,"1,001,000.00",Mar-2028,0%,0%,OPEN,MEMO TERM,YELLOW TAG,
B037L018,PPHI,SOMA2,SIGHTS TAYABAS,1,,2,AUI,38,27,"1,001,000.00",0.00,"1,001,000.00",Mar-2028,0%,0%,OPEN,MEMO TERM,YELLOW TAG,
B037L019,PPHI,SOMA2,SIGHTS TAYABAS,1,,2,AUI,38,27,"1,001,000.00",0.00,"1,001,000.00",Mar-2028,0%,0%,OPEN,MEMO TERM,YELLOW TAG,
B037L020,PPHI,SOMA2,SIGHTS TAYABAS,1,,2,AUI,38,27,"1,001,000.00",0.00,"1,001,000.00",Mar-2028,0%,0%,OPEN,MEMO TERM,YELLOW TAG,
B037L022,PPHI,SOMA2,SIGHTS TAYABAS,1,,2,AUI,38,27,"1,001,000.00",0.00,"1,001,000.00",Mar-2028,0%,0%,OPEN,MEMO TERM,YELLOW TAG,
B037L023,PPHI,SOMA2,SIGHTS TAYABAS,1,,2,AUI,38,27,"1,001,000.00",0.00,"1,001,000.00",Mar-2028,0%,0%,OPEN,MEMO TERM,YELLOW TAG,
B037L024,PPHI,SOMA2,SIGHTS TAYABAS,1,,2,AUI,38,27,"1,001,000.00",0.00,"1,001,000.00",Mar-2028,0%,0%,OPEN,MEMO TERM,YELLOW TAG,
B037L025,PPHI,SOMA2,SIGHTS TAYABAS,1,,2,AUI,38,27,"1,001,000.00",0.00,"1,001,000.00",Mar-2028,0%,0%,OPEN,MEMO TERM,YELLOW TAG,
B037L026,PPHI,SOMA2,SIGHTS TAYABAS,1,,2,AUI,38,27,"1,001,000.00",0.00,"1,001,000.00",Mar-2028,0%,0%,OPEN,MEMO TERM,YELLOW TAG,
B037L027,PPHI,SOMA2,SIGHTS TAYABAS,1,,2,AUI,38,27,"1,001,000.00",0.00,"1,001,000.00",Mar-2028,0%,0%,OPEN,MEMO TERM,YELLOW TAG,
B037L029,PPHI,SOMA2,SIGHTS TAYABAS,1,,2,AUI,38,27,"1,001,000.00",0.00,"1,001,000.00",Mar-2028,0%,0%,OPEN,MEMO TERM,YELLOW TAG,
B037L030,PPHI,SOMA2,SIGHTS TAYABAS,1,,2,AUI,38,27,"1,001,000.00",0.00,"1,001,000.00",Mar-2028,0%,0%,OPEN,MEMO TERM,YELLOW TAG,
B037L031,PPHI,SOMA2,SIGHTS TAYABAS,1,,2,AUI,38,27,"1,001,000.00",0.00,"1,001,000.00",Mar-2028,0%,0%,OPEN,MEMO TERM,YELLOW TAG,
B037L036,PPHI,SOMA2,SIGHTS TAYABAS,1,,2,AUI,38,27,"1,001,000.00",0.00,"1,001,000.00",Mar-2028,0%,0%,OPEN,MEMO TERM,YELLOW TAG,
B037L042,PPHI,SOMA2,SIGHTS TAYABAS,1,,2,AUI,38,27,"1,001,000.00",0.00,"1,001,000.00",Mar-2028,0%,0%,OPEN,MEMO TERM,YELLOW TAG,
B037L043,PPHI,SOMA2,SIGHTS TAYABAS,1,,2,AUI,38,27,"1,001,000.00",0.00,"1,001,000.00",Mar-2028,0%,0%,OPEN,MEMO TERM,YELLOW TAG,
B037L044,PPHI,SOMA2,SIGHTS TAYABAS,1,,2,AUI,38,27,"1,001,000.00",0.00,"1,001,000.00",Mar-2028,0%,0%,OPEN,MEMO TERM,YELLOW TAG,
B037L046,PPHI,SOMA2,SIGHTS TAYABAS,1,,2,AUI,38,27,"1,001,000.00",0.00,"1,001,000.00",Feb-2028,0%,0%,OPEN,MEMO TERM,YELLOW TAG,
B037L047,PPHI,SOMA2,SIGHTS TAYABAS,1,,2,AUI,38,27,"1,001,000.00",0.00,"1,001,000.00",Feb-2028,0%,0%,OPEN,MEMO TERM,YELLOW TAG,
B037L048,PPHI,SOMA2,SIGHTS TAYABAS,1,,2,AUI,38,27,"1,001,000.00",0.00,"1,001,000.00",Feb-2028,0%,0%,OPEN,MEMO TERM,YELLOW TAG,
B037L049,PPHI,SOMA2,SIGHTS TAYABAS,1,,2,AUI,38,27,"1,001,000.00",0.00,"1,001,000.00",Feb-2028,0%,0%,OPEN,MEMO TERM,YELLOW TAG,
B037L050,PPHI,SOMA2,SIGHTS TAYABAS,1,,2,AUI,38,27,"1,001,000.00",0.00,"1,001,000.00",Feb-2028,0%,0%,OPEN,MEMO TERM,YELLOW TAG,
B037L051,PPHI,SOMA2,SIGHTS TAYABAS,1,,2,AUI,38,27,"1,001,000.00",0.00,"1,001,000.00",Feb-2028,0%,0%,OPEN,MEMO TERM,YELLOW TAG,
B037L052,PPHI,SOMA2,SIGHTS TAYABAS,1,,2,AUI,38,27,"1,001,000.00",0.00,"1,001,000.00",Feb-2028,0%,0%,OPEN,MEMO TERM,YELLOW TAG,
B037L053,PPHI,SOMA2,SIGHTS TAYABAS,1,,2,AUI,38,27,"1,001,000.00",0.00,"1,001,000.00",Feb-2028,0%,0%,OPEN,MEMO TERM,YELLOW TAG,
B037L054,PPHI,SOMA2,SIGHTS TAYABAS,1,,2,AUI,38,27,"1,001,000.00",0.00,"1,001,000.00",Feb-2028,0%,0%,OPEN,MEMO TERM,YELLOW TAG,
B037L055,PPHI,SOMA2,SIGHTS TAYABAS,1,,2,AUI,38,27,"1,001,000.00",0.00,"1,001,000.00",Feb-2028,0%,0%,OPEN,MEMO TERM,YELLOW TAG,
B037L056,PPHI,SOMA2,SIGHTS TAYABAS,1,,2,AUI,38,27,"1,001,000.00",0.00,"1,001,000.00",Feb-2028,0%,0%,OPEN,MEMO TERM,YELLOW TAG,
B037L058,PPHI,SOMA2,SIGHTS TAYABAS,1,,2,AUI,38,27,"1,001,000.00",0.00,"1,001,000.00",Feb-2028,0%,0%,OPEN,MEMO TERM,YELLOW TAG,
B037L059,PPHI,SOMA2,SIGHTS TAYABAS,1,,2,AUI,38,27,"1,001,000.00",0.00,"1,001,000.00",Feb-2028,0%,0%,OPEN,MEMO TERM,YELLOW TAG,
B037L060,PPHI,SOMA2,SIGHTS TAYABAS,1,,2,AUI,38,27,"1,001,000.00",0.00,"1,001,000.00",Feb-2028,0%,0%,OPEN,MEMO TERM,YELLOW TAG,
B037L061,PPHI,SOMA2,SIGHTS TAYABAS,1,,2,AUI,38,27,"1,001,000.00",0.00,"1,001,000.00",Feb-2028,0%,0%,OPEN,MEMO TERM,YELLOW TAG,
B037L062,PPHI,SOMA2,SIGHTS TAYABAS,1,,2,AUI,38,27,"1,001,000.00",0.00,"1,001,000.00",Feb-2028,0%,0%,OPEN,MEMO TERM,YELLOW TAG,
B037L063,PPHI,SOMA2,SIGHTS TAYABAS,1,,2,AUI,38,27,"1,001,000.00",0.00,"1,001,000.00",Feb-2028,0%,0%,OPEN,MEMO TERM,YELLOW TAG,
B037L064,PPHI,SOMA2,SIGHTS TAYABAS,1,,2,AUI,38,27,"1,001,000.00",0.00,"1,001,000.00",Feb-2028,0%,0%,OPEN,MEMO TERM,YELLOW TAG,
B037L065,PPHI,SOMA2,SIGHTS TAYABAS,1,,2,AUI,38,27,"1,001,000.00",0.00,"1,001,000.00",Feb-2028,0%,0%,OPEN,MEMO TERM,YELLOW TAG,
B002L001,CPC,SOMA2,SIGHTS CALAUAN,1,,1,ALORA END CORNER,83,30,"1,969,342.37",0.00,"1,969,342.37",Mar-2026,12%,12%,BACKOUT,SHOULD BE WITH SDP & RF UPON HOLDING,YELLOW TAG,
B002L009,CPC,SOMA2,SIGHTS CALAUAN,1,,1,ALORA MID,41,30,"1,229,868.99",0.00,"1,229,868.99",Nov-2025,12%,12%,FALLOUT,MEMO TERM,YELLOW TAG,
B003L001,CPC,SOMA2,SIGHTS CALAUAN,1,,1,ALORA END CORNER,94,30,"2,123,146.38",0.00,"2,123,146.38",Apr-2026,12%,12%,FALLOUT,MEMO TERM,YELLOW TAG,
B003L002,CPC,SOMA2,SIGHTS CALAUAN,1,,1,ALORA END,82,30,"1,931,811.82",0.00,"1,931,811.82",Apr-2026,12%,12%,FALLOUT,MEMO TERM,YELLOW TAG,
B003L010,CPC,SOMA2,SIGHTS CALAUAN,1,,1,ALORA MID,41,30,"1,229,868.99",0.00,"1,229,868.99",Jan-2026,100%,80%,FALLOUT,RSBS WITHIN THE MONTH,RED TAG,
B003L027,CPC,SOMA2,SIGHTS CALAUAN,1,,1,ALORA END,56,30,"1,568,265.99",0.00,"1,568,265.99",Mar-2026,12%,12%,FALLOUT,MEMO TERM,YELLOW TAG,
B008L044,CPC,SOMA2,SIGHTS CALAUAN,1,,1,ALORA MID,41,30,"1,229,868.99",0.00,"1,229,868.99",Jan-2026,86%,80%,FALLOUT,RSBS WITHIN THE MONTH,RED TAG,
B008L049,CPC,SOMA2,SIGHTS CALAUAN,1,,1,ALORA MID,41,30,"1,229,868.99",0.00,"1,229,868.99",Jan-2026,86%,80%,FALLOUT,RSBS WITHIN THE MONTH,RED TAG,
B008L056,CPC,SOMA2,SIGHTS CALAUAN,1,,1,ALORA MID,41,30,"1,229,868.99",0.00,"1,229,868.99",Jan-2026,86%,80%,FALLOUT,RSBS WITHIN THE MONTH,RED TAG,
B008L059,CPC,SOMA2,SIGHTS CALAUAN,1,,1,ALORA MID,41,30,"1,229,868.99",0.00,"1,229,868.99",Feb-2026,85%,80%,REOPEN,RSBS WITHIN THE MONTH,RED TAG,
B008L060,CPC,SOMA2,SIGHTS CALAUAN,1,,1,ALORA MID,41,30,"1,229,868.99",0.00,"1,229,868.99",Feb-2026,85%,80%,REOPEN,RSBS WITHIN THE MONTH,RED TAG,
B008L061,CPC,SOMA2,SIGHTS CALAUAN,1,,1,ALORA MID,41,30,"1,229,868.99",0.00,"1,229,868.99",Feb-2026,85%,80%,FALLOUT,RSBS WITHIN THE MONTH,RED TAG,
B009L034,CPC,SOMA2,SIGHTS CALAUAN,1,,1,ALORA MID,41,30,"1,248,240.03",0.00,"1,248,240.03",Apr-2026,12%,12%,FALLOUT,MEMO TERM,YELLOW TAG,
B008L063,CPC,SOMA2,SIGHTS CALAUAN,1,,2,ALORA END,41,30,"1,358,624.16",0.00,"1,358,624.16",May-2026,12%,12%,FALLOUT,MEMO TERM,YELLOW TAG,
B008L074,CPC,SOMA2,SIGHTS CALAUAN,1,,2,ALORA END,75,30,"1,833,945.64",0.00,"1,833,945.64",May-2026,12%,12%,FALLOUT,MEMO TERM,YELLOW TAG,
B008L075,CPC,SOMA2,SIGHTS CALAUAN,1,,2,ALORA END,41,30,"1,358,624.16",0.00,"1,358,624.16",Feb-2026,30%,30%,FALLOUT,MEMO TERM,YELLOW TAG,
B010L024,CPC,SOMA2,SIGHTS CALAUAN,1,,2,ALORA MID,41,30,"1,235,959.34",0.00,"1,235,959.34",Jun-2026,12%,12%,REOPEN,RSBS WITHIN THE MONTH,YELLOW TAG,
B010L034,CPC,SOMA2,SIGHTS CALAUAN,1,,2,ALORA MID,41,30,"1,235,959.34",0.00,"1,235,959.34",Jun-2026,12%,12%,FALLOUT,MEMO TERM,YELLOW TAG,
B004L001,CPC,SOMA2,SIGHTS CALAUAN,1,,3,ALORA END CORNER,102,30,"2,234,922.03",0.00,"2,234,922.03",May-2026,12%,12%,BACKOUT,SHOULD BE WITH SDP & RF UPON HOLDING,YELLOW TAG,
B004L002,CPC,SOMA2,SIGHTS CALAUAN,1,,3,ALORA MID,41,30,"1,229,868.99",0.00,"1,229,868.99",May-2026,12%,12%,BACKOUT,SHOULD BE WITH SDP & RF UPON HOLDING,YELLOW TAG,
B005L005,CPC,SOMA2,SIGHTS CALAUAN,1,,3,ALORA MID,41,30,"1,229,868.99",0.00,"1,229,868.99",September-2026,12%,12%,BACKOUT,SHOULD BE WITH SDP & RF UPON HOLDING,YELLOW TAG,
B005L006,CPC,SOMA2,SIGHTS CALAUAN,1,,3,ALORA END CORNER,77,30,"1,885,485.64",0.00,"1,885,485.64",Sep-2026,12%,12%,FALLOUT,MEMO TERM,YELLOW TAG,
B005L007,CPC,SOMA2,SIGHTS CALAUAN,1,,3,ALORA END,70,30,"1,763,998.36",0.00,"1,763,998.36",Feb-2026,70%,60%,FALLOUT,MEMO TERM,RED TAG,
B005L019,CPC,SOMA2,SIGHTS CALAUAN,1,,3,ALORA MID,41,30,"1,229,868.99",0.00,"1,229,868.99",Feb-2026,70%,60%,FALLOUT,MEMO TERM,RED TAG,
B005L024,CPC,SOMA2,SIGHTS CALAUAN,1,,3,ALORA MID,41,30,"1,229,868.99",0.00,"1,229,868.99",Feb-2026,67%,60%,FALLOUT,MEMO TERM,RED TAG,
B005L033,CPC,SOMA2,SIGHTS CALAUAN,1,,3,ALORA END CORNER,79,30,"1,913,404.55",0,"1,913,404.55",Sep-2026,12%,12%,FALLOUT,MEMO TERM,YELLOW TAG,
B005L042,CPC,SOMA2,SIGHTS CALAUAN,1,,3,ALORA END,58,30,"1,596,284.90",0,"1,596,284.90",Sep-2026,12%,12%,BACKOUT,SHOULD BE WITH SDP & RF UPON HOLDING,YELLOW TAG,
B005L048,CPC,SOMA2,SIGHTS CALAUAN,1,,3,ALORA END CORNER,73,30,"1,883,702.62",0,"1,883,702.62",Sep-2026,12%,12%,FALLOUT,MEMO TERM,YELLOW TAG,
B007L013,CPC,SOMA2,SIGHTS CALAUAN,1,,4,ALORA MID,45,30,"1,285,706.81",0,"1,285,706.81",Oct-2026,0%,0%,BACKOUT,SHOULD BE WITH SDP & RF UPON HOLDING,YELLOW TAG,
B007L028,CPC,SOMA2,SIGHTS CALAUAN,1,,3,ALORA END,45,30,"1,485,260.08",0,"1,485,260.08",Aug-2026,0%,0%,FALLOUT,MEMO TERM,YELLOW TAG,
B008L012,CPC,SOMA2,SIGHTS CALAUAN,1,,4,ALORA END CORNER,89,30,"2,053,199.11",0,"2,053,199.11",Oct-2026,12%,12%,FALLOUT,MEMO TERM,YELLOW TAG,
B025L033,PPHI,SOMA2,SAN PABLO EAST,1,,4,CALISTA MID,44,40,"1,909,801.34",0,"1,909,801.34",Sep-2026,0%,0%,OPEN,MEMO TERM,YELLOW TAG,
B025L034,PPHI,SOMA2,SAN PABLO EAST,1,,4,CALISTA MID,44,40,"1,909,801.34",0,"1,909,801.34",Sep-27,0%,0%,OPEN,MEMO TERM,YELLOW TAG,
B025L035,PPHI,SOMA2,SAN PABLO EAST,1,,4,CALISTA MID,44,40,"1,909,801.34",0,"1,909,801.34",Sep-27,0%,0%,OPEN,MEMO TERM,YELLOW TAG,
B025L036,PPHI,SOMA2,SAN PABLO EAST,1,,4,CALISTA MID,44,40,"1,909,801.34",0,"1,909,801.34",Sep-27,0%,0%,OPEN,MEMO TERM,YELLOW TAG,
B025L037,PPHI,SOMA2,SAN PABLO EAST,1,,4,CALISTA MID,44,40,"1,909,801.34",0,"1,909,801.34",Sep-27,0%,0%,OPEN,MEMO TERM,YELLOW TAG,
B025L038,PPHI,SOMA2,SAN PABLO EAST,1,,4,CALISTA MID,44,40,"1,909,801.34",0,"1,909,801.34",Sep-27,0%,0%,OPEN,MEMO TERM,YELLOW TAG,
B025L039,PPHI,SOMA2,SAN PABLO EAST,1,,4,CALISTA MID,44,40,"1,909,801.34",0,"1,909,801.34",Sep-27,0%,0%,OPEN,MEMO TERM,YELLOW TAG,
B025L040,PPHI,SOMA2,SAN PABLO EAST,1,,4,CALISTA MID,44,40,"1,909,801.34",0,"1,909,801.34",Sep-27,0%,0%,OPEN,MEMO TERM,YELLOW TAG,
B025L041,PPHI,SOMA2,SAN PABLO EAST,1,,4,CALISTA MID,44,40,"1,909,801.34",0,"1,909,801.34",Sep-27,0%,0%,OPEN,MEMO TERM,YELLOW TAG,
B025L044,PPHI,SOMA2,SAN PABLO EAST,1,,4,CALISTA MID,44,40,"1,909,801.34",0,"1,909,801.34",Sep-27,0%,0%,OPEN,MEMO TERM,YELLOW TAG,
B025L045,PPHI,SOMA2,SAN PABLO EAST,1,,4,CALISTA MID,44,40,"1,909,801.34",0,"1,909,801.34",Sep-27,0%,0%,OPEN,MEMO TERM,YELLOW TAG,
B025L047,PPHI,SOMA2,SAN PABLO EAST,1,,4,CALISTA MID,44,40,"1,909,801.34",0,"1,909,801.34",Sep-27,0%,0%,OPEN,MEMO TERM,YELLOW TAG,
B025L049,PPHI,SOMA2,SAN PABLO EAST,1,,4,CALISTA MID,44,40,"1,909,801.34",0,"1,909,801.34",Sep-27,0%,0%,OPEN,MEMO TERM,YELLOW TAG,
B025L050,PPHI,SOMA2,SAN PABLO EAST,1,,4,CALISTA MID,44,40,"1,909,801.34",0,"1,909,801.34",Sep-27,0%,0%,OPEN,MEMO TERM,YELLOW TAG,
B025L067,PPHI,SOMA2,SAN PABLO EAST,1,,4,CALISTA MID,44,40,"1,909,801.34",0,"1,909,801.34",Oct-27,0%,0%,OPEN,MEMO TERM,YELLOW TAG,
B025L068,PPHI,SOMA2,SAN PABLO EAST,1,,4,CALISTA MID,44,40,"1,909,801.34",0,"1,909,801.34",Oct-27,0%,0%,OPEN,MEMO TERM,YELLOW TAG,
B025L069,PPHI,SOMA2,SAN PABLO EAST,1,,4,CALISTA MID,44,40,"1,909,801.34",0,"1,909,801.34",Oct-27,0%,0%,OPEN,MEMO TERM,YELLOW TAG,
B025L070,PPHI,SOMA2,SAN PABLO EAST,1,,4,CALISTA MID,44,40,"1,909,801.34",0,"1,909,801.34",Oct-27,0%,0%,OPEN,MEMO TERM,YELLOW TAG,
B025L071,PPHI,SOMA2,SAN PABLO EAST,1,,4,CALISTA MID,44,40,"1,909,801.34",0,"1,909,801.34",Oct-27,0%,0%,OPEN,MEMO TERM,YELLOW TAG,
B025L072,PPHI,SOMA2,SAN PABLO EAST,1,,4,CALISTA MID,44,40,"1,909,801.34",0,"1,909,801.34",Oct-27,0%,0%,OPEN,MEMO TERM,YELLOW TAG,
B025L073,PPHI,SOMA2,SAN PABLO EAST,1,,4,CALISTA MID,44,40,"1,909,801.34",0,"1,909,801.34",Oct-27,0%,0%,OPEN,MEMO TERM,YELLOW TAG,
B025L074,PPHI,SOMA2,SAN PABLO EAST,1,,4,CALISTA MID,44,40,"1,909,801.34",0,"1,909,801.34",Oct-27,0%,0%,OPEN,MEMO TERM,YELLOW TAG,
B025L075,PPHI,SOMA2,SAN PABLO EAST,1,,4,CALISTA MID,44,40,"1,909,801.34",0,"1,909,801.34",Oct-27,0%,0%,OPEN,MEMO TERM,YELLOW TAG,
B026L044,PPHI,SOMA2,SAN PABLO EAST,1,,4,CALISTA MID,44,40,"1,909,801.34",0,"1,909,801.34",Aug-27,0%,0%,OPEN,MEMO TERM,YELLOW TAG,
B026L045,PPHI,SOMA2,SAN PABLO EAST,1,,4,CALISTA MID,44,40,"1,909,801.34",0,"1,909,801.34",Aug-27,0%,0%,OPEN,MEMO TERM,YELLOW TAG,
B026L046,PPHI,SOMA2,SAN PABLO EAST,1,,4,CALISTA MID,44,40,"1,909,801.34",0,"1,909,801.34",Aug-27,0%,0%,OPEN,MEMO TERM,YELLOW TAG,
B026L047,PPHI,SOMA2,SAN PABLO EAST,1,,4,CALISTA MID,44,40,"1,909,801.34",0.00,"1,909,801.34",Aug-27,0%,0%,OPEN,MEMO TERM,YELLOW TAG,
B026L048,PPHI,SOMA2,SAN PABLO EAST,1,,4,CALISTA MID,44,40,"1,909,801.34",0.00,"1,909,801.34",Aug-27,0%,0%,OPEN,MEMO TERM,YELLOW TAG,
B026L049,PPHI,SOMA2,SAN PABLO EAST,1,,4,CALISTA MID,44,40,"1,909,801.34",0.00,"1,909,801.34",Aug-27,0%,0%,OPEN,MEMO TERM,YELLOW TAG,
B026L050,PPHI,SOMA2,SAN PABLO EAST,1,,4,CALISTA MID,44,40,"1,909,801.34",0.00,"1,909,801.34",Aug-27,0%,0%,OPEN,MEMO TERM,YELLOW TAG,
B026L054,PPHI,SOMA2,SAN PABLO EAST,1,,4,CALISTA MID,44,40,"1,909,801.34",0.00,"1,909,801.34",Sep-27,0%,0%,OPEN,MEMO TERM,YELLOW TAG,
B026L055,PPHI,SOMA2,SAN PABLO EAST,1,,4,CALISTA MID,44,40,"1,909,801.34",0.00,"1,909,801.34",Sep-27,0%,0%,OPEN,MEMO TERM,YELLOW TAG,
B026L056,PPHI,SOMA2,SAN PABLO EAST,1,,4,CALISTA MID,44,40,"1,909,801.34",0.00,"1,909,801.34",Sep-27,0%,0%,OPEN,MEMO TERM,YELLOW TAG,
B026L057,PPHI,SOMA2,SAN PABLO EAST,1,,4,CALISTA MID,44,40,"1,909,801.34",0.00,"1,909,801.34",Sep-27,0%,0%,OPEN,MEMO TERM,YELLOW TAG,
B026L058,PPHI,SOMA2,SAN PABLO EAST,1,,4,CALISTA MID,44,40,"1,909,801.34",0.00,"1,909,801.34",Sep-27,0%,0%,OPEN,MEMO TERM,YELLOW TAG,
B026L059,PPHI,SOMA2,SAN PABLO EAST,1,,4,CALISTA MID,44,40,"1,909,801.34",0.00,"1,909,801.34",Sep-27,0%,0%,OPEN,MEMO TERM,YELLOW TAG,
B024L024,PPHI,SOMA2,CALAMBA WEST,1,B,B3,CALISTA END,66,40,"2,954,719.00",0.00,"2,954,719.00",Aug-28,3%,3%,OPEN,MEMO TERM,YELLOW TAG,
B024L030,PPHI,SOMA2,CALAMBA WEST,1,B,B3,CALISTA END,66,40,"2,954,719.00",0.00,"2,954,719.00",Aug-28,3%,3%,OPEN,MEMO TERM,YELLOW TAG,
B028L002,PPHI,SOMA2,CALAMBA WEST,1,B,B3,CALISTA MID,44,40,"2,255,435.00",0.00,"2,255,435.00",Aug-28,0%,0%,OPEN,MEMO TERM,YELLOW TAG,
B028L006,PPHI,SOMA2,CALAMBA WEST,1,B,B3,CALISTA END,66,40,"2,940,008.00",0.00,"2,940,008.00",Aug-28,0%,0%,OPEN,MEMO TERM,YELLOW TAG,
B028L007,PPHI,SOMA2,CALAMBA WEST,1,B,B3,CALISTA END,66,40,"2,940,008.00",0.00,"2,940,008.00",Jul-28,0%,0%,OPEN,MEMO TERM,YELLOW TAG,
B028L008,PPHI,SOMA2,CALAMBA WEST,1,B,B3,CALISTA MID,44,40,"2,255,435.00",0.00,"2,255,435.00",Jul-28,0%,0%,OPEN,MEMO TERM,YELLOW TAG,
B028L009,PPHI,SOMA2,CALAMBA WEST,1,B,B3,CALISTA MID,44,40,"2,255,435.00",0.00,"2,255,435.00",Jul-28,0%,0%,OPEN,MEMO TERM,YELLOW TAG,
B028L010,PPHI,SOMA2,CALAMBA WEST,1,B,B3,CALISTA MID,44,40,"2,255,435.00",0.00,"2,255,435.00",Jul-28,0%,0%,OPEN,MEMO TERM,YELLOW TAG,
B028L011,PPHI,SOMA2,CALAMBA WEST,1,B,B3,CALISTA MID,44,40,"2,255,435.00",0.00,"2,255,435.00",Jul-28,0%,0%,OPEN,MEMO TERM,YELLOW TAG,
B028L012,PPHI,SOMA2,CALAMBA WEST,1,B,B3,CALISTA END,66,40,"2,940,008.00",0.00,"2,940,008.00",Jul-28,0%,0%,OPEN,MEMO TERM,YELLOW TAG,
B028L013,PPHI,SOMA2,CALAMBA WEST,1,B,B3,CALISTA END,66,40,"2,940,008.00",0.00,"2,940,008.00",Jul-28,0%,0%,OPEN,MEMO TERM,YELLOW TAG,
B028L014,PPHI,SOMA2,CALAMBA WEST,1,B,B3,CALISTA MID,44,40,"2,255,435.00",0.00,"2,255,435.00",Jul-28,0%,0%,OPEN,MEMO TERM,YELLOW TAG,
B028L015,PPHI,SOMA2,CALAMBA WEST,1,B,B3,CALISTA MID,44,40,"2,255,435.00",0.00,"2,255,435.00",Jul-28,0%,0%,OPEN,MEMO TERM,YELLOW TAG,
B028L016,PPHI,SOMA2,CALAMBA WEST,1,B,B3,CALISTA MID,44,40,"2,255,435.00",0.00,"2,255,435.00",Jul-28,0%,0%,OPEN,MEMO TERM,YELLOW TAG,
B028L017,PPHI,SOMA2,CALAMBA WEST,1,B,B3,CALISTA MID,44,40,"2,255,435.00",0.00,"2,255,435.00",Jul-28,0%,0%,OPEN,MEMO TERM,YELLOW TAG,
B028L020,PPHI,SOMA2,CALAMBA WEST,1,B,B3,CALISTA MID,44,40,"2,255,435.00",0.00,"2,255,435.00",Jun-28,0%,0%,OPEN,MEMO TERM,YELLOW TAG,
B028L021,PPHI,SOMA2,CALAMBA WEST,1,B,B3,CALISTA MID,44,40,"2,255,435.00",0.00,"2,255,435.00",Jun-28,0%,0%,OPEN,MEMO TERM,YELLOW TAG,
B028L022,PPHI,SOMA2,CALAMBA WEST,1,B,B3,CALISTA MID,44,40,"2,255,435.00",0.00,"2,255,435.00",Jun-28,0%,0%,OPEN,MEMO TERM,YELLOW TAG,
B028L023,PPHI,SOMA2,CALAMBA WEST,1,B,B3,CALISTA MID,44,40,"2,255,435.00",0.00,"2,255,435.00",Jun-28,0%,0%,OPEN,MEMO TERM,YELLOW TAG,
B028L024,PPHI,SOMA2,CALAMBA WEST,1,B,B3,CALISTA END,66,40,"2,940,008.00",0.00,"2,940,008.00",Jun-28,0%,0%,OPEN,MEMO TERM,YELLOW TAG,
B028L025,PPHI,SOMA2,CALAMBA WEST,1,B,B3,CALISTA END,66,40,"2,940,008.00",0.00,"2,940,008.00",Jun-28,0%,0%,OPEN,MEMO TERM,YELLOW TAG,
B028L026,PPHI,SOMA2,CALAMBA WEST,1,B,B3,CALISTA MID,44,40,"2,255,435.00",0.00,"2,255,435.00",Jun-28,0%,0%,OPEN,MEMO TERM,YELLOW TAG,
B028L027,PPHI,SOMA2,CALAMBA WEST,1,B,B3,CALISTA MID,44,40,"2,255,435.00",0.00,"2,255,435.00",Jun-28,0%,0%,OPEN,MEMO TERM,YELLOW TAG,
B028L028,PPHI,SOMA2,CALAMBA WEST,1,B,B3,CALISTA MID,44,40,"2,255,435.00",0.00,"2,255,435.00",Jun-28,0%,0%,OPEN,MEMO TERM,YELLOW TAG,
B028L029,PPHI,SOMA2,CALAMBA WEST,1,B,B3,CALISTA MID,44,40,"2,255,435.00",0.00,"2,255,435.00",Jun-28,0%,0%,OPEN,MEMO TERM,YELLOW TAG,
B028L030,PPHI,SOMA2,CALAMBA WEST,1,B,B3,CALISTA END,66,40,"2,940,008.00",0.00,"2,940,008.00",Jun-28,0%,0%,OPEN,MEMO TERM,YELLOW TAG,
B028L031,PPHI,SOMA2,CALAMBA WEST,1,B,B3,CALISTA END,66,40,"2,940,008.00",0.00,"2,940,008.00",May-28,0%,0%,OPEN,MEMO TERM,YELLOW TAG,
B028L032,PPHI,SOMA2,CALAMBA WEST,1,B,B3,CALISTA MID,44,40,"2,255,435.00",0.00,"2,255,435.00",May-28,0%,0%,OPEN,MEMO TERM,YELLOW TAG,
B028L033,PPHI,SOMA2,CALAMBA WEST,1,B,B3,CALISTA MID,44,40,"2,255,435.00",0.00,"2,255,435.00",May-28,0%,0%,OPEN,MEMO TERM,YELLOW TAG,
B028L034,PPHI,SOMA2,CALAMBA WEST,1,B,B3,CALISTA END,66,40,"2,940,008.00",0.00,"2,940,008.00",May-28,0%,0%,OPEN,MEMO TERM,YELLOW TAG,
B028L035,PPHI,SOMA2,CALAMBA WEST,1,B,B3,CALISTA END,72,40,"3,078,207.00",0.00,"3,078,207.00",May-28,0%,0%,OPEN,MEMO TERM,YELLOW TAG,
B028L036,PPHI,SOMA2,CALAMBA WEST,1,B,B3,CALISTA MID,44,40,"2,255,435.00",0.00,"2,255,435.00",May-28,0%,0%,OPEN,MEMO TERM,YELLOW TAG,
B028L037,PPHI,SOMA2,CALAMBA WEST,1,B,B3,CALISTA MID,44,40,"2,255,435.00",0.00,"2,255,435.00",May-28,0%,0%,OPEN,MEMO TERM,YELLOW TAG,
B028L038,PPHI,SOMA2,CALAMBA WEST,1,B,B3,CALISTA END CORNER,108,40,"3,949,568.00",0.00,"3,949,568.00",May-28,0%,0%,OPEN,MEMO TERM,YELLOW TAG,
B028L041,PPHI,SOMA2,CALAMBA WEST,1,B,B3,CALISTA MID,44,40,"2,255,435.00",0.00,"2,255,435.00",May-28,0%,0%,OPEN,MEMO TERM,YELLOW TAG,
B028L043,PPHI,SOMA2,CALAMBA WEST,1,B,B3,CALISTA END,66,40,"2,940,008.00",0.00,"2,940,008.00",May-28,0%,0%,OPEN,MEMO TERM,YELLOW TAG,
B028L046,PPHI,SOMA2,CALAMBA WEST,1,B,B3,CALISTA END,66,40,"2,940,008.00",0.00,"2,940,008.00",May-28,0%,0%,OPEN,MEMO TERM,YELLOW TAG,
B028L047,PPHI,SOMA2,CALAMBA WEST,1,B,B3,CALISTA END,66,40,"2,940,008.00",0.00,"2,940,008.00",Jun-28,0%,0%,OPEN,MEMO TERM,YELLOW TAG,
B028L048,PPHI,SOMA2,CALAMBA WEST,1,B,B3,CALISTA MID,44,40,"2,255,435.00",0.00,"2,255,435.00",Jun-28,0%,0%,OPEN,MEMO TERM,YELLOW TAG,
B028L049,PPHI,SOMA2,CALAMBA WEST,1,B,B3,CALISTA MID,44,40,"2,255,435.00",0.00,"2,255,435.00",Jun-28,0%,0%,OPEN,MEMO TERM,YELLOW TAG,
B028L050,PPHI,SOMA2,CALAMBA WEST,1,B,B3,CALISTA MID,44,40,"2,255,435.00",0.00,"2,255,435.00",Jun-28,0%,0%,OPEN,MEMO TERM,YELLOW TAG,
B028L051,PPHI,SOMA2,CALAMBA WEST,1,B,B3,CALISTA MID,44,40,"2,255,435.00",0.00,"2,255,435.00",Jun-28,0%,0%,OPEN,MEMO TERM,YELLOW TAG,
B028L055,PPHI,SOMA2,CALAMBA WEST,1,B,B3,CALISTA MID,44,40,"2,255,435.00",0.00,"2,255,435.00",Jun-28,0%,0%,OPEN,MEMO TERM,YELLOW TAG,
B028L056,PPHI,SOMA2,CALAMBA WEST,1,B,B3,CALISTA MID,44,40,"2,255,435.00",0.00,"2,255,435.00",Jun-28,0%,0%,OPEN,MEMO TERM,YELLOW TAG,
B028L061,PPHI,SOMA2,CALAMBA WEST,1,B,B3,CALISTA MID,44,40,"2,255,435.00",0.00,"2,255,435.00",Jul-28,0%,0%,OPEN,MEMO TERM,YELLOW TAG,
B028L062,PPHI,SOMA2,CALAMBA WEST,1,B,B3,CALISTA MID,44,40,"2,255,435.00",0.00,"2,255,435.00",Jul-28,0%,0%,OPEN,MEMO TERM,YELLOW TAG,
B028L064,PPHI,SOMA2,CALAMBA WEST,1,B,B3,CALISTA END,66,40,"2,940,008.00",0.00,"2,940,008.00",Jul-28,0%,0%,OPEN,MEMO TERM,YELLOW TAG,
B028L067,PPHI,SOMA2,CALAMBA WEST,1,B,B3,CALISTA MID,44,40,"2,255,435.00",0.00,"2,255,435.00",Jul-28,0%,0%,OPEN,MEMO TERM,YELLOW TAG,
B029L001,PPHI,SOMA2,CALAMBA WEST,1,B,B3,CALISTA END CORNER,101,40,"3,788,452.00",0.00,"3,788,452.00",Aug-28,0%,0%,OPEN,MEMO TERM,YELLOW TAG,
B029L003,PPHI,SOMA2,CALAMBA WEST,1,B,B3,CALISTA MID,44,40,"2,255,435.00",0.00,"2,255,435.00",Aug-28,0%,0%,OPEN,MEMO TERM,YELLOW TAG,
B029L004,PPHI,SOMA2,CALAMBA WEST,1,B,B3,CALISTA MID,44,40,"2,255,435.00",0.00,"2,255,435.00",Aug-28,0%,0%,OPEN,MEMO TERM,YELLOW TAG,
B029L005,PPHI,SOMA2,CALAMBA WEST,1,B,B3,CALISTA MID,44,40,"2,255,435.00",0.00,"2,255,435.00",Aug-28,0%,0%,OPEN,MEMO TERM,YELLOW TAG,
B029L006,PPHI,SOMA2,CALAMBA WEST,1,B,B3,CALISTA END,66,40,"2,940,008.00",0.00,"2,940,008.00",Aug-28,0%,0%,OPEN,MEMO TERM,YELLOW TAG,
B029L008,PPHI,SOMA2,CALAMBA WEST,1,B,B3,CALISTA MID,44,40,"2,255,435.00",0.00,"2,255,435.00",Jul-28,0%,0%,OPEN,MEMO TERM,YELLOW TAG,
B029L009,PPHI,SOMA2,CALAMBA WEST,1,B,B3,CALISTA MID,44,40,"2,255,435.00",0.00,"2,255,435.00",Jul-28,0%,0%,OPEN,MEMO TERM,YELLOW TAG,
B029L010,PPHI,SOMA2,CALAMBA WEST,1,B,B3,CALISTA MID,44,40,"2,255,435.00",0.00,"2,255,435.00",Jul-28,0%,0%,OPEN,MEMO TERM,YELLOW TAG,
B029L011,PPHI,SOMA2,CALAMBA WEST,1,B,B3,CALISTA MID,44,40,"2,255,435.00",0.00,"2,255,435.00",Jul-28,0%,0%,OPEN,MEMO TERM,YELLOW TAG,
B029L013,PPHI,SOMA2,CALAMBA WEST,1,B,B3,CALISTA END,66,40,"2,940,008.00",0.00,"2,940,008.00",Jul-28,0%,0%,OPEN,MEMO TERM,YELLOW TAG,
B029L014,PPHI,SOMA2,CALAMBA WEST,1,B,B3,CALISTA MID,44,40,"2,255,435.00",0.00,"2,255,435.00",Jul-28,0%,0%,OPEN,MEMO TERM,YELLOW TAG,
B029L015,PPHI,SOMA2,CALAMBA WEST,1,B,B3,CALISTA MID,44,40,"2,255,435.00",0.00,"2,255,435.00",Jul-28,0%,0%,OPEN,MEMO TERM,YELLOW TAG,
B029L016,PPHI,SOMA2,CALAMBA WEST,1,B,B3,CALISTA MID,44,40,"2,255,435.00",0.00,"2,255,435.00",Jul-28,0%,0%,OPEN,MEMO TERM,YELLOW TAG,
B029L017,PPHI,SOMA2,CALAMBA WEST,1,B,B3,CALISTA MID,44,40,"2,255,435.00",0.00,"2,255,435.00",Jul-28,0%,0%,OPEN,MEMO TERM,YELLOW TAG,
B029L020,PPHI,SOMA2,CALAMBA WEST,1,B,B3,CALISTA MID,44,40,"2,255,435.00",0.00,"2,255,435.00",Jun-28,0%,0%,OPEN,MEMO TERM,YELLOW TAG,
B029L021,PPHI,SOMA2,CALAMBA WEST,1,B,B3,CALISTA MID,44,40,"2,255,435.00",0.00,"2,255,435.00",Jun-28,0%,0%,OPEN,MEMO TERM,YELLOW TAG,
B029L022,PPHI,SOMA2,CALAMBA WEST,1,B,B3,CALISTA MID,44,40,"2,255,435.00",0.00,"2,255,435.00",Jun-28,0%,0%,OPEN,MEMO TERM,YELLOW TAG,
B029L023,PPHI,SOMA2,CALAMBA WEST,1,B,B3,CALISTA MID,44,40,"2,255,435.00",0.00,"2,255,435.00",Jun-28,0%,0%,OPEN,MEMO TERM,YELLOW TAG,
B029L024,PPHI,SOMA2,CALAMBA WEST,1,B,B3,CALISTA END,66,40,"2,940,008.00",0.00,"2,940,008.00",Jun-28,0%,0%,OPEN,MEMO TERM,YELLOW TAG,
B029L025,PPHI,SOMA2,CALAMBA WEST,1,B,B3,CALISTA END,66,40,"2,940,008.00",0.00,"2,940,008.00",Jun-28,0%,0%,OPEN,MEMO TERM,YELLOW TAG,
B029L026,PPHI,SOMA2,CALAMBA WEST,1,B,B3,CALISTA MID,44,40,"2,255,435.00",0.00,"2,255,435.00",Jun-28,0%,0%,OPEN,MEMO TERM,YELLOW TAG,
B029L027,PPHI,SOMA2,CALAMBA WEST,1,B,B3,CALISTA MID,44,40,"2,255,435.00",0.00,"2,255,435.00",Jun-28,0%,0%,OPEN,MEMO TERM,YELLOW TAG,
B029L028,PPHI,SOMA2,CALAMBA WEST,1,B,B3,CALISTA MID,44,40,"2,255,435.00",0.00,"2,255,435.00",Jun-28,0%,0%,OPEN,MEMO TERM,YELLOW TAG,
B029L029,PPHI,SOMA2,CALAMBA WEST,1,B,B3,CALISTA MID,44,40,"2,255,435.00",0.00,"2,255,435.00",Jun-28,0%,0%,OPEN,MEMO TERM,YELLOW TAG,
B029L031,PPHI,SOMA2,CALAMBA WEST,1,B,B3,CALISTA END,66,40,"2,940,008.00",0.00,"2,940,008.00",Jun-28,0%,0%,OPEN,MEMO TERM,YELLOW TAG,
B029L032,PPHI,SOMA2,CALAMBA WEST,1,B,B3,CALISTA MID,44,40,"2,255,435.00",0.00,"2,255,435.00",Jun-28,0%,0%,OPEN,MEMO TERM,YELLOW TAG,
B029L033,PPHI,SOMA2,CALAMBA WEST,1,B,B3,CALISTA MID,44,40,"2,255,435.00",0.00,"2,255,435.00",Jun-28,0%,0%,OPEN,MEMO TERM,YELLOW TAG,
B029L034,PPHI,SOMA2,CALAMBA WEST,1,B,B3,CALISTA END,66,40,"2,940,008.00",0.00,"2,940,008.00",June-28,0%,0%,OPEN,MEMO TERM,YELLOW TAG,
B029L035,PPHI,SOMA2,CALAMBA WEST,1,B,B3,CALISTA END,72,40,"3,078,207.00",0.00,"3,078,207.00",May-28,0%,0%,OPEN,MEMO TERM,YELLOW TAG,
B029L036,PPHI,SOMA2,CALAMBA WEST,1,B,B3,CALISTA MID,44,40,"2,255,435.00",0.00,"2,255,435.00",May-28,0%,0%,OPEN,MEMO TERM,YELLOW TAG,
B029L037,PPHI,SOMA2,CALAMBA WEST,1,B,B3,CALISTA MID,44,40,"2,255,435.00",0.00,"2,255,435.00",May-28,0%,0%,OPEN,MEMO TERM,YELLOW TAG,
B029L038,PPHI,SOMA2,CALAMBA WEST,1,B,B3,CALISTA END CORNER,108,40,"3,949,568.00",0.00,"3,949,568.00",May-28,0%,0%,OPEN,MEMO TERM,YELLOW TAG,
B012L002,PPHI,SOMA2,SIGHTS BAY,3,,4,AMANI MID,44,36,"1,809,750.96",0.00,"1,809,750.96",Oct-26,0%,0%,OPEN,MEMO TERM,YELLOW TAG,
B012L003,PPHI,SOMA2,SIGHTS BAY,3,,4,AMANI MID,44,36,"1,809,750.96",0.00,"1,809,750.96",Oct-26,0%,0%,OPEN,MEMO TERM,YELLOW TAG,
B012L004,PPHI,SOMA2,SIGHTS BAY,3,,4,AMANI MID,43,36,"1,740,659.49",0.00,"1,740,659.49",Oct-26,0%,0%,OPEN,MEMO TERM,YELLOW TAG,
B012L005,PPHI,SOMA2,SIGHTS BAY,3,,4,AMANI MID,43,36,"1,740,659.49",0.00,"1,740,659.49",Oct-26,0%,0%,OPEN,MEMO TERM,YELLOW TAG,
B012L006,PPHI,SOMA2,SIGHTS BAY,3,,4,AMANI MID,42,36,"1,724,754.81",0.00,"1,724,754.81",Oct-26,0%,0%,OPEN,MEMO TERM,YELLOW TAG,
B012L007,PPHI,SOMA2,SIGHTS BAY,3,,4,AMANI MID,42,36,"1,724,754.81",0.00,"1,724,754.81",Oct-26,0%,0%,OPEN,MEMO TERM,YELLOW TAG,
B012L008,PPHI,SOMA2,SIGHTS BAY,3,,4,AMANI MID,41,36,"1,708,850.13",0.00,"1,708,850.13",Oct-26,0%,0%,OPEN,MEMO TERM,YELLOW TAG,
B012L009,PPHI,SOMA2,SIGHTS BAY,3,,4,AMANI MID,41,36,"1,708,850.13",0.00,"1,708,850.13",Oct-26,0%,0%,OPEN,MEMO TERM,YELLOW TAG,
B012L010,PPHI,SOMA2,SIGHTS BAY,3,,4,AMANI MID,41,36,"1,708,850.13",0.00,"1,708,850.13",Oct-26,0%,0%,OPEN,MEMO TERM,YELLOW TAG,
B012L013,PPHI,SOMA2,SIGHTS BAY,3,,4,AMANI END,72,36,"2,277,999.74",0.00,"2,277,999.74",Oct-26,0%,0%,OPEN,MEMO TERM,YELLOW TAG,
B012L014,PPHI,SOMA2,SIGHTS BAY,3,,4,AMANI MID,41,36,"1,708,850.13",0.00,"1,708,850.13",Oct-26,0%,0%,OPEN,MEMO TERM,YELLOW TAG,
B012L016,PPHI,SOMA2,SIGHTS BAY,3,,4,AMANI MID,41,36,"1,708,850.13",0.00,"1,708,850.13",Oct-26,0%,0%,OPEN,MEMO TERM,YELLOW TAG,
B012L017,PPHI,SOMA2,SIGHTS BAY,3,,4,AMANI END,102,36,"2,754,440.09",0.00,"2,754,440.09",Oct-26,0%,0%,OPEN,MEMO TERM,YELLOW TAG,
B012L018,PPHI,SOMA2,SIGHTS BAY,3,,4,AMANI END,72,36,"2,277,999.74",0.00,"2,277,999.74",Oct-26,0%,0%,OPEN,MEMO TERM,YELLOW TAG,
B012L019,PPHI,SOMA2,SIGHTS BAY,3,,4,AMANI MID,44,36,"1,756,564.17",0.00,"1,756,564.17",Oct-26,0%,0%,OPEN,MEMO TERM,YELLOW TAG,
B012L020,PPHI,SOMA2,SIGHTS BAY,3,,4,AMANI MID,46,36,"1,788,273.52",0.00,"1,788,273.52",Oct-26,0%,0%,OPEN,MEMO TERM,YELLOW TAG,
B012L021,PPHI,SOMA2,SIGHTS BAY,3,,4,AMANI MID,46,36,"1,788,273.52",0.00,"1,788,273.52",Oct-26,0%,0%,OPEN,MEMO TERM,YELLOW TAG,
B012L022,PPHI,SOMA2,SIGHTS BAY,3,,4,AMANI MID,44,36,"1,756,564.17",0.00,"1,756,564.17",Oct-26,0%,0%,OPEN,MEMO TERM,YELLOW TAG,
B012L024,PPHI,SOMA2,SIGHTS BAY,3,,4,AMANI END,97,36,"2,675,016.70",0.00,"2,675,016.70",Oct-26,0%,0%,OPEN,MEMO TERM,YELLOW TAG,
B012L026,PPHI,SOMA2,SIGHTS BAY,3,,4,AMANI MID,44,36,"1,756,564.17",0.00,"1,756,564.17",Oct-26,0%,0%,OPEN,MEMO TERM,YELLOW TAG,
B012L027,PPHI,SOMA2,SIGHTS BAY,3,,4,AMANI MID,44,36,"1,756,564.17",0.00,"1,756,564.17",Oct-26,0%,0%,OPEN,MEMO TERM,YELLOW TAG,
B012L028,PPHI,SOMA2,SIGHTS BAY,3,,4,AMANI END,127,36,"3,151,457.04",0.00,"3,151,457.04",Oct-26,0%,0%,OPEN,MEMO TERM,YELLOW TAG,
B012L029,PPHI,SOMA2,SIGHTS BAY,3,,4,AMANI END,88,36,"2,659,987.45",0.00,"2,659,987.45",Oct-26,0%,0%,OPEN,MEMO TERM,YELLOW TAG,
B012L030,PPHI,SOMA2,SIGHTS BAY,3,,4,AMANI MID,47,36,"1,895,250.84",0.00,"1,895,250.84",Oct-26,0%,0%,OPEN,MEMO TERM,YELLOW TAG,
B012L031,PPHI,SOMA2,SIGHTS BAY,3,,4,AMANI MID,42,36,"1,811,914.14",0.00,"1,811,914.14",Oct-26,0%,0%,OPEN,MEMO TERM,YELLOW TAG,
B012L032,PPHI,SOMA2,SIGHTS BAY,3,,4,AMANI MID,45,36,"1,861,956.16",0.00,"1,861,956.16",Oct-26,0%,0%,OPEN,MEMO TERM,YELLOW TAG,
B012L033,PPHI,SOMA2,SIGHTS BAY,3,,4,AMANI MID,51,36,"1,962,040.19",0.00,"1,962,040.19",Oct-26,0%,0%,OPEN,MEMO TERM,YELLOW TAG,
B012L034,PPHI,SOMA2,SIGHTS BAY,3,,4,AMANI MID,57,36,"2,062,124.22",0.00,"2,062,124.22",Oct-26,0%,0%,OPEN,MEMO TERM,YELLOW TAG,
B012L035,PPHI,SOMA2,SIGHTS BAY,3,,4,AMANI MID,60,36,"2,112,166.24",0.00,"2,112,166.24",Oct-26,0%,0%,OPEN,MEMO TERM,YELLOW TAG,
B012L036,PPHI,SOMA2,SIGHTS BAY,3,,4,AMANI MID,57,36,"2,062,124.22",0.00,"2,062,124.22",Oct-26,0%,0%,OPEN,MEMO TERM,YELLOW TAG,
B012L037,PPHI,SOMA2,SIGHTS BAY,3,,4,AMANI MID,53,36,"1,995,434.87",0.00,"1,995,434.87",Oct-26,0%,0%,OPEN,MEMO TERM,YELLOW TAG,
B012L038,PPHI,SOMA2,SIGHTS BAY,3,,4,AMANI MID,50,36,"1,945,392.85",0.00,"1,945,392.85",Oct-26,0%,0%,OPEN,MEMO TERM,YELLOW TAG,
B012L039,PPHI,SOMA2,SIGHTS BAY,3,,4,AMANI MID,45,36,"1,861,956.16",0.00,"1,861,956.16",Oct-26,0%,0%,OPEN,MEMO TERM,YELLOW TAG,
B012L040,PPHI,SOMA2,SIGHTS BAY,3,,4,AMANI MID,42,36,"1,811,914.14",0.00,"1,811,914.14",Oct-26,0%,0%,OPEN,MEMO TERM,YELLOW TAG,
B012L041,PPHI,SOMA2,SIGHTS BAY,3,,4,AMANI END,86,36,"2,626,592.77",0.00,"2,626,592.77",Oct-26,0%,0%,OPEN,MEMO TERM,YELLOW TAG,
B015L002,PPHI,SOMA2,SIGHTS BAY,3,,4,AMANI MID,40,36,"1,710,080.26",0.00,"1,710,080.26",Oct-26,12%,12%,OPEN,MEMO TERM,YELLOW TAG,
B015L003,PPHI,SOMA2,SIGHTS BAY,3,,4,AMANI MID,40,36,"1,710,080.26",0.00,"1,710,080.26",Oct-26,12%,12%,OPEN,MEMO TERM,YELLOW TAG,
B015L033,PPHI,SOMA2,SIGHTS BAY,3,,4,AMANI MID,40,36,"1,710,080.26",0.00,"1,710,080.26",Oct-26,12%,12%,OPEN,MEMO TERM,YELLOW TAG,
B015L034,PPHI,SOMA2,SIGHTS BAY,3,,4,AMANI MID,40,36,"1,710,080.26",0.00,"1,710,080.26",Oct-26,12%,12%,OPEN,MEMO TERM,YELLOW TAG,
B015L035,PPHI,SOMA2,SIGHTS BAY,3,,4,AMANI MID,40,36,"1,710,080.26",0.00,"1,710,080.26",Oct-26,12%,12%,OPEN,MEMO TERM,YELLOW TAG,
B015L036,PPHI,SOMA2,SIGHTS BAY,3,,4,AMANI MID,40,36,"1,710,080.26",0.00,"1,710,080.26",Oct-26,12%,12%,OPEN,MEMO TERM,YELLOW TAG,
B015L037,PPHI,SOMA2,SIGHTS BAY,3,,4,AMANI MID,40,36,"1,710,080.26",0.00,"1,710,080.26",Oct-26,12%,12%,OPEN,MEMO TERM,YELLOW TAG,
B015L038,PPHI,SOMA2,SIGHTS BAY,3,,4,AMANI MID,40,36,"1,710,080.26",0.00,"1,710,080.26",Oct-26,12%,12%,OPEN,MEMO TERM,YELLOW TAG,
B015L039,PPHI,SOMA2,SIGHTS BAY,3,,4,AMANI MID,40,36,"1,710,080.26",0.00,"1,710,080.26",Oct-26,12%,12%,OPEN,MEMO TERM,YELLOW TAG,
B015L043,PPHI,SOMA2,SIGHTS BAY,3,,4,AMANI MID,40,36,"1,710,080.26",0.00,"1,710,080.26",Oct-26,12%,12%,OPEN,MEMO TERM,YELLOW TAG,
B015L044,PPHI,SOMA2,SIGHTS BAY,3,,4,AMANI MID,40,36,"1,710,080.26",0.00,"1,710,080.26",Oct-26,12%,12%,OPEN,MEMO TERM,YELLOW TAG,
B015L045,PPHI,SOMA2,SIGHTS BAY,3,,4,AMANI MID,40,36,"1,710,080.26",0.00,"1,710,080.26",Oct-26,12%,12%,OPEN,MEMO TERM,YELLOW TAG,
B015L046,PPHI,SOMA2,SIGHTS BAY,3,,4,AMANI MID,40,36,"1,710,080.26",0.00,"1,710,080.26",Oct-26,12%,12%,OPEN,MEMO TERM,YELLOW TAG,
B015L047,PPHI,SOMA2,SIGHTS BAY,3,,4,AMANI MID,40,36,"1,710,080.26",0.00,"1,710,080.26",Oct-26,12%,12%,OPEN,MEMO TERM,YELLOW TAG,
B015L048,PPHI,SOMA2,SIGHTS BAY,3,,4,AMANI MID,40,36,"1,710,080.26",0.00,"1,710,080.26",Oct-26,12%,12%,OPEN,MEMO TERM,YELLOW TAG,
B015L049,PPHI,SOMA2,SIGHTS BAY,3,,4,AMANI MID,40,36,"1,710,080.26",0.00,"1,710,080.26",Oct-26,12%,12%,OPEN,MEMO TERM,YELLOW TAG,
B015L050,PPHI,SOMA2,SIGHTS BAY,3,,4,AMANI MID,40,36,"1,710,080.26",0.00,"1,710,080.26",Oct-26,12%,12%,OPEN,MEMO TERM,YELLOW TAG,
B015L051,PPHI,SOMA2,SIGHTS BAY,3,,4,AMANI MID,40,36,"1,710,080.26",0.00,"1,710,080.26",Oct-26,12%,12%,OPEN,MEMO TERM,YELLOW TAG,
B015L052,PPHI,SOMA2,SIGHTS BAY,3,,4,AMANI MID,40,36,"1,710,080.26",0.00,"1,710,080.26",Oct-26,12%,12%,OPEN,MEMO TERM,YELLOW TAG,
B015L053,PPHI,SOMA2,SIGHTS BAY,3,,4,AMANI MID,40,36,"1,710,080.26",0.00,"1,710,080.26",Oct-26,12%,12%,OPEN,MEMO TERM,YELLOW TAG,
B015L054,PPHI,SOMA2,SIGHTS BAY,3,,4,AMANI MID,40,36,"1,710,080.26",0.00,"1,710,080.26",Oct-26,12%,12%,OPEN,MEMO TERM,YELLOW TAG,
B015L055,PPHI,SOMA2,SIGHTS BAY,3,,4,AMANI END CORNER,92,36,"2,656,205.24",0.00,"2,656,205.24",Oct-26,12%,12%,OPEN,MEMO TERM,YELLOW TAG,
B016L002,PPHI,SOMA2,SIGHTS BAY,3,,4,AMANI MID,40,36,"1,710,080.26",0.00,"1,710,080.26",Oct-26,12%,12%,OPEN,MEMO TERM,YELLOW TAG,
B016L003,PPHI,SOMA2,SIGHTS BAY,3,,4,AMANI MID,40,36,"1,710,080.26",0.00,"1,710,080.26",Oct-26,12%,12%,OPEN,MEMO TERM,YELLOW TAG,
B016L004,PPHI,SOMA2,SIGHTS BAY,3,,4,AMANI MID,40,36,"1,710,080.26",0.00,"1,710,080.26",Oct-26,12%,12%,OPEN,MEMO TERM,YELLOW TAG,
B016L005,PPHI,SOMA2,SIGHTS BAY,3,,4,AMANI MID,40,36,"1,710,080.26",0.00,"1,710,080.26",Oct-26,12%,12%,OPEN,MEMO TERM,YELLOW TAG,
B016L006,PPHI,SOMA2,SIGHTS BAY,3,,4,AMANI MID,40,36,"1,710,080.26",0.00,"1,710,080.26",Oct-26,12%,12%,OPEN,MEMO TERM,YELLOW TAG,
B016L007,PPHI,SOMA2,SIGHTS BAY,3,,4,AMANI MID,40,36,"1,710,080.26",0.00,"1,710,080.26",Oct-26,12%,12%,OPEN,MEMO TERM,YELLOW TAG,
B016L008,PPHI,SOMA2,SIGHTS BAY,3,,4,AMANI MID,40,36,"1,710,080.26",0.00,"1,710,080.26",Oct-26,12%,12%,OPEN,MEMO TERM,YELLOW TAG,
B016L009,PPHI,SOMA2,SIGHTS BAY,3,,4,AMANI MID,40,36,"1,710,080.26",0.00,"1,710,080.26",Oct-26,12%,12%,OPEN,MEMO TERM,YELLOW TAG,
B016L010,PPHI,SOMA2,SIGHTS BAY,3,,4,AMANI MID,40,36,"1,710,080.26",0.00,"1,710,080.26",Oct-26,12%,12%,OPEN,MEMO TERM,YELLOW TAG,
B016L011,PPHI,SOMA2,SIGHTS BAY,3,,4,AMANI END,76,36,"2,365,218.64",0.00,"2,365,218.64",Oct-26,12%,12%,OPEN,MEMO TERM,YELLOW TAG,
B016L012,PPHI,SOMA2,SIGHTS BAY,3,,4,AMANI END CORNER,70,36,"2,303,334.62",0.00,"2,303,334.62",Oct-26,12%,12%,OPEN,MEMO TERM,YELLOW TAG,
B016L013,PPHI,SOMA2,SIGHTS BAY,3,,4,AMANI MID,40,36,"1,710,080.26",0.00,"1,710,080.26",Oct-26,12%,12%,OPEN,MEMO TERM,YELLOW TAG,
B016L014,PPHI,SOMA2,SIGHTS BAY,3,,4,AMANI MID,40,36,"1,710,080.26",0.00,"1,710,080.26",Oct-26,12%,12%,OPEN,MEMO TERM,YELLOW TAG,
B016L016,PPHI,SOMA2,SIGHTS BAY,3,,4,AMANI END CORNER,73,36,"2,351,394.25",0.00,"2,351,394.25",Oct-26,12%,12%,OPEN,MEMO TERM,YELLOW TAG,
B016L017,PPHI,SOMA2,SIGHTS BAY,3,,4,AMANI END,90,36,"2,589,763.58",0.00,"2,589,763.58",Oct-26,12%,12%,OPEN,MEMO TERM,YELLOW TAG,
B016L018,PPHI,SOMA2,SIGHTS BAY,3,,4,AMANI MID,51,36,"1,886,565.57",0.00,"1,886,565.57",Oct-26,12%,12%,OPEN,MEMO TERM,YELLOW TAG,
B016L019,PPHI,SOMA2,SIGHTS BAY,3,,4,AMANI MID,45,36,"1,790,346.31",0.00,"1,790,346.31",Oct-26,12%,12%,OPEN,MEMO TERM,YELLOW TAG,
B016L020,PPHI,SOMA2,SIGHTS BAY,3,,4,AMANI MID,41,36,"1,726,133.47",0.00,"1,726,133.47",Oct-26,12%,12%,OPEN,MEMO TERM,YELLOW TAG,
B016L021,PPHI,SOMA2,SIGHTS BAY,3,,4,AMANI MID,40,36,"1,710,080.26",0.00,"1,710,080.26",Oct-26,12%,12%,OPEN,MEMO TERM,YELLOW TAG,
B016L022,PPHI,SOMA2,SIGHTS BAY,3,,4,AMANI MID,40,36,"1,761,384.66",0.00,"1,761,384.66",Oct-26,12%,12%,OPEN,MEMO TERM,YELLOW TAG,
B016L023,PPHI,SOMA2,SIGHTS BAY,3,,4,AMANI MID,40,36,"1,761,384.66",0.00,"1,761,384.66",Oct-26,12%,12%,OPEN,MEMO TERM,YELLOW TAG,
B016L024,PPHI,SOMA2,SIGHTS BAY,3,,4,AMANI MID,40,36,"1,761,384.66",0.00,"1,761,384.66",Oct-26,12%,12%,OPEN,MEMO TERM,YELLOW TAG,
B016L025,PPHI,SOMA2,SIGHTS BAY,3,,4,AMANI MID,40,36,"1,761,384.66",0.00,"1,761,384.66",Oct-26,12%,12%,OPEN,MEMO TERM,YELLOW TAG,
B016L026,PPHI,SOMA2,SIGHTS BAY,3,,4,AMANI MID,40,36,"1,761,384.66",0.00,"1,761,384.66",Oct-26,12%,12%,OPEN,MEMO TERM,YELLOW TAG,
B016L027,PPHI,SOMA2,SIGHTS BAY,3,,4,AMANI END CORNER,81,36,"2,553,148.47",0.00,"2,553,148.47",Oct-26,12%,12%,OPEN,MEMO TERM,YELLOW TAG,
B017L002,PPHI,SOMA2,SIGHTS BAY,3,,4,AMANI MID,44,36,"1,756,564.17",0.00,"1,756,564.17",Nov-26,0%,0%,OPEN,MEMO TERM,YELLOW TAG,
B017L004,PPHI,SOMA2,SIGHTS BAY,3,,4,AMANI MID,44,36,"1,756,564.17",0.00,"1,756,564.17",Nov-26,0%,0%,OPEN,MEMO TERM,YELLOW TAG,
B017L005,PPHI,SOMA2,SIGHTS BAY,3,,4,AMANI MID,44,36,"1,756,564.17",0.00,"1,756,564.17",Nov-26,0%,0%,OPEN,MEMO TERM,YELLOW TAG,
B017L006,PPHI,SOMA2,SIGHTS BAY,3,,4,AMANI MID,44,36,"1,756,564.17",0.00,"1,756,564.17",Nov-26,0%,0%,OPEN,MEMO TERM,YELLOW TAG,
B017L007,PPHI,SOMA2,SIGHTS BAY,3,,4,AMANI MID,44,36,"1,756,564.17",0.00,"1,756,564.17",Nov-26,0%,0%,OPEN,MEMO TERM,YELLOW TAG,
B017L008,PPHI,SOMA2,SIGHTS BAY,3,,4,AMANI MID,44,36,"1,756,564.17",0.00,"1,756,564.17",Nov-26,0%,0%,OPEN,MEMO TERM,YELLOW TAG,
B017L009,PPHI,SOMA2,SIGHTS BAY,3,,4,AMANI MID,44,36,"1,756,564.17",0.00,"1,756,564.17",Nov-26,0%,0%,OPEN,MEMO TERM,YELLOW TAG,
B017L010,PPHI,SOMA2,SIGHTS BAY,3,,4,AMANI MID,44,36,"1,756,564.17",0.00,"1,756,564.17",Nov-26,0%,0%,OPEN,MEMO TERM,YELLOW TAG,
B017L011,PPHI,SOMA2,SIGHTS BAY,3,,4,AMANI MID,44,36,"1,756,564.17",0.00,"1,756,564.17",Nov-26,0%,0%,OPEN,MEMO TERM,YELLOW TAG,
B017L012,PPHI,SOMA2,SIGHTS BAY,3,,4,AMANI MID,44,36,"1,756,564.17",0.00,"1,756,564.17",Nov-2026,0%,0%,OPEN,MEMO TERM,YELLOW TAG,
B048L007,PPHI,SOMA2,SAN PABLO,2,B,2,CALISTA MID,44,40,"1,949,999.87",0.00,"1,949,999.87",Oct-1,100%,80%,REOPEN,SHOULD BE WITH SDP & RF UPON HOLDING,RED TAG,
B006L046,PPHI,NOMA2,BALANGA,1,A,2,CALISTA MID,44,40,"1,809,966.00",0.00,"1,809,966.00",Aug-24,95%,80%,FALLOUT,RSBS WITHIN THE MONTH,RED TAG,
B020L063,PPHI,NOMA2,BALANGA,1,B,2,CALISTA MID,44,40,"1,809,966.00",0.00,"1,809,966.00",March-25,100%,80%,FALLOUT,RSBS WITHIN THE MONTH,RED TAG,
B001L018,CPC,SOMA2,SIGHTS CALAUAN,1,,1,ALORA MID,41,30,"1,217,488.30",0.00,"1,217,488.30",Jul-26,0%,0%,BACKOUT,SHOULD BE WITH SDP & RF UPON HOLDING,YELLOW TAG,
B002L017,CPC,SOMA2,SIGHTS CALAUAN,1,,1,ALORA MID,41,30,"1,229,868.99",0.00,"1,229,868.99",May-26,12%,12%,BACKOUT,SHOULD BE WITH SDP & RF UPON HOLDING,YELLOW TAG,
B002L036,CPC,SOMA2,SIGHTS CALAUAN,1,,1,ALORA END CORNER,95,30,"2,137,055.84",0.00,"2,137,055.84",April-26,12%,12%,FALLOUT,MEMO TERM,YELLOW TAG,
B008L050,CPC,SOMA2,SIGHTS CALAUAN,1,,1,ALORA END CORNER,98,30,"2,178,984.20",0.00,"2,178,984.20",January-26,86%,80%,FALLOUT,RSBS WITHIN THE MONTH,RED TAG,
B009L039,CPC,SOMA2,SIGHTS CALAUAN,1,,1,ALORA END CORNER,101,30,"2,221,012.57",0.00,"2,221,012.57",May-26,12%,12%,FALLOUT,MEMO TERM,YELLOW TAG,
B004L006,CPC,SOMA2,SIGHTS CALAUAN,1,,3,ALORA END,56,30,"1,568,265.99",0.00,"1,568,265.99",May-26,12%,12%,BACKOUT,SHOULD BE WITH SDP & RF UPON HOLDING,YELLOW TAG,
B005L001,CPC,SOMA2,SIGHTS CALAUAN,1,,3,ALORA END CORNER,81,30,"1,941,323.46",0.00,"1,941,323.46",Sep-26,12%,12%,BACKOUT,SHOULD BE WITH SDP & RF UPON HOLDING,YELLOW TAG,
B005L018,CPC,SOMA2,SIGHTS CALAUAN,1,,3,ALORA MID,41,30,"1,229,868.99",0.00,"1,229,868.99",Feb-26,70%,60%,BACKOUT,SHOULD BE WITH SDP & RF UPON HOLDING,RED TAG,
B053L097,CPC,SOMA2,SIGHTS CALAUAN,1,,1,AMANI MID,44,36,"1,749,911.79",0.00,"1,749,911.79",Apr-27,0%,0%,BACKOUT,SHOULD BE WITH SDP & RF UPON HOLDING,YELLOW TAG,
B051L013,CPC,SOMA2,SIGHTS CALAUAN,1,,2,AMANI MID,40,36,"1,669,330.69",0.00,"1,669,330.69",Sep-27,0%,0%,FALLOUT,MEMO TERM,YELLOW TAG,
B051L019,CPC,SOMA2,SIGHTS CALAUAN,1,,2,AMANI MID,40,36,"1,669,330.69",0.00,"1,669,330.69",Jun-27,0%,0%,FALLOUT,MEMO TERM,YELLOW TAG,
B052L002,CPC,SOMA2,SIGHTS CALAUAN,1,,2,AMANI MID,40,36,"1,669,330.69",0.00,"1,669,330.69",Aug-27,0%,0%,FALLOUT,MEMO TERM,YELLOW TAG,
B057L023,CPC,SOMA2,SIGHTS CALAUAN,1,,2,AMANI MID,40,36,"1,669,330.69",0.00,"1,669,330.69",Mar-27,0%,0%,CANCELLED,SHOULD BE WITH SDP & RF UPON HOLDING,YELLOW TAG,
B050L051,CPC,SOMA2,SIGHTS CALAUAN,1,,3,AMANI MID,40,36,"1,669,330.69",0.00,"1,669,330.69",Jul-27,0%,0%,BACKOUT,SHOULD BE WITH SDP & RF UPON HOLDING,YELLOW TAG,
B053L063,CPC,SOMA2,SIGHTS CALAUAN,1,,3,AMANI MID,44,36,"1,749,911.79",0.00,"1,749,911.79",Aug-27,0%,0%,BACKOUT,SHOULD BE WITH SDP & RF UPON HOLDING,YELLOW TAG,
B002L003,CPC,SOMA2,SIGHTS BAY,3,,1,AMANI MID,40,36,"1,846,958.68",0.00,"1,846,958.68",Apr-26,64%,60%,CANCELLED,SHOULD BE WITH SDP & RF UPON HOLDING,RED TAG,
B023L067,CPC,SOMA2,SIGHTS CALAUAN,2,,1,ALORA MID,41,30,"1,224,650.54",0.00,"1,224,650.54",Jul-26,0%,0%,BACKOUT,SHOULD BE WITH SDP & RF UPON HOLDING,YELLOW TAG,
B048L005,PPHI,SOMA2,CALAMBA WEST,1,A,5,CALISTA MID,44,40,"2,200,349.00",0.00,"2,200,349.00",Aug-27,0%,0%,FALLOUT,MEMO TERM,YELLOW TAG,
B048L008,PPHI,SOMA2,CALAMBA WEST,1,A,5,CALISTA MID,44,40,"2,200,349.00",0.00,"2,200,349.00",Aug-27,0%,0%,FALLOUT,MEMO TERM,YELLOW TAG,
B048L026,PPHI,SOMA2,CALAMBA WEST,1,A,5,CALISTA MID,44,40,"2,200,349.00",0.00,"2,200,349.00",Jul-27,0%,0%,FALLOUT,MEMO TERM,YELLOW TAG,
B048L031,PPHI,SOMA2,CALAMBA WEST,1,A,5,CALISTA END,61,40,"2,744,767.00",0.00,"2,744,767.00",Jul-27,0%,0%,FALLOUT,MEMO TERM,YELLOW TAG,
B006L013,PPHI,SOMA2,SAN PABLO EAST,1,,1,CALISTA MID,44,40,"1,909,801.34",0.00,"1,909,801.34",Apr-27,12%,12%,FALLOUT,MEMO TERM,YELLOW TAG,
B003L002,PPHI,NOMA2,MAGALANG EAST,1,B,1,UNNA REGULAR,124,54,"4,913,147.95","491,319.42","4,421,828.53",Nov-27,0%,0%,FALLOUT,MEMO TERM,YELLOW TAG,
B062L003,PPHI,SOMA2,TAYABAS,2,A,3,CALISTA MID,44,40,"1,837,093.00",0.00,"1,837,093.00",January-26,100%,80%,FALLOUT,RSBS WITHIN THE MONTH,RED TAG,
B062L014,PPHI,SOMA2,TAYABAS,2,A,3,CALISTA MID,44,40,"1,837,093.00",0.00,"1,837,093.00",March-26,90%,80%,FALLOUT,RSBS WITHIN THE MONTH,RED TAG,
B063L038,PPHI,SOMA2,TAYABAS,2,A,3,CALISTA MID,44,40,"1,860,893.00",0.00,"1,860,893.00",May-26,90%,80%,FALLOUT,RSBS WITHIN THE MONTH,RED TAG,
B063L040,PPHI,SOMA2,TAYABAS,2,A,3,CALISTA MID,44,40,"1,860,893.00",0.00,"1,860,893.00",May-26,90%,80%,FALLOUT,RSBS WITHIN THE MONTH,RED TAG,
B063L041,PPHI,SOMA2,TAYABAS,2,A,3,CALISTA MID,44,40,"1,860,893.00",0.00,"1,860,893.00",May-26,90%,80%,FALLOUT,RSBS WITHIN THE MONTH,RED TAG,
B063L048,PPHI,SOMA2,TAYABAS,2,A,3,CALISTA MID,44,40,"1,860,893.00",0.00,"1,860,893.00",May-26,87%,80%,FALLOUT,RSBS WITHIN THE MONTH,RED TAG,
B064L002,PPHI,SOMA2,TAYABAS,2,A,4,CALISTA MID,44,40,"1,837,093.00",0.00,"1,837,093.00",Jun-26,62%,60%,FALLOUT,RSBS WITHIN THE MONTH,RED TAG,
B064L003,PPHI,SOMA2,TAYABAS,2,A,4,CALISTA MID,44,40,"1,837,093.00",0.00,"1,837,093.00",June-26,62%,60%,FALLOUT,RSBS WITHIN THE MONTH,RED TAG,
B036L004,PPHI,SOMA2,CALAMBA WEST,1,B,1,CALISTA END,66,40,"2,984,142.00",0.00,"2,984,142.00",Jan-28,0%,0%,REOPEN,RSBS WITHIN THE MONTH,YELLOW TAG,
B052L007,PPHI,SOMA2,TAYABAS,1,B,4,CALISTA END CORNER,91,40,"2,670,592.68",0.00,"2,670,592.68",May-25,100%,80%,CANCELLED,SHOULD BE WITH SDP & RF UPON HOLDING,RED TAG,
B021L031,PPHI,NOMA2,BALANGA,1,B,1,CALISTA MID,44,40,"1,809,966.00",0.00,"1,809,966.00",Jan-25,84%,80%,FFO,RSBS WITHIN THE MONTH,RED TAG,
B019L001,PPHI,SOMA2,CALAMBA,1,B,7,CALISTA END,142,40,"4,787,681.76",0.00,"4,787,681.76",Aug-23,100%,80%,CANCELLED,SHOULD BE WITH SDP & RF UPON HOLDING,RED TAG,
B020L039,PPHI,NOMA2,BALANGA,1,B,2,CALISTA MID,44,40,"1,809,966.00",0.00,"1,809,966.00",Feb-25,79%,60%,CANCELLED,SHOULD BE WITH SDP & RF UPON HOLDING,RED TAG,
B037L003,CPC,NOMA2,IMPRESSIONS HERMOSA,1,A,1,CALISTA MID,50,40,"2,197,526.32",0.00,"2,197,526.32",Dec-24,100%,80%,CANCELLED,SHOULD BE WITH SDP & RF UPON HOLDING,RED TAG,
B005L040,CPC,SOMA2,SIGHTS BAY,2,,B2-C,AMANI END,67,36,"2,035,088.99",0.00,"2,035,088.99",Nov-27,0%,0%,CANCELLED,SHOULD BE WITH SDP & RF UPON HOLDING,YELLOW TAG,
B031L018,CPC,NOMA2,IMPRESSIONS HERMOSA,1,A,4,CALISTA MID,47,40,"2,137,960.65",0.00,"2,137,960.65",Oct-25,62%,60%,FFO,RSBS WITHIN THE MONTH,RED TAG,
B042L044,PPHI,SOMA2,CALAMBA WEST,1,A,1,CALISTA MID,44,40,"2,200,349.00",0.00,"2,200,349.00",Apr-26,66%,60%,FFO,MEMO TERM,YELLOW TAG,
B053L091,CPC,SOMA2,SIGHTS CALAUAN,1,,1,AMANI MID,45,36,"1,767,924.91",0.00,"1,767,924.91",Apr-27,0%,0%,CANCELLED,SHOULD BE WITH SDP & RF UPON HOLDING,YELLOW TAG,
B050L044,CPC,SOMA2,SIGHTS CALAUAN,1,,3,AMANI MID,40,36,"1,669,330.69",0.00,"1,669,330.69",Jul-27,0%,0%,CANCELLED,SHOULD BE WITH SDP & RF UPON HOLDING,YELLOW TAG,
B059L065,CPC,SOMA2,SIGHTS CALAUAN,1,,3,AMANI MID,44,36,"1,723,728.04",0.00,"1,723,728.04",Feb-28,0%,0%,CANCELLED,SHOULD BE WITH SDP & RF UPON HOLDING,YELLOW TAG,
B048L023,CPC,SOMA2,SIGHTS CALAUAN,1,,3,AMANI MID,40,36,"1,669,330.69",0.00,"1,669,330.69",Sep-27,0%,0%,FFO,MEMO TERM,YELLOW TAG,
B048L030,CPC,SOMA2,SIGHTS CALAUAN,1,,3,AMANI MID,40,36,"1,669,330.69",0.00,"1,669,330.69",Oct-27,0%,0%,FFO,MEMO TERM,YELLOW TAG,
B048L048,CPC,SOMA2,SIGHTS CALAUAN,1,,3,AMANI MID,40,36,"1,669,330.69",0.00,"1,669,330.69",Sep-27,0%,0%,CANCELLED,SHOULD BE WITH SDP & RF UPON HOLDING,YELLOW TAG,
B043L064,PPHI,SOMA2,CALAMBA WEST,1,A,2,CALISTA MID,44,40,"2,167,839.00",0.00,"2,167,839.00",Sep-26,60%,60%,CANCELLED,SHOULD BE WITH SDP & RF UPON HOLDING,RED TAG,
B044L082,PPHI,SOMA2,CALAMBA WEST,1,A,2,CALISTA MID,44,40,"2,167,839.00",0.00,"2,167,839.00",Oct-26,17%,17%,CANCELLED,SHOULD BE WITH SDP & RF UPON HOLDING,YELLOW TAG,
B005L004,CPC,SOMA2,SIGHTS BAY,3,,1,AMANI MID,40,36,"1,710,080.26",0.00,"1,710,080.26",Mar-26,66%,60%,FFO,RSBS WITHIN THE MONTH,RED TAG,
B006L008,CPC,SOMA2,SIGHTS BAY,3,,1,AMANI MID,40,36,"1,761,384.66",0.00,"1,761,384.66",Apr-26,65%,60%,CANCELLED,SHOULD BE WITH SDP & RF UPON HOLDING,RED TAG,
B008L014,CPC,SOMA2,SIGHTS BAY,3,,2,AMANI MID,40,36,"1,710,080.26",0.00,"1,710,080.26",Jun-26,12%,12%,FFO,MEMO TERM,YELLOW TAG,
B009L012,CPC,SOMA2,SIGHTS BAY,3,,2,AMANI MID,40,36,"1,710,080.26",0.00,"1,710,080.26",Jun-26,30%,30%,FFO,MEMO TERM,YELLOW TAG,
B010L004,CPC,SOMA2,SIGHTS BAY,3,,2,AMANI MID,44,36,"1,774,293.10",0.00,"1,774,293.10",Jun-26,63%,60%,FFO,RSBS WITHIN THE MONTH,RED TAG,
B010L015,CPC,SOMA2,SIGHTS BAY,3,,2,AMANI MID,40,36,"1,710,080.26",0.00,"1,710,080.26",Jun-26,55%,55%,FFO,MEMO TERM,YELLOW TAG,
B044L033,PPHI,SOMA2,CALAMBA WEST,1,A,3,CALISTA MID,44,40,"2,167,839.00",0.00,"2,167,839.00",Dec-26,17%,17%,CANCELLED,SHOULD BE WITH SDP & RF UPON HOLDING,YELLOW TAG,
B045L035,PPHI,SOMA2,CALAMBA WEST,1,A,3,CALISTA MID,44,40,"2,167,839.00",0.00,"2,167,839.00",Nov-26,17%,17%,CANCELLED,SHOULD BE WITH SDP & RF UPON HOLDING,YELLOW TAG,
B046L001,PPHI,SOMA2,CALAMBA WEST,1,A,4,CALISTA END CORNER,104,40,"3,707,704.00",0.00,"3,707,704.00",Jun-27,0%,0%,FFO,MEMO TERM,YELLOW TAG,
B046L007,PPHI,SOMA2,CALAMBA WEST,1,A,4,CALISTA END,66,40,"2,825,897.00",0.00,"2,825,897.00",Jun-27,0%,0%,FFO,MEMO TERM,YELLOW TAG,
B046L061,PPHI,SOMA2,CALAMBA WEST,1,A,4,CALISTA MID,44,40,"2,167,839.00",0.00,"2,167,839.00",April-27,3%,3%,CANCELLED,SHOULD BE WITH SDP & RF UPON HOLDING,YELLOW TAG,
B046L082,PPHI,SOMA2,CALAMBA WEST,1,A,4,CALISTA END CORNER,104,40,"3,707,704.00",0.00,"3,707,704.00",Jun-27,0%,0%,FFO,MEMO TERM,YELLOW TAG,
B047L013,PPHI,SOMA2,CALAMBA WEST,1,A,4,CALISTA END,66,40,"2,825,897.00",0.00,"2,825,897.00",May-27,0%,0%,FFO,MEMO TERM,YELLOW TAG,
B047L028,PPHI,SOMA2,CALAMBA WEST,1,A,4,CALISTA MID,44,40,"2,167,839.00",0.00,"2,167,839.00",April-27,0%,0%,FFO,MEMO TERM,YELLOW TAG,
B047L047,PPHI,SOMA2,CALAMBA WEST,1,A,4,CALISTA END,61,40,"2,704,208.00",0.00,"2,704,208.00",Apr-27,0%,0%,CANCELLED,SHOULD BE WITH SDP & RF UPON HOLDING,YELLOW TAG,
B047L056,PPHI,SOMA2,CALAMBA WEST,1,A,4,CALISTA MID,44,40,"2,167,839.00",0.00,"2,167,839.00",May-27,0%,0%,FFO,MEMO TERM,YELLOW TAG,
B048L002,PPHI,SOMA2,CALAMBA WEST,1,A,5,CALISTA MID,44,40,"2,200,349.00",0.00,"2,200,349.00",Aug-27,0%,0%,FFO,MEMO TERM,YELLOW TAG,
B004L027,PPHI,SOMA2,SAN PABLO EAST,1,,1,CALISTA MID,44,40,"1,909,801.34",0,"1,909,801.34",Nov-26,0%,0%,CANCELLED,SHOULD BE WITH SDP & RF UPON HOLDING,YELLOW TAG,
B004L058,PPHI,SOMA2,SAN PABLO EAST,1,,1,CALISTA MID,44,40,"1,909,801.34",0,"1,909,801.34",Dec-26,12%,12%,FFO,MEMO TERM,YELLOW TAG,
B004L011,PPHI,NOMA2,MAGALANG EAST,1,B,1,UNNA REGULAR,89,54,"3,606,432.24",0,"3,606,432.24",Nov-27,0%,0%,CANCELLED,SHOULD BE WITH SDP & RF UPON HOLDING,YELLOW TAG,
B064L001,PPHI,SOMA2,TAYABAS,2,A,4,CALISTA END CORNER,116,40,"3,182,348.00",0,"3,182,348.00",Jun-26,62%,60%,CANCELLED,SHOULD BE WITH SDP & RF UPON HOLDING,RED TAG,
B031L008,PPHI,SOMA2,CALAMBA WEST,1,B,1,CALISTA END,61,40,"2,813,466.00",0,"2,813,466.00",Dec-27,0%,0%,CANCELLED,SHOULD BE WITH SDP & RF UPON HOLDING,YELLOW TAG,
B028L053,PPHI,SOMA2,SIGHTS TAYABAS,1,,1,AURORA MID,38,27,"980,000.00",0,"980,000.00",Jan-28,0%,0%,FFO,MEMO TERM,YELLOW TAG,
B020L042,PPHI,NOMA2,BALANGA,1,B,2,CALISTA MID,44,40,"1,809,966.00",0,"1,809,966.00",Feb-25,85%,80%,Fallout,MEMO TERM,RED TAG,
B002L002,CPC,SOMA2,SIGHTS CALAUAN,1,,1,ALORA MID,41,30,"1,229,868.99",0,"1,229,868.99",Mar-26,12%,12%,Backout,SHOULD BE WITH SDP & RF UPON HOLDING,YELLOW TAG,
B010L033,CPC,SOMA2,SIGHTS CALAUAN,1,,2,ALORA MID,41,30,"1,235,959.34",0,"1,235,959.34",June-26,12%,12%,Backout,SHOULD BE WITH SDP & RF UPON HOLDING,YELLOW TAG,
B004L005,CPC,SOMA2,SIGHTS CALAUAN,1,,3,ALORA MID,41,30,"1,229,868.99",0,"1,229,868.99",May-26,12%,12%,Backout,SHOULD BE WITH SDP & RF UPON HOLDING,YELLOW TAG,
B008L094,CPC,SOMA2,SIGHTS CALAUAN,1,,4,ALORA END CORNER,83,30,"1,969,342.37",0,"1,969,342.37",October-26,12%,12%,Backout,SHOULD BE WITH SDP & RF UPON HOLDING,YELLOW TAG,
B055L004,CPC,SOMA2,SIGHTS CALAUAN,1,,1,AMANI MID,40,36,"1,669,330.69",0,"1,669,330.69",May-27,0%,0%,Fallout,MEMO TERM,YELLOW TAG,
B056L004,CPC,SOMA2,SIGHTS CALAUAN,1,,1,AMANI MID,40,36,"1,669,330.69",0,"1,669,330.69",June-27,0%,0%,Fallout,MEMO TERM,YELLOW TAG,
B056L010,CPC,SOMA2,SIGHTS CALAUAN,1,,1,AMANI MID,40,36,"1,669,330.69",0,"1,669,330.69",May-27,0%,0%,Backout,SHOULD BE WITH SDP & RF UPON HOLDING,YELLOW TAG,
B051L008,CPC,SOMA2,SIGHTS CALAUAN,1,,2,AMANI MID,40,36,"1,669,330.69",0,"1,669,330.69",Sep-27,0%,0%,Fallout,MEMO TERM,YELLOW TAG,
B052L007,CPC,SOMA2,SIGHTS CALAUAN,1,,2,AMANI MID,40,36,"1,669,330.69",0,"1,669,330.69",Aug-27,0%,0%,Fallout,MEMO TERM,YELLOW TAG,
B052L008,CPC,SOMA2,SIGHTS CALAUAN,1,,2,AMANI MID,40,36,"1,669,330.69",0,"1,669,330.69",Aug-27,0%,0%,Fallout,MEMO TERM,YELLOW TAG,
B052L030,CPC,SOMA2,SIGHTS CALAUAN,1,,2,AMANI MID,40,36,"1,669,330.69",0,"1,669,330.69",Aug-27,0%,0%,Fallout,MEMO TERM,YELLOW TAG,
B057L020,CPC,SOMA2,SIGHTS CALAUAN,1,,2,AMANI MID,40,36,"1,669,330.69",0,"1,669,330.69",Jun-27,0%,0%,Fallout,MEMO TERM,YELLOW TAG,
B059L084,CPC,SOMA2,SIGHTS CALAUAN,1,,2,AMANI MID,44,36,"1,775,995.55",0,"1,775,995.55",Jul-27,0%,0%,Backout,SHOULD BE WITH SDP & RF UPON HOLDING,YELLOW TAG,
B050L005,CPC,SOMA2,SIGHTS CALAUAN,1,,3,AMANI MID,40,36,"1,669,330.69",0,"1,669,330.69",Jul-27,0%,0%,Fallout,MEMO TERM,YELLOW TAG,
B050L037,CPC,SOMA2,SIGHTS CALAUAN,1,,3,AMANI MID,40,36,"1,669,330.69",0,"1,669,330.69",Oct-27,0%,0%,Fallout,MEMO TERM,YELLOW TAG,
B015L022,CPC,SOMA2,SIGHTS BAY,3,,3,AMANI MID,40,36,"1,710,080.26",0,"1,710,080.26",Jan-27,12%,12%,Fallout,MEMO TERM,YELLOW TAG,
B044L015,PPHI,SOMA2,CALAMBA WEST,1,A,3,CALISTA MID,44,40,"2,167,839.00",0,"2,167,839.00",Jan-27,17%,17%,Fallout,MEMO TERM,YELLOW TAG,
B045L071,PPHI,SOMA2,CALAMBA WEST,1,A,3,CALISTA END,77,40,"3,161,334.00",0,"3,161,334.00",Jan-27,0%,0%,Backout,SHOULD BE WITH SDP & RF UPON HOLDING,YELLOW TAG,
B046L029,PPHI,SOMA2,CALAMBA WEST,1,A,4,CALISTA MID,44,40,"2,167,839.00",0,"2,167,839.00",Apr-27,0%,0%,Fallout,MEMO TERM,YELLOW TAG,
B048L009,PPHI,SOMA2,CALAMBA WEST,1,A,5,CALISTA MID,44,40,"2,200,349.00",0,"2,200,349.00",Aug-27,0%,0%,Fallout,MEMO TERM,YELLOW TAG,
B048L028,PPHI,SOMA2,CALAMBA WEST,1,A,5,CALISTA MID,44,40,"2,200,349.00",0,"2,200,349.00",Jul-27,0%,0%,Fallout,MEMO TERM,YELLOW TAG,
B048L041,PPHI,SOMA2,CALAMBA WEST,1,A,5,CALISTA MID,44,40,"2,167,839.00",0,"2,167,839.00",Jul-27,0%,0%,Fallout,MEMO TERM,YELLOW TAG,
B017L008,PPHI,SOMA2,SAN PABLO EAST,1,,2,CALISTA MID,44,40,"1,909,801.34",0,"1,909,801.34",Feb-27,0%,0%,Fallout,MEMO TERM,YELLOW TAG,
B019L013,PPHI,SOMA2,SAN PABLO EAST,1,,2,CALISTA MID,48,40,"1,947,836.33",0,"1,947,836.33",Feb-27,0%,0%,Fallout,MEMO TERM,YELLOW TAG,
B020L021,PPHI,SOMA2,SAN PABLO EAST,1,,2,CALISTA MID,48,40,"1,977,364.16",0,"1,977,364.16",Mar-27,0%,0%,Fallout,MEMO TERM,YELLOW TAG,
B062L021,PPHI,SOMA2,TAYABAS,2,A,3,CALISTA MID,44,40,"1,837,093.00",0,"1,837,093.00",Feb-26,90%,80%,Fallout,RSBS WITHIN THE MONTH,RED TAG,
B064L059,PPHI,SOMA2,TAYABAS,2,A,4,CALISTA MID,44,40,"1,860,893.00",0,"1,860,893.00",Jul-26,80%,80%,Fallout,RSBS WITHIN THE MONTH,RED TAG,
B032L001,PPHI,SOMA2,CALAMBA WEST,1,B,1,CALISTA END CORNER,86,40,"3,460,146.00",0,"3,460,146.00",Jan-28,0%,0%,Fallout,MEMO TERM,YELLOW TAG,
B010L010,PPHI,NOMA2,MAGALANG EAST,1,A,3,CALISTA END,68,40,"2,763,751.00",,"2,763,751.00",Sep-27,0%,0%,OPEN,MEMO TERM,YELLOW TAG,
B010L012,PPHI,NOMA2,MAGALANG EAST,1,A,3,CALISTA MID,49,40,"2,427,589.00",,"2,427,589.00",Sep-27,0%,0%,OPEN,MEMO TERM,YELLOW TAG,
B010L013,PPHI,NOMA2,MAGALANG EAST,1,A,3,CALISTA MID,48,40,"2,406,048.00",,"2,406,048.00",Sep-27,0%,0%,OPEN,MEMO TERM,YELLOW TAG,
B010L014,PPHI,NOMA2,MAGALANG EAST,1,A,3,CALISTA MID,48,40,"2,406,048.00",,"2,406,048.00",Sep-27,0%,0%,OPEN,MEMO TERM,YELLOW TAG,
B010L015,PPHI,NOMA2,MAGALANG EAST,1,A,3,CALISTA MID,48,40,"2,406,048.00",,"2,406,048.00",Sep-27,0%,0%,OPEN,MEMO TERM,YELLOW TAG,
B010L016,PPHI,NOMA2,MAGALANG EAST,1,A,3,CALISTA END,67,40,"2,742,109.00",,"2,742,109.00",Sep-27,0%,0%,OPEN,MEMO TERM,YELLOW TAG,
B012L001,PPHI,NOMA2,MAGALANG EAST,1,A,3,CALISTA END CORNER,102,40,"3,641,318.00",,"3,641,318.00",Apr-27,0%,0%,OPEN,MEMO TERM,YELLOW TAG,
B012L002,PPHI,NOMA2,MAGALANG EAST,1,A,3,CALISTA MID,45,40,"2,364,192.00",,"2,364,192.00",Jul-27,0%,0%,OPEN,MEMO TERM,YELLOW TAG,
B012L003,PPHI,NOMA2,MAGALANG EAST,1,A,3,CALISTA MID,45,40,"2,364,192.00",,"2,364,192.00",Jul-27,0%,0%,OPEN,MEMO TERM,YELLOW TAG,
B012L004,PPHI,NOMA2,MAGALANG EAST,1,A,3,CALISTA MID,45,40,"2,364,192.00",,"2,364,192.00",Jul-27,0%,0%,OPEN,MEMO TERM,YELLOW TAG,
B012L005,PPHI,NOMA2,MAGALANG EAST,1,A,3,CALISTA MID,45,40,"2,364,192.00",,"2,364,192.00",Jul-27,0%,0%,OPEN,MEMO TERM,YELLOW TAG,
B012L006,PPHI,NOMA2,MAGALANG EAST,1,A,3,CALISTA MID,46,40,"2,386,025.00",,"2,386,025.00",Jul-27,0%,0%,OPEN,MEMO TERM,YELLOW TAG,
B012L007,PPHI,NOMA2,MAGALANG EAST,1,A,3,CALISTA MID,46,40,"2,386,025.00",,"2,386,025.00",Jul-27,0%,0%,OPEN,MEMO TERM,YELLOW TAG,
B012L008,PPHI,NOMA2,MAGALANG EAST,1,A,3,CALISTA END CORNER,94,40,"3,466,748.00",,"3,466,748.00",Jul-27,0%,0%,OPEN,MEMO TERM,YELLOW TAG,
B012L009,PPHI,NOMA2,MAGALANG EAST,1,A,3,CALISTA END CORNER,95,40,"3,488,582.00",,"3,488,582.00",Jul-27,0%,0%,OPEN,MEMO TERM,YELLOW TAG,
B012L010,PPHI,NOMA2,MAGALANG EAST,1,A,3,CALISTA MID,44,40,"2,342,358.00",,"2,342,358.00",Jun-27,0%,0%,OPEN,MEMO TERM,YELLOW TAG,
B012L011,PPHI,NOMA2,MAGALANG EAST,1,A,3,CALISTA MID,45,40,"2,364,192.00",,"2,364,192.00",Jun-27,0%,0%,OPEN,MEMO TERM,YELLOW TAG,
B012L012,PPHI,NOMA2,MAGALANG EAST,1,A,3,CALISTA MID,45,40,"2,364,192.00",,"2,364,192.00",Jun-27,0%,0%,OPEN,MEMO TERM,YELLOW TAG,
B012L013,PPHI,NOMA2,MAGALANG EAST,1,A,3,CALISTA MID,45,40,"2,364,192.00",,"2,364,192.00",Jun-27,0%,0%,OPEN,MEMO TERM,YELLOW TAG,
B012L014,PPHI,NOMA2,MAGALANG EAST,1,A,3,CALISTA MID,45,40,"2,364,192.00",,"2,364,192.00",Jun-27,0%,0%,OPEN,MEMO TERM,YELLOW TAG,
B012L016,PPHI,NOMA2,MAGALANG EAST,1,A,3,CALISTA END CORNER,98,40,"3,553,983.00",,"3,553,983.00",Jun-27,0%,0%,OPEN,MEMO TERM,YELLOW TAG,
B019L001,PPHI,NOMA2,MAGALANG EAST,1,A,3,CALISTA END,152,40,"4,488,793.00",,"4,488,793.00",LOI,0%,0%,OPEN,MEMO TERM,YELLOW TAG,
B019L002,PPHI,NOMA2,MAGALANG EAST,1,A,3,CALISTA MID,47,40,"2,337,703.00",,"2,337,703.00",May-27,0%,0%,OPEN,MEMO TERM,YELLOW TAG,
B019L003,PPHI,NOMA2,MAGALANG EAST,1,A,3,CALISTA MID,47,40,"2,337,703.00",,"2,337,703.00",May-27,0%,0%,OPEN,MEMO TERM,YELLOW TAG,
B019L004,PPHI,NOMA2,MAGALANG EAST,1,A,3,CALISTA MID,46,40,"2,316,447.00",,"2,316,447.00",May-27,0%,0%,OPEN,MEMO TERM,YELLOW TAG,
B019L006,PPHI,NOMA2,MAGALANG EAST,1,A,3,CALISTA MID,47,40,"2,337,703.00",,"2,337,703.00",May-27,0%,0%,OPEN,MEMO TERM,YELLOW TAG,
B019L007,PPHI,NOMA2,MAGALANG EAST,1,A,3,CALISTA MID,46,40,"2,316,447.00",,"2,316,447.00",May-27,0%,0%,OPEN,MEMO TERM,YELLOW TAG,
B019L008,PPHI,NOMA2,MAGALANG EAST,1,A,3,CALISTA MID,47,40,"2,337,703.00",,"2,337,703.00",May-27,0%,0%,OPEN,MEMO TERM,YELLOW TAG,
B019L009,PPHI,NOMA2,MAGALANG EAST,1,A,3,CALISTA MID,50,40,"2,401,171.00",,"2,401,171.00",May-27,0%,0%,OPEN,MEMO TERM,YELLOW TAG,
B019L010,PPHI,NOMA2,MAGALANG EAST,1,A,3,CALISTA MID,53,40,"2,464,739.00",,"2,464,739.00",May-27,0%,0%,OPEN,MEMO TERM,YELLOW TAG,
B019L011,PPHI,NOMA2,MAGALANG EAST,1,A,3,CALISTA MID,57,40,"2,549,463.00",,"2,549,463.00",May-27,0%,0%,OPEN,MEMO TERM,YELLOW TAG,
B019L012,PPHI,NOMA2,MAGALANG EAST,1,A,3,CALISTA END,83,40,"3,027,326.00",,"3,027,326.00",May-27,0%,0%,OPEN,MEMO TERM,YELLOW TAG,
B019L013,PPHI,NOMA2,MAGALANG EAST,1,A,3,CALISTA END,85,40,"3,069,638",,"3,069,638",May-27,0%,0%,OPEN,MEMO TERM,YELLOW TAG,
B019L014,PPHI,NOMA2,MAGALANG EAST,1,A,3,CALISTA MID,59,40,"2,591,875",,"2,591,875",May-27,0%,0%,OPEN,MEMO TERM,YELLOW TAG,
B019L015,PPHI,NOMA2,MAGALANG EAST,1,A,3,CALISTA MID,57,40,"2,549,463",,"2,549,463",May-27,0%,0%,OPEN,MEMO TERM,YELLOW TAG,
B019L016,PPHI,NOMA2,MAGALANG EAST,1,A,3,CALISTA MID,55,40,"2,507,151",,"2,507,151",May-27,0%,0%,OPEN,MEMO TERM,YELLOW TAG,
B019L017,PPHI,NOMA2,MAGALANG EAST,1,A,3,CALISTA MID,53,40,"2,464,739",,"2,464,739",May-27,0%,0%,OPEN,MEMO TERM,YELLOW TAG,
B019L018,PPHI,NOMA2,MAGALANG EAST,1,A,3,CALISTA MID,51,40,"2,422,427",,"2,422,427",May-27,0%,0%,OPEN,MEMO TERM,YELLOW TAG,
B019L019,PPHI,NOMA2,MAGALANG EAST,1,A,3,CALISTA MID,48,40,"2,358,859",,"2,358,859",May-27,0%,0%,OPEN,MEMO TERM,YELLOW TAG,
B019L020,PPHI,NOMA2,MAGALANG EAST,1,A,3,CALISTA END,63,40,"2,603,705",,"2,603,705",May-27,0%,0%,OPEN,MEMO TERM,YELLOW TAG,
B021L010,PPHI,NOMA2,MAGALANG EAST,1,A,3,CALISTA MID,44,40,"2,342,358",,"2,342,358",Sep-27,12%,12%,OPEN,MEMO TERM,YELLOW TAG,
B021L011,PPHI,NOMA2,MAGALANG EAST,1,A,3,CALISTA MID,44,40,"2,342,358",,"2,342,358",Sep-27,12%,12%,OPEN,MEMO TERM,YELLOW TAG,
B021L012,PPHI,NOMA2,MAGALANG EAST,1,A,3,CALISTA MID,44,40,"2,342,358",,"2,342,358",Sep-27,12%,12%,OPEN,MEMO TERM,YELLOW TAG,
B021L013,PPHI,NOMA2,MAGALANG EAST,1,A,3,CALISTA MID,44,40,"2,342,358",,"2,342,358",Sep-27,12%,12%,OPEN,MEMO TERM,YELLOW TAG,
B021L014,PPHI,NOMA2,MAGALANG EAST,1,A,3,CALISTA MID,44,40,"2,342,358",,"2,342,358",Sep-27,12%,12%,OPEN,MEMO TERM,YELLOW TAG,
B021L015,PPHI,NOMA2,MAGALANG EAST,1,A,3,CALISTA MID,44,40,"2,342,358",,"2,342,358",Sep-27,12%,12%,OPEN,MEMO TERM,YELLOW TAG,
B021L016,PPHI,NOMA2,MAGALANG EAST,1,A,3,CALISTA MID,44,40,"2,342,358",,"2,342,358",Sep-27,12%,12%,OPEN,MEMO TERM,YELLOW TAG,
B021L018,PPHI,NOMA2,MAGALANG EAST,1,A,3,CALISTA END CORNER,95,40,"3,488,582",,"3,488,582",Sep-27,12%,12%,OPEN,MEMO TERM,YELLOW TAG,
B021L019,PPHI,NOMA2,MAGALANG EAST,1,A,3,CALISTA END CORNER,96,40,"3,510,416",,"3,510,416",Sep-27,12%,12%,OPEN,MEMO TERM,YELLOW TAG,
B021L020,PPHI,NOMA2,MAGALANG EAST,1,A,3,CALISTA MID,44,40,"2,342,358",,"2,342,358",Aug-27,12%,12%,OPEN,MEMO TERM,YELLOW TAG,
B021L021,PPHI,NOMA2,MAGALANG EAST,1,A,3,CALISTA MID,44,40,"2,342,358.00",,"2,342,358",Aug-27,12%,12%,OPEN,MEMO TERM,YELLOW TAG,
B021L022,PPHI,NOMA2,MAGALANG EAST,1,A,3,CALISTA MID,44,40,"2,342,358",,"2,342,358",Aug-27,12%,12%,OPEN,MEMO TERM,YELLOW TAG,
B021L023,PPHI,NOMA2,MAGALANG EAST,1,A,3,CALISTA MID,44,40,"2,342,358",,"2,342,358",Aug-27,12%,12%,OPEN,MEMO TERM,YELLOW TAG,
B021L024,PPHI,NOMA2,MAGALANG EAST,1,A,3,CALISTA MID,44,40,"2,342,358",,"2,342,358",Aug-27,12%,12%,OPEN,MEMO TERM,YELLOW TAG,
B021L025,PPHI,NOMA2,MAGALANG EAST,1,A,3,CALISTA MID,44,40,"2,342,358.00",,"2,342,358",Aug-27,12%,12%,OPEN,MEMO TERM,YELLOW TAG,
B021L026,PPHI,NOMA2,MAGALANG EAST,1,A,3,CALISTA MID,44,40,"2,342,358",,"2,342,358",Aug-27,12%,12%,OPEN,MEMO TERM,YELLOW TAG,
B021L027,PPHI,NOMA2,MAGALANG EAST,1,A,3,CALISTA MID,44,40,"2,342,358",,"2,342,358",Aug-27,12%,12%,OPEN,MEMO TERM,YELLOW TAG,
B021L028,PPHI,NOMA2,MAGALANG EAST,1,A,3,CALISTA END,61,40,"2,627,063",,"2,627,063",Aug-27,12%,12%,OPEN,MEMO TERM,YELLOW TAG,
B022L009,PPHI,NOMA2,MAGALANG EAST,1,A,3,CALISTA END,66,40,"2,747,049",,"2,747,049",Aug-27,60%,60%,OPEN,MEMO TERM,YELLOW TAG,
B022L010,PPHI,NOMA2,MAGALANG EAST,1,A,3,CALISTA MID,44,40,"2,342,358",,"2,342,358",Aug-27,60%,60%,OPEN,MEMO TERM,YELLOW TAG,
B022L011,PPHI,NOMA2,MAGALANG EAST,1,A,3,CALISTA MID,44,40,"2,342,358",,"2,342,358",Aug-27,60%,60%,OPEN,MEMO TERM,YELLOW TAG,
B022L012,PPHI,NOMA2,MAGALANG EAST,1,A,3,CALISTA MID,44,40,"2,342,358",,"2,342,358",Aug-27,60%,60%,OPEN,MEMO TERM,YELLOW TAG,
B022L013,PPHI,NOMA2,MAGALANG EAST,1,A,3,CALISTA MID,44,40,"2,342,358",,"2,342,358",Aug-27,60%,60%,OPEN,MEMO TERM,YELLOW TAG,
B022L014,PPHI,NOMA2,MAGALANG EAST,1,A,3,CALISTA MID,44,40,"2,342,358",,"2,342,358",Aug-27,60%,60%,OPEN,MEMO TERM,YELLOW TAG,
B022L015,PPHI,NOMA2,MAGALANG EAST,1,A,3,CALISTA MID,44,40,"2,342,358",,"2,342,358",Aug-27,60%,60%,OPEN,MEMO TERM,YELLOW TAG,
B022L016,PPHI,NOMA2,MAGALANG EAST,1,A,3,CALISTA MID,44,40,"2,342,358",,"2,342,358",Aug-27,60%,60%,OPEN,MEMO TERM,YELLOW TAG,
B022L017,PPHI,NOMA2,MAGALANG EAST,1,A,3,CALISTA MID,44,40,"2,342,358",,"2,342,358",Aug-27,60%,60%,OPEN,MEMO TERM,YELLOW TAG,
B022L018,PPHI,NOMA2,MAGALANG EAST,1,A,3,CALISTA END CORNER,95,40,"3,488,582.00",,"3,488,582",Aug-27,60%,60%,OPEN,MEMO TERM,YELLOW TAG,
B022L019,PPHI,NOMA2,MAGALANG EAST,1,A,3,CALISTA END CORNER,96,40,"3,510,416",,"3,510,416",Aug-27,12%,12%,OPEN,MEMO TERM,YELLOW TAG,
B022L020,PPHI,NOMA2,MAGALANG EAST,1,A,3,CALISTA MID,44,40,"2,410,581",,"2,410,581",Aug-27,12%,12%,OPEN,MEMO TERM,YELLOW TAG,
B022L021,PPHI,NOMA2,MAGALANG EAST,1,A,3,CALISTA MID,44,40,"2,410,581",,"2,410,581",Aug-27,12%,12%,OPEN,MEMO TERM,YELLOW TAG,
B022L022,PPHI,NOMA2,MAGALANG EAST,1,A,3,CALISTA MID,44,40,"2,342,358.00",,"2,342,358",Aug-27,12%,12%,OPEN,MEMO TERM,YELLOW TAG,
B022L023,PPHI,NOMA2,MAGALANG EAST,1,A,3,CALISTA MID,44,40,"2,342,358",,"2,342,358",Aug-27,12%,12%,OPEN,MEMO TERM,YELLOW TAG,
B022L024,PPHI,NOMA2,MAGALANG EAST,1,A,3,CALISTA MID,44,40,"2,342,358",,"2,342,358",Aug-27,12%,12%,OPEN,MEMO TERM,YELLOW TAG,
B022L025,PPHI,NOMA2,MAGALANG EAST,1,A,3,CALISTA MID,44,40,"2,342,358",,"2,342,358",Aug-27,12%,12%,OPEN,MEMO TERM,YELLOW TAG,
B022L026,PPHI,NOMA2,MAGALANG EAST,1,A,3,CALISTA MID,44,40,"2,342,358",,"2,342,358",Aug-27,12%,12%,OPEN,MEMO TERM,YELLOW TAG,
B022L027,PPHI,NOMA2,MAGALANG EAST,1,A,3,CALISTA MID,44,40,"2,342,358",,"2,342,358",Aug-27,12%,12%,OPEN,MEMO TERM,YELLOW TAG,
B022L028,PPHI,NOMA2,MAGALANG EAST,1,A,3,CALISTA END,66,40,"2,747,049",,"2,747,049",Aug-27,12%,12%,OPEN,MEMO TERM,YELLOW TAG,
B023L012,PPHI,NOMA2,MAGALANG EAST,1,A,3,CALISTA MID,44,40,"2,342,358",,"2,342,358",Jul-27,12%,12%,OPEN,MEMO TERM,YELLOW TAG,
B023L013,PPHI,NOMA2,MAGALANG EAST,1,A,3,CALISTA MID,44,40,"2,342,358",,"2,342,358",Jul-27,12%,12%,OPEN,MEMO TERM,YELLOW TAG,
B023L014,PPHI,NOMA2,MAGALANG EAST,1,A,3,CALISTA MID,44,40,"2,342,358",,"2,342,358",Jul-27,12%,12%,OPEN,MEMO TERM,YELLOW TAG,
B023L015,PPHI,NOMA2,MAGALANG EAST,1,A,3,CALISTA MID,44,40,"2,342,358",,"2,342,358",Jul-27,12%,12%,OPEN,MEMO TERM,YELLOW TAG,
B023L016,PPHI,NOMA2,MAGALANG EAST,1,A,3,CALISTA MID,44,40,"2,342,358",,"2,342,358",Jul-27,12%,12%,OPEN,MEMO TERM,YELLOW TAG,
B023L017,PPHI,NOMA2,MAGALANG EAST,1,A,3,CALISTA MID,44,40,"2,342,358",,"2,342,358",Jul-27,12%,12%,OPEN,MEMO TERM,YELLOW TAG,
B023L018,PPHI,NOMA2,MAGALANG EAST,1,A,3,CALISTA MID,44,40,"2,342,358",,"2,342,358",Jul-27,12%,12%,OPEN,MEMO TERM,YELLOW TAG,
B023L019,PPHI,NOMA2,MAGALANG EAST,1,A,3,CALISTA MID,44,40,"2,342,358",,"2,342,358",Jul-27,12%,12%,OPEN,MEMO TERM,YELLOW TAG,
B023L020,PPHI,NOMA2,MAGALANG EAST,1,A,3,CALISTA END CORNER,98,40,"3,553,983",,"3,553,983",Jul-27,12%,12%,OPEN,MEMO TERM,YELLOW TAG,
B023L021,PPHI,NOMA2,MAGALANG EAST,1,A,3,CALISTA END CORNER,99,40,"3,505,776",,"3,505,776",Jul-27,12%,12%,OPEN,MEMO TERM,YELLOW TAG,
B023L022,PPHI,NOMA2,MAGALANG EAST,1,A,3,CALISTA MID,44,40,"2,296,404",,"2,296,404",Jul-27,12%,12%,OPEN,MEMO TERM,YELLOW TAG,
B023L023,PPHI,NOMA2,MAGALANG EAST,1,A,3,CALISTA MID,44,40,"2,296,404",,"2,296,404",Jul-27,12%,12%,OPEN,MEMO TERM,YELLOW TAG,
B023L024,PPHI,NOMA2,MAGALANG EAST,1,A,3,CALISTA MID,44,40,"2,296,404",,"2,296,404",Jul-27,12%,12%,OPEN,MEMO TERM,YELLOW TAG,
B023L025,PPHI,NOMA2,MAGALANG EAST,1,A,3,CALISTA MID,44,40,"2,296,404",,"2,296,404",Jul-27,12%,12%,OPEN,MEMO TERM,YELLOW TAG,
B023L026,PPHI,NOMA2,MAGALANG EAST,1,A,3,CALISTA MID,44,40,"2,296,404",,"2,296,404",Jul-27,12%,12%,OPEN,MEMO TERM,YELLOW TAG,
B023L027,PPHI,NOMA2,MAGALANG EAST,1,A,3,CALISTA MID,44,40,"2,296,404",,"2,296,404",Jul-27,12%,12%,OPEN,MEMO TERM,YELLOW TAG,
B023L028,PPHI,NOMA2,MAGALANG EAST,1,A,3,CALISTA MID,44,40,"2,296,404",,"2,296,404",Jul-27,12%,12%,OPEN,MEMO TERM,YELLOW TAG,
B023L029,PPHI,NOMA2,MAGALANG EAST,1,A,3,CALISTA MID,44,40,"2,296,404",,"2,296,404",Jul-27,12%,12%,OPEN,MEMO TERM,YELLOW TAG,
B024L011,PPHI,NOMA2,MAGALANG EAST,1,A,3,CALISTA END,66,40,"2,693,181",,"2,693,181",Apr-27,12%,12%,OPEN,MEMO TERM,YELLOW TAG,
B024L012,PPHI,NOMA2,MAGALANG EAST,1,A,3,CALISTA MID,44,40,"2,296,404",,"2,296,404",Apr-27,12%,12%,OPEN,MEMO TERM,YELLOW TAG,
B024L013,PPHI,NOMA2,MAGALANG EAST,1,A,3,CALISTA MID,44,40,"2,296,404",,"2,296,404",Apr-27,12%,12%,OPEN,MEMO TERM,YELLOW TAG,
B024L014,PPHI,NOMA2,MAGALANG EAST,1,A,3,CALISTA MID,44,40,"2,296,404",,"2,296,404",Apr-27,12%,12%,OPEN,MEMO TERM,YELLOW TAG,
B024L015,PPHI,NOMA2,MAGALANG EAST,1,A,3,CALISTA MID,44,40,"2,296,404",,"2,296,404",Apr-27,12%,12%,OPEN,MEMO TERM,YELLOW TAG,
B024L016,PPHI,NOMA2,MAGALANG EAST,1,A,3,CALISTA MID,44,40,"2,296,404",,"2,296,404",Apr-27,12%,12%,OPEN,MEMO TERM,YELLOW TAG,
B024L017,PPHI,NOMA2,MAGALANG EAST,1,A,3,CALISTA MID,44,40,"2,296,404",,"2,296,404",Apr-27,12%,12%,OPEN,MEMO TERM,YELLOW TAG,
B024L018,PPHI,NOMA2,MAGALANG EAST,1,A,3,CALISTA MID,44,40,"2,296,404",,"2,296,404",Apr-27,12%,12%,OPEN,MEMO TERM,YELLOW TAG,
B024L019,PPHI,NOMA2,MAGALANG EAST,1,A,3,CALISTA MID,44,40,"2,296,404",,"2,296,404",Apr-27,12%,12%,OPEN,MEMO TERM,YELLOW TAG,
B024L020,PPHI,NOMA2,MAGALANG EAST,1,A,3,CALISTA END CORNER,96,40,"3,441,541",,"3,441,541",Apr-27,12%,12%,OPEN,MEMO TERM,YELLOW TAG,
B024L021,PPHI,NOMA2,MAGALANG EAST,1,A,3,CALISTA END CORNER,97,40,"3,462,986",,"3,462,986",Apr-27,12%,12%,OPEN,MEMO TERM,YELLOW TAG,
B024L022,PPHI,NOMA2,MAGALANG EAST,1,A,3,CALISTA MID,44,40,"2,296,404",,"2,296,404",Apr-27,12%,12%,OPEN,MEMO TERM,YELLOW TAG,
B024L023,PPHI,NOMA2,MAGALANG EAST,1,A,3,CALISTA MID,44,40,"2,296,404",,"2,296,404",Apr-27,12%,12%,OPEN,MEMO TERM,YELLOW TAG,
B024L024,PPHI,NOMA2,MAGALANG EAST,1,A,3,CALISTA MID,44,40,"2,296,404",,"2,296,404",Apr-27,12%,12%,OPEN,MEMO TERM,YELLOW TAG,
B024L025,PPHI,NOMA2,MAGALANG EAST,1,A,3,CALISTA MID,44,40,"2,296,404",,"2,296,404",Apr-27,12%,12%,OPEN,MEMO TERM,YELLOW TAG,
B024L026,PPHI,NOMA2,MAGALANG EAST,1,A,3,CALISTA MID,44,40,"2,296,404",,"2,296,404",Apr-27,12%,12%,OPEN,MEMO TERM,YELLOW TAG,
B024L027,PPHI,NOMA2,MAGALANG EAST,1,A,3,CALISTA MID,44,40,"2,296,404",,"2,296,404",Apr-27,12%,12%,OPEN,MEMO TERM,YELLOW TAG,
B024L028,PPHI,NOMA2,MAGALANG EAST,1,A,3,CALISTA MID,44,40,"2,296,404",,"2,296,404",Apr-27,12%,12%,OPEN,MEMO TERM,YELLOW TAG,
B024L029,PPHI,NOMA2,MAGALANG EAST,1,A,3,CALISTA MID,44,40,"2,296,404",,"2,296,404",Apr-27,12%,12%,OPEN,MEMO TERM,YELLOW TAG,
B024L030,PPHI,NOMA2,MAGALANG EAST,1,A,3,CALISTA END,66,40,"2,693,181",,"2,693,181",Apr-27,12%,12%,OPEN,MEMO TERM,YELLOW TAG,
B025L011,PPHI,NOMA2,MAGALANG EAST,1,A,3,CALISTA END,66,40,"2,693,181",,"2,693,181",Apr-27,12%,12%,OPEN,MEMO TERM,YELLOW TAG,
B025L012,PPHI,NOMA2,MAGALANG EAST,1,A,3,CALISTA MID,44,40,"2,296,404",,"2,296,404",Apr-27,12%,12%,OPEN,MEMO TERM,YELLOW TAG,
B025L013,PPHI,NOMA2,MAGALANG EAST,1,A,3,CALISTA MID,44,40,"2,296,404",,"2,296,404",Apr-27,12%,12%,OPEN,MEMO TERM,YELLOW TAG,
B025L014,PPHI,NOMA2,MAGALANG EAST,1,A,3,CALISTA MID,44,40,"2,296,404",,"2,296,404",Apr-27,12%,12%,OPEN,MEMO TERM,YELLOW TAG,
B025L015,PPHI,NOMA2,MAGALANG EAST,1,A,3,CALISTA MID,44,40,"2,296,404",,"2,296,404",Apr-27,12%,12%,OPEN,MEMO TERM,YELLOW TAG,
B025L016,PPHI,NOMA2,MAGALANG EAST,1,A,3,CALISTA MID,44,40,"2,296,404",,"2,296,404",Apr-27,12%,12%,OPEN,MEMO TERM,YELLOW TAG,
B025L017,PPHI,NOMA2,MAGALANG EAST,1,A,3,CALISTA MID,44,40,"2,296,404",,"2,296,404",Apr-27,12%,12%,OPEN,MEMO TERM,YELLOW TAG,
B025L018,PPHI,NOMA2,MAGALANG EAST,1,A,3,CALISTA MID,44,40,"2,296,404",,"2,296,404",Apr-27,12%,12%,OPEN,MEMO TERM,YELLOW TAG,
B025L019,PPHI,NOMA2,MAGALANG EAST,1,A,3,CALISTA MID,44,40,"2,296,404.00",,"2,296,404",Apr-27,12%,12%,OPEN,MEMO TERM,YELLOW TAG,
B025L020,PPHI,NOMA2,MAGALANG EAST,1,A,3,CALISTA END CORNER,96,40,"3,441,541.00",,"3,441,541",Apr-27,12%,12%,OPEN,MEMO TERM,YELLOW TAG,
B025L021,PPHI,NOMA2,MAGALANG EAST,1,A,3,CALISTA END CORNER,97,40,"3,462,986",,"3,462,986",Apr-27,12%,12%,OPEN,MEMO TERM,YELLOW TAG,
B025L022,PPHI,NOMA2,MAGALANG EAST,1,A,3,CALISTA MID,44,40,"2,296,404",,"2,296,404",May-27,12%,12%,OPEN,MEMO TERM,YELLOW TAG,
B025L023,PPHI,NOMA2,MAGALANG EAST,1,A,3,CALISTA MID,44,40,"2,296,404",,"2,296,404",May-27,12%,12%,OPEN,MEMO TERM,YELLOW TAG,
B025L024,PPHI,NOMA2,MAGALANG EAST,1,A,3,CALISTA MID,44,40,"2,296,404",,"2,296,404",May-27,12%,12%,OPEN,MEMO TERM,YELLOW TAG,
B025L025,PPHI,NOMA2,MAGALANG EAST,1,A,3,CALISTA MID,44,40,"2,296,404",,"2,296,404",May-27,12%,12%,OPEN,MEMO TERM,YELLOW TAG,
B025L026,PPHI,NOMA2,MAGALANG EAST,1,A,3,CALISTA MID,44,40,"2,296,404",,"2,296,404",May-27,12%,12%,OPEN,MEMO TERM,YELLOW TAG,
B025L027,PPHI,NOMA2,MAGALANG EAST,1,A,3,CALISTA MID,44,40,"2,296,404",,"2,296,404",May-27,12%,12%,OPEN,MEMO TERM,YELLOW TAG,
B025L029,PPHI,NOMA2,MAGALANG EAST,1,A,3,CALISTA MID,44,40,"2,296,404",,"2,296,404",May-27,12%,12%,OPEN,MEMO TERM,YELLOW TAG,
B026L001,PPHI,NOMA2,MAGALANG EAST,1,A,3,CALISTA END CORNER,106,40,"4,187,333",,"4,187,333",Jun-27,0%,0%,OPEN,MEMO TERM,YELLOW TAG,
B026L002,PPHI,NOMA2,MAGALANG EAST,1,A,3,CALISTA MID,48,40,"2,730,840",,"2,730,840",Jun-27,0%,0%,OPEN,MEMO TERM,YELLOW TAG,
B026L003,PPHI,NOMA2,MAGALANG EAST,1,A,3,CALISTA MID,48,40,"2,730,840",,"2,730,840",Jun-27,0%,0%,OPEN,MEMO TERM,YELLOW TAG,
B026L004,PPHI,NOMA2,MAGALANG EAST,1,A,3,CALISTA MID,48,40,"2,730,840",,"2,730,840",Jun-27,0%,0%,OPEN,MEMO TERM,YELLOW TAG,
B026L005,PPHI,NOMA2,MAGALANG EAST,1,A,3,CALISTA MID,48,40,"2,730,840",,"2,730,840",Jun-27,0%,0%,OPEN,MEMO TERM,YELLOW TAG,
B026L006,PPHI,NOMA2,MAGALANG EAST,1,A,3,CALISTA END,66,40,"3,085,698",,"3,085,698",Jun-27,0%,0%,OPEN,MEMO TERM,YELLOW TAG,
B026L007,PPHI,NOMA2,MAGALANG EAST,1,A,3,CALISTA END,66,40,"3,085,698",,"3,085,698",Jun-27,0%,0%,OPEN,MEMO TERM,YELLOW TAG,
B026L008,PPHI,NOMA2,MAGALANG EAST,1,A,3,CALISTA MID,48,40,"2,730,840",,"2,730,840",Jun-27,0%,0%,OPEN,MEMO TERM,YELLOW TAG,
B026L009,PPHI,NOMA2,MAGALANG EAST,1,A,3,CALISTA MID,48,40,"2,730,840",,"2,730,840",Jun-27,0%,0%,OPEN,MEMO TERM,YELLOW TAG,
B026L010,PPHI,NOMA2,MAGALANG EAST,1,A,3,CALISTA END,66,40,"3,085,698",,"3,085,698",Jun-27,0%,0%,OPEN,MEMO TERM,YELLOW TAG,
B026L011,PPHI,NOMA2,MAGALANG EAST,1,A,3,CALISTA END,66,40,"3,085,698",,"3,085,698",Jun-27,0%,0%,OPEN,MEMO TERM,YELLOW TAG,
B026L012,PPHI,NOMA2,MAGALANG EAST,1,A,3,CALISTA END,78,40,"3,379,911",,"3,379,911",Jun-27,0%,0%,OPEN,MEMO TERM,YELLOW TAG,
B026L013,PPHI,NOMA2,MAGALANG EAST,1,A,3,CALISTA END,67,40,"3,110,191",,"3,110,191",Jun-27,0%,0%,OPEN,MEMO TERM,YELLOW TAG,
B026L014,PPHI,NOMA2,MAGALANG EAST,1,A,3,CALISTA END,66,40,"3,085,698",,"3,085,698",Jun-27,0%,0%,OPEN,MEMO TERM,YELLOW TAG,
B026L015,PPHI,NOMA2,MAGALANG EAST,1,A,3,CALISTA END,66,40,"3,085,698",,"3,085,698",Jun-27,0%,0%,OPEN,MEMO TERM,YELLOW TAG,
B026L016,PPHI,NOMA2,MAGALANG EAST,1,A,3,CALISTA MID,48,40,"2,730,840",,"2,730,840",Jun-27,0%,0%,OPEN,MEMO TERM,YELLOW TAG,
B026L017,PPHI,NOMA2,MAGALANG EAST,1,A,3,CALISTA MID,48,40,"2,730,840",,"2,730,840",Jun-27,0%,0%,OPEN,MEMO TERM,YELLOW TAG,
B026L018,PPHI,NOMA2,MAGALANG EAST,1,A,3,CALISTA MID,48,40,"2,730,840",,"2,730,840",Jun-27,0%,0%,OPEN,MEMO TERM,YELLOW TAG,
B026L019,PPHI,NOMA2,MAGALANG EAST,1,A,3,CALISTA MID,48,40,"2,730,840",,"2,730,840",Jun-27,0%,0%,OPEN,MEMO TERM,YELLOW TAG,
B026L020,PPHI,NOMA2,MAGALANG EAST,1,A,3,CALISTA END,66,40,"3,085,698",,"3,085,698",Jun-27,0%,0%,OPEN,MEMO TERM,YELLOW TAG,
B026L021,PPHI,NOMA2,MAGALANG EAST,1,A,3,CALISTA END,66,40,"3,085,698",,"3,085,698",Jun-27,0%,0%,OPEN,MEMO TERM,YELLOW TAG,
B026L022,PPHI,NOMA2,MAGALANG EAST,1,A,3,CALISTA MID,48,40,"2,730,840",,"2,730,840",Jun-27,0%,0%,OPEN,MEMO TERM,YELLOW TAG,
B026L023,PPHI,NOMA2,MAGALANG EAST,1,A,3,CALISTA MID,48,40,"2,730,840",,"2,730,840",Jun-27,0%,0%,OPEN,MEMO TERM,YELLOW TAG,
B026L024,PPHI,NOMA2,MAGALANG EAST,1,A,3,CALISTA END CORNER,107,40,"4,211,925",,"4,211,925",Jun-27,0%,0%,OPEN,MEMO TERM,YELLOW TAG,
B003L014,PPHI,SOMA2,MAGALANG EAST,1,B,1,UNNA REGULAR,99,54,"4,345,903","434,593.23","3,911,310",Nov-27,0%,0%,Fallout,MEMO TERM,YELLOW TAG,
B004L010,PPHI,SOMA2,MAGALANG EAST,1,B,1,UNNA REGULAR,92,54,"3,666,018",-,"3,666,018",Nov-27,0%,0%,CANCELLED,RSBS SAME DAY,YELLOW TAG,
B010L003,PPHI,SOMA2,MAGALANG EAST,1,A,2,CALISTA MID,44,40,"2,165,713",,"2,165,713",Sep-27,0%,0%,Fallout,MEMO TERM,YELLOW TAG,
B010L004,PPHI,SOMA2,MAGALANG EAST,1,A,2,CALISTA MID,44,40,"2,165,713",,"2,165,713",Sep-27,0%,0%,Fallout,MEMO TERM,YELLOW TAG,
B020L009,PPHI,SOMA2,MAGALANG EAST,1,A,2,CALISTA MID,44,40,"2,247,030",,"2,247,030",Apr-27,0%,0%,Fallout,MEMO TERM,YELLOW TAG,
B020L013,PPHI,SOMA2,MAGALANG EAST,1,A,2,CALISTA MID,44,40,"2,247,030",,"2,247,030",Apr-27,0%,0%,Fallout,MEMO TERM,YELLOW TAG,
B020L015,PPHI,SOMA2,MAGALANG EAST,1,A,2,CALISTA MID,44,40,"2,186,042",,"2,186,042",Apr-27,0%,0%,Fallout,MEMO TERM,YELLOW TAG,
B020L019,PPHI,SOMA2,MAGALANG EAST,1,A,2,CALISTA MID,44,40,"2,186,042",,"2,186,042",Apr-27,0%,0%,Fallout,MEMO TERM,YELLOW TAG,
B020L033,PPHI,SOMA2,MAGALANG EAST,1,A,2,CALISTA MID,44,40,"2,033,523",,"2,033,523",Mar-27,12%,12%,Fallout,MEMO TERM,YELLOW TAG,
B020L036,PPHI,SOMA2,MAGALANG EAST,1,A,2,CALISTA MID,44,40,"2,033,523",,"2,033,523",Mar-27,12%,12%,Fallout,MEMO TERM,YELLOW TAG,
B020L048,PPHI,SOMA2,MAGALANG EAST,1,A,2,CALISTA MID,44,40,"2,033,523",,"2,033,523",Mar-27,12%,12%,Fallout,MEMO TERM,YELLOW TAG,
B020L052,PPHI,SOMA2,MAGALANG EAST,1,A,2,CALISTA MID,44,40,"2,033,523",,"2,033,523",Apr-27,12%,12%,Fallout,MEMO TERM,YELLOW TAG,
B023L002,PPHI,SOMA2,MAGALANG EAST,1,A,1,CALISTA MID,44,40,"1,993,603",,"1,993,603",Feb-27,60%,60%,Fallout,MEMO TERM,RED TAG,
B023L009,PPHI,SOMA2,MAGALANG EAST,1,A,1,CALISTA MID,44,40,"1,993,603",,"1,993,603",Feb-27,60%,60%,Fallout,MEMO TERM,RED TAG,
B024L005,PPHI,SOMA2,MAGALANG EAST,1,A,1,CALISTA MID,44,40,"1,993,603",,"1,993,603",Jan-27,60%,60%,Fallout,MEMO TERM,RED TAG,
B025L001,PPHI,SOMA2,MAGALANG EAST,1,A,1,CALISTA END CORNER,95,40,"3,065,163",,"3,065,163",Jan-27,60%,60%,CANCELLED,RSBS SAME DAY,RED TAG,
B025L008,PPHI,SOMA2,MAGALANG EAST,1,A,1,CALISTA MID,44,40,"2,053,483",,"2,053,483",Jan-27,60%,60%,Fallout,MEMO TERM,RED TAG,
B025L035,PPHI,SOMA2,MAGALANG EAST,1,A,1,CALISTA MID,44,40,"2,053,483",,"2,053,483",Jan-27,60%,60%,Fallout,MEMO TERM,RED TAG,
B001L011,PPHI,SOMA2,MAGALANG EAST,1,B,2,UNNA REGULAR,118,54,"4,909,672","490,968.48","4,418,704",Jan-28,0%,0%,Fallout,MEMO TERM,YELLOW TAG,
B001L038,PPHI,SOMA2,MAGALANG EAST,1,B,2,UNNA CORNER,149,54,"5,607,500","560,753.60","5,046,747",Jan-28,0%,0%,Fallout,MEMO TERM,YELLOW TAG,
B002L001,PPHI,SOMA2,MAGALANG EAST,1,B,2,UNNA REGULAR,152,54,"5,562,274","556,229.37","5,006,045",Jan-28,0%,0%,Fallout,MEMO TERM,YELLOW TAG,
B016L004,PPHI,SOMA2,MAGALANG EAST,1,C,1,UNNA REGULAR,88,54,"3,369,018",-,"3,369,018",Feb-28,0%,0%,Fallout,MEMO TERM,YELLOW TAG,
B016L006,PPHI,SOMA2,MAGALANG EAST,1,C,1,UNNA REGULAR,88,54,"3,369,018",-,"3,369,018",Feb-28,0%,0%,Fallout,MEMO TERM,YELLOW TAG,
,,,,,,,,,,,,,,,,,,,
,,,,,,,,,,,,,,,,,,,
,,,,,,,,,,,,,,,,,,,
,,,,,,,,,,,,,,,,,,,
,,,,,,,,,,,,,,,,,,,
,,,,,,,,,,,,,,,,,,,
,,,,,,,,,,,,,,,,,,,
,,,,,,,,,,,,,,,,,,,
,,,,,,,,,,,,,,,,,,,
,,,,,,,,,,,,,,,,,,,
,,,,,,,,,,,,,,,,,,,
,,,,,,,,,,,,,,,,,,,
,,,,,,,,,,,,,,,,,,,
,,,,,,,,,,,,,,,,,,,
,,,,,,,,,,,,,,,,,,,
,,,,,,,,,,,,,,,,,,,
,,,,,,,,,,,,,,,,,,,
,,,,,,,,,,,,,,,,,,,
,,,,,,,,,,,,,,,,,,,
,,,,,,,,,,,,,,,,,,,
,,,,,,,,,,,,,,,,,,,
,,,,,,,,,,,,,,,,,,,
,,,,,,,,,,,,,,,,,,,
,,,,,,,,,,,,,,,,,,,
,,,,,,,,,,,,,,,,,,,
,,,,,,,,,,,,,,,,,,,
,,,,,,,,,,,,,,,,,,,
,,,,,,,,,,,,,,,,,,,
,,,,,,,,,,,,,,,,,,,
,,,,,,,,,,,,,,,,,,,
,,,,,,,,,,,,,,,,,,,
,,,,,,,,,,,,,,,,,,,
,,,,,,,,,,,,,,,,,,,
,,,,,,,,,,,,,,,,,,,
,,,,,,,,,,,,,,,,,,,
,,,,,,,,,,,,,,,,,,,
,,,,,,,,,,,,,,,,,,,
,,,,,,,,,,,,,,,,,,,
,,,,,,,,,,,,,,,,,,,
,,,,,,,,,,,,,,,,,,,
,,,,,,,,,,,,,,,,,,,
,,,,,,,,,,,,,,,,,,,
,,,,,,,,,,,,,,,,,,,
,,,,,,,,,,,,,,,,,,,
,,,,,,,,,,,,,,,,,,,
,,,,,,,,,,,,,,,,,,,
,,,,,,,,,,,,,,,,,,,
,,,,,,,,,,,,,,,,,,,
,,,,,,,,,,,,,,,,,,,
,,,,,,,,,,,,,,,,,,,
,,,,,,,,,,,,,,,,,,,
,,,,,,,,,,,,,,,,,,,
,,,,,,,,,,,,,,,,,,,
,,,,,,,,,,,,,,,,,,,
,,,,,,,,,,,,,,,,,,,
,,,,,,,,,,,,,,,,,,,
,,,,,,,,,,,,,,,,,,,
,,,,,,,,,,,,,,,,,,,
,,,,,,,,,,,,,,,,,,,
,,,,,,,,,,,,,,,,,,,
,,,,,,,,,,,,,,,,,,,
,,,,,,,,,,,,,,,,,,,
,,,,,,,,,,,,,,,,,,,
,,,,,,,,,,,,,,,,,,,
,,,,,,,,,,,,,,,,,,,
,,,,,,,,,,,,,,,,,,,
,,,,,,,,,,,,,,,,,,,
,,,,,,,,,,,,,,,,,,,
,,,,,,,,,,,,,,,,,,,
,,,,,,,,,,,,,,,,,,,
,,,,,,,,,,,,,,,,,,,
,,,,,,,,,,,,,,,,,,,
,,,,,,,,,,,,,,,,,,,
,,,,,,,,,,,,,,,,,,,
,,,,,,,,,,,,,,,,,,,
,,,,,,,,,,,,,,,,,,,
,,,,,,,,,,,,,,,,,,,
,,,,,,,,,,,,,,,,,,,
,,,,,,,,,,,,,,,,,,,
,,,,,,,,,,,,,,,,,,,
,,,,,,,,,,,,,,,,,,,
,,,,,,,,,,,,,,,,,,,
,,,,,,,,,,,,,,,,,,,
,,,,,,,,,,,,,,,,,,,
,,,,,,,,,,,,,,,,,,,
,,,,,,,,,,,,,,,,,,,
,,,,,,,,,,,,,,,,,,,
,,,,,,,,,,,,,,,,,,,
,,,,,,,,,,,,,,,,,,,
,,,,,,,,,,,,,,,,,,,
,,,,,,,,,,,,,,,,,,,
,,,,,,,,,,,,,,,,,,,
,,,,,,,,,,,,,,,,,,,
,,,,,,,,,,,,,,,,,,,
,,,,,,,,,,,,,,,,,,,
,,,,,,,,,,,,,,,,,,,
,,,,,,,,,,,,,,,,,,,
,,,,,,,,,,,,,,,,,,,
,,,,,,,,,,,,,,,,,,,
,,,,,,,,,,,,,,,,,,,
,,,,,,,,,,,,,,,,,,,
,,,,,,,,,,,,,,,,,,,
,,,,,,,,,,,,,,,,,,,
,,,,,,,,,,,,,,,,,,,
,,,,,,,,,,,,,,,,,,,
,,,,,,,,,,,,,,,,,,,
,,,,,,,,,,,,,,,,,,,
,,,,,,,,,,,,,,,,,,,
,,,,,,,,,,,,,,,,,,,
,,,,,,,,,,,,,,,,,,,
,,,,,,,,,,,,,,,,,,,
,,,,,,,,,,,,,,,,,,,
,,,,,,,,,,,,,,,,,,,
,,,,,,,,,,,,,,,,,,,
,,,,,,,,,,,,,,,,,,,
,,,,,,,,,,,,,,,,,,,
,,,,,,,,,,,,,,,,,,,
,,,,,,,,,,,,,,,,,,,
,,,,,,,,,,,,,,,,,,,
,,,,,,,,,,,,,,,,,,,
,,,,,,,,,,,,,,,,,,,
,,,,,,,,,,,,,,,,,,,
,,,,,,,,,,,,,,,,,,,
,,,,,,,,,,,,,,,,,,,
,,,,,,,,,,,,,,,,,,,
,,,,,,,,,,,,,,,,,,,
,,,,,,,,,,,,,,,,,,,
,,,,,,,,,,,,,,,,,,,
,,,,,,,,,,,,,,,,,,,
,,,,,,,,,,,,,,,,,,,
,,,,,,,,,,,,,,,,,,,
,,,,,,,,,,,,,,,,,,,
,,,,,,,,,,,,,,,,,,,
,,,,,,,,,,,,,,,,,,,
,,,,,,,,,,,,,,,,,,,
,,,,,,,,,,,,,,,,,,,
,,,,,,,,,,,,,,,,,,,
,,,,,,,,,,,,,,,,,,,
,,,,,,,,,,,,,,,,,,,
,,,,,,,,,,,,,,,,,,,
,,,,,,,,,,,,,,,,,,,
,,,,,,,,,,,,,,,,,,,
,,,,,,,,,,,,,,,,,,,
,,,,,,,,,,,,,,,,,,,
,,,,,,,,,,,,,,,,,,,
,,,,,,,,,,,,,,,,,,,
,,,,,,,,,,,,,,,,,,,
,,,,,,,,,,,,,,,,,,,
,,,,,,,,,,,,,,,,,,,
,,,,,,,,,,,,,,,,,,,
,,,,,,,,,,,,,,,,,,,
,,,,,,,,,,,,,,,,,,,
,,,,,,,,,,,,,,,,,,,
,,,,,,,,,,,,,,,,,,,
,,,,,,,,,,,,,,,,,,,
,,,,,,,,,,,,,,,,,,,
,,,,,,,,,,,,,,,,,,,
,,,,,,,,,,,,,,,,,,,
,,,,,,,,,,,,,,,,,,,
,,,,,,,,,,,,,,,,,,,
,,,,,,,,,,,,,,,,,,,
,,,,,,,,,,,,,,,,,,,
,,,,,,,,,,,,,,,,,,,
,,,,,,,,,,,,,,,,,,,
,,,,,,,,,,,,,,,,,,,
,,,,,,,,,,,,,,,,,,,
,,,,,,,,,,,,,,,,,,,
,,,,,,,,,,,,,,,,,,,
,,,,,,,,,,,,,,,,,,,
,,,,,,,,,,,,,,,,,,,
,,,,,,,,,,,,,,,,,,,
,,,,,,,,,,,,,,,,,,,
,,,,,,,,,,,,,,,,,,,
,,,,,,,,,,,,,,,,,,,
,,,,,,,,,,,,,,,,,,,
,,,,,,,,,,,,,,,,,,,
,,,,,,,,,,,,,,,,,,,
,,,,,,,,,,,,,,,,,,,
,,,,,,,,,,,,,,,,,,,
,,,,,,,,,,,,,,,,,,,
,,,,,,,,,,,,,,,,,,,
,,,,,,,,,,,,,,,,,,,
,,,,,,,,,,,,,,,,,,,
,,,,,,,,,,,,,,,,,,,
,,,,,,,,,,,,,,,,,,,
,,,,,,,,,,,,,,,,,,,
,,,,,,,,,,,,,,,,,,,
,,,,,,,,,,,,,,,,,,,
,,,,,,,,,,,,,,,,,,,
,,,,,,,,,,,,,,,,,,,
,,,,,,,,,,,,,,,,,,,
,,,,,,,,,,,,,,,,,,,
,,,,,,,,,,,,,,,,,,,
,,,,,,,,,,,,,,,,,,,
,,,,,,,,,,,,,,,,,,,
,,,,,,,,,,,,,,,,,,,
,,,,,,,,,,,,,,,,,,,
,,,,,,,,,,,,,,,,,,,
,,,,,,,,,,,,,,,,,,,
,,,,,,,,,,,,,,,,,,,
,,,,,,,,,,,,,,,,,,,
,,,,,,,,,,,,,,,,,,,
,,,,,,,,,,,,,,,,,,,
,,,,,,,,,,,,,,,,,,,
,,,,,,,,,,,,,,,,,,,
,,,,,,,,,,,,,,,,,,,
,,,,,,,,,,,,,,,,,,,
,,,,,,,,,,,,,,,,,,,
,,,,,,,,,,,,,,,,,,,
,,,,,,,,,,,,,,,,,,,
,,,,,,,,,,,,,,,,,,,
,,,,,,,,,,,,,,,,,,,
,,,,,,,,,,,,,,,,,,,
,,,,,,,,,,,,,,,,,,,
,,,,,,,,,,,,,,,,,,,
,,,,,,,,,,,,,,,,,,,
,,,,,,,,,,,,,,,,,,,
,,,,,,,,,,,,,,,,,,,
,,,,,,,,,,,,,,,,,,,
,,,,,,,,,,,,,,,,,,,
,,,,,,,,,,,,,,,,,,,
,,,,,,,,,,,,,,,,,,,
,,,,,,,,,,,,,,,,,,,
,,,,,,,,,,,,,,,,,,,
,,,,,,,,,,,,,,,,,,,
,,,,,,,,,,,,,,,,,,,
,,,,,,,,,,,,,,,,,,,
,,,,,,,,,,,,,,,,,,,
,,,,,,,,,,,,,,,,,,,
,,,,,,,,,,,,,,,,,,,
,,,,,,,,,,,,,,,,,,,
,,,,,,,,,,,,,,,,,,,
,,,,,,,,,,,,,,,,,,,
,,,,,,,,,,,,,,,,,,,
,,,,,,,,,,,,,,,,,,,
,,,,,,,,,,,,,,,,,,,
,,,,,,,,,,,,,,,,,,,
,,,,,,,,,,,,,,,,,,,
,,,,,,,,,,,,,,,,,,,
,,,,,,,,,,,,,,,,,,,
,,,,,,,,,,,,,,,,,,,
,,,,,,,,,,,,,,,,,,,
,,,,,,,,,,,,,,,,,,,
,,,,,,,,,,,,,,,,,,,
,,,,,,,,,,,,,,,,,,,
,,,,,,,,,,,,,,,,,,,
,,,,,,,,,,,,,,,,,,,
,,,,,,,,,,,,,,,,,,,
,,,,,,,,,,,,,,,,,,,
,,,,,,,,,,,,,,,,,,,
,,,,,,,,,,,,,,,,,,,
,,,,,,,,,,,,,,,,,,,
,,,,,,,,,,,,,,,,,,,
,,,,,,,,,,,,,,,,,,,
,,,,,,,,,,,,,,,,,,,
,,,,,,,,,,,,,,,,,,,
,,,,,,,,,,,,,,,,,,,
,,,,,,,,,,,,,,,,,,,
,,,,,,,,,,,,,,,,,,,
,,,,,,,,,,,,,,,,,,,
,,,,,,,,,,,,,,,,,,,
,,,,,,,,,,,,,,,,,,,
,,,,,,,,,,,,,,,,,,,
,,,,,,,,,,,,,,,,,,,
,,,,,,,,,,,,,,,,,,,
,,,,,,,,,,,,,,,,,,,
,,,,,,,,,,,,,,,,,,,
,,,,,,,,,,,,,,,,,,,
,,,,,,,,,,,,,,,,,,,
,,,,,,,,,,,,,,,,,,,
,,,,,,,,,,,,,,,,,,,
,,,,,,,,,,,,,,,,,,,
,,,,,,,,,,,,,,,,,,,
,,,,,,,,,,,,,,,,,,,
,,,,,,,,,,,,,,,,,,,
,,,,,,,,,,,,,,,,,,,
,,,,,,,,,,,,,,,,,,,
,,,,,,,,,,,,,,,,,,,
,,,,,,,,,,,,,,,,,,,
,,,,,,,,,,,,,,,,,,,
,,,,,,,,,,,,,,,,,,,
,,,,,,,,,,,,,,,,,,,
,,,,,,,,,,,,,,,,,,,
,,,,,,,,,,,,,,,,,,,
,,,,,,,,,,,,,,,,,,,
,,,,,,,,,,,,,,,,,,,
,,,,,,,,,,,,,,,,,,,
,,,,,,,,,,,,,,,,,,,
,,,,,,,,,,,,,,,,,,,
,,,,,,,,,,,,,,,,,,,
,,,,,,,,,,,,,,,,,,,
,,,,,,,,,,,,,,,,,,,
,,,,,,,,,,,,,,,,,,,
,,,,,,,,,,,,,,,,,,,
,,,,,,,,,,,,,,,,,,,
,,,,,,,,,,,,,,,,,,,
,,,,,,,,,,,,,,,,,,,
,,,,,,,,,,,,,,,,,,,
,,,,,,,,,,,,,,,,,,,
,,,,,,,,,,,,,,,,,,,
,,,,,,,,,,,,,,,,,,,
,,,,,,,,,,,,,,,,,,,
,,,,,,,,,,,,,,,,,,,
,,,,,,,,,,,,,,,,,,,
,,,,,,,,,,,,,,,,,,,
,,,,,,,,,,,,,,,,,,,
,,,,,,,,,,,,,,,,,,,
,,,,,,,,,,,,,,,,,,,
,,,,,,,,,,,,,,,,,,,
,,,,,,,,,,,,,,,,,,,
,,,,,,,,,,,,,,,,,,,
,,,,,,,,,,,,,,,,,,,
,,,,,,,,,,,,,,,,,,,
,,,,,,,,,,,,,,,,,,,
,,,,,,,,,,,,,,,,,,,
,,,,,,,,,,,,,,,,,,,
,,,,,,,,,,,,,,,,,,,
,,,,,,,,,,,,,,,,,,,
,,,,,,,,,,,,,,,,,,,
,,,,,,,,,,,,,,,,,,,
,,,,,,,,,,,,,,,,,,,
,,,,,,,,,,,,,,,,,,,
,,,,,,,,,,,,,,,,,,,
,,,,,,,,,,,,,,,,,,,
,,,,,,,,,,,,,,,,,,,
,,,,,,,,,,,,,,,,,,,
,,,,,,,,,,,,,,,,,,,
,,,,,,,,,,,,,,,,,,,
,,,,,,,,,,,,,,,,,,,
,,,,,,,,,,,,,,,,,,,
,,,,,,,,,,,,,,,,,,,
,,,,,,,,,,,,,,,,,,,
,,,,,,,,,,,,,,,,,,,
,,,,,,,,,,,,,,,,,,,
,,,,,,,,,,,,,,,,,,,
,,,,,,,,,,,,,,,,,,,
,,,,,,,,,,,,,,,,,,,
,,,,,,,,,,,,,,,,,,,
,,,,,,,,,,,,,,,,,,,
,,,,,,,,,,,,,,,,,,,
,,,,,,,,,,,,,,,,,,,
,,,,,,,,,,,,,,,,,,,
,,,,,,,,,,,,,,,,,,,
,,,,,,,,,,,,,,,,,,,
,,,,,,,,,,,,,,,,,,,
,,,,,,,,,,,,,,,,,,,
,,,,,,,,,,,,,,,,,,,
,,,,,,,,,,,,,,,,,,,
,,,,,,,,,,,,,,,,,,,
,,,,,,,,,,,,,,,,,,,
,,,,,,,,,,,,,,,,,,,
,,,,,,,,,,,,,,,,,,,
,,,,,,,,,,,,,,,,,,,
,,,,,,,,,,,,,,,,,,,
,,,,,,,,,,,,,,,,,,,
,,,,,,,,,,,,,,,,,,,
,,,,,,,,,,,,,,,,,,,
,,,,,,,,,,,,,,,,,,,
,,,,,,,,,,,,,,,,,,,
,,,,,,,,,,,,,,,,,,,
,,,,,,,,,,,,,,,,,,,
,,,,,,,,,,,,,,,,,,,
,,,,,,,,,,,,,,,,,,,
,,,,,,,,,,,,,,,,,,,
,,,,,,,,,,,,,,,,,,,
,,,,,,,,,,,,,,,,,,,
,,,,,,,,,,,,,,,,,,,
,,,,,,,,,,,,,,,,,,,
,,,,,,,,,,,,,,,,,,,
,,,,,,,,,,,,,,,,,,,
,,,,,,,,,,,,,,,,,,,
,,,,,,,,,,,,,,,,,,,
,,,,,,,,,,,,,,,,,,,
,,,,,,,,,,,,,,,,,,,
,,,,,,,,,,,,,,,,,,,
,,,,,,,,,,,,,,,,,,,
,,,,,,,,,,,,,,,,,,,
,,,,,,,,,,,,,,,,,,,
,,,,,,,,,,,,,,,,,,,
,,,,,,,,,,,,,,,,,,,
,,,,,,,,,,,,,,,,,,,
,,,,,,,,,,,,,,,,,,,
,,,,,,,,,,,,,,,,,,,
,,,,,,,,,,,,,,,,,,,
,,,,,,,,,,,,,,,,,,,
,,,,,,,,,,,,,,,,,,,
,,,,,,,,,,,,,,,,,,,
,,,,,,,,,,,,,,,,,,,
,,,,,,,,,,,,,,,,,,,
,,,,,,,,,,,,,,,,,,,
,,,,,,,,,,,,,,,,,,,
,,,,,,,,,,,,,,,,,,,
,,,,,,,,,,,,,,,,,,,
,,,,,,,,,,,,,,,,,,,
,,,,,,,,,,,,,,,,,,,
,,,,,,,,,,,,,,,,,,,
,,,,,,,,,,,,,,,,,,,
,,,,,,,,,,,,,,,,,,,
,,,,,,,,,,,,,,,,,,,
,,,,,,,,,,,,,,,,,,,
,,,,,,,,,,,,,,,,,,,
,,,,,,,,,,,,,,,,,,,
,,,,,,,,,,,,,,,,,,,
,,,,,,,,,,,,,,,,,,,
,,,,,,,,,,,,,,,,,,,
,,,,,,,,,,,,,,,,,,,
,,,,,,,,,,,,,,,,,,,
,,,,,,,,,,,,,,,,,,,
,,,,,,,,,,,,,,,,,,,
,,,,,,,,,,,,,,,,,,,
,,,,,,,,,,,,,,,,,,,
,,,,,,,,,,,,,,,,,,,
,,,,,,,,,,,,,,,,,,,
,,,,,,,,,,,,,,,,,,,
,,,,,,,,,,,,,,,,,,,
,,,,,,,,,,,,,,,,,,,
,,,,,,,,,,,,,,,,,,,
,,,,,,,,,,,,,,,,,,,
,,,,,,,,,,,,,,,,,,,
,,,,,,,,,,,,,,,,,,,
,,,,,,,,,,,,,,,,,,,
,,,,,,,,,,,,,,,,,,,
,,,,,,,,,,,,,,,,,,,
,,,,,,,,,,,,,,,,,,,
,,,,,,,,,,,,,,,,,,,
,,,,,,,,,,,,,,,,,,,
,,,,,,,,,,,,,,,,,,,
,,,,,,,,,,,,,,,,,,,
,,,,,,,,,,,,,,,,,,,
,,,,,,,,,,,,,,,,,,,
,,,,,,,,,,,,,,,,,,,
,,,,,,,,,,,,,,,,,,,
,,,,,,,,,,,,,,,,,,,
,,,,,,,,,,,,,,,,,,,
,,,,,,,,,,,,,,,,,,,
,,,,,,,,,,,,,,,,,,,
,,,,,,,,,,,,,,,,,,,
,,,,,,,,,,,,,,,,,,,
,,,,,,,,,,,,,,,,,,,
,,,,,,,,,,,,,,,,,,,
,,,,,,,,,,,,,,,,,,,
,,,,,,,,,,,,,,,,,,,
,,,,,,,,,,,,,,,,,,,
,,,,,,,,,,,,,,,,,,,
,,,,,,,,,,,,,,,,,,,
,,,,,,,,,,,,,,,,,,,
,,,,,,,,,,,,,,,,,,,
,,,,,,,,,,,,,,,,,,,
,,,,,,,,,,,,,,,,,,,
,,,,,,,,,,,,,,,,,,,
,,,,,,,,,,,,,,,,,,,
,,,,,,,,,,,,,,,,,,,
,,,,,,,,,,,,,,,,,,,
,,,,,,,,,,,,,,,,,,,
,,,,,,,,,,,,,,,,,,,
,,,,,,,,,,,,,,,,,,,
,,,,,,,,,,,,,,,,,,,
,,,,,,,,,,,,,,,,,,,
,,,,,,,,,,,,,,,,,,,
,,,,,,,,,,,,,,,,,,,
,,,,,,,,,,,,,,,,,,,
,,,,,,,,,,,,,,,,,,,
,,,,,,,,,,,,,,,,,,,
,,,,,,,,,,,,,,,,,,,
,,,,,,,,,,,,,,,,,,,
,,,,,,,,,,,,,,,,,,,
,,,,,,,,,,,,,,,,,,,
,,,,,,,,,,,,,,,,,,,
,,,,,,,,,,,,,,,,,,,
,,,,,,,,,,,,,,,,,,,
,,,,,,,,,,,,,,,,,,,
,,,,,,,,,,,,,,,,,,,
,,,,,,,,,,,,,,,,,,,
,,,,,,,,,,,,,,,,,,,
,,,,,,,,,,,,,,,,,,,
,,,,,,,,,,,,,,,,,,,
,,,,,,,,,,,,,,,,,,,
,,,,,,,,,,,,,,,,,,,
,,,,,,,,,,,,,,,,,,,
,,,,,,,,,,,,,,,,,,,
,,,,,,,,,,,,,,,,,,,
,,,,,,,,,,,,,,,,,,,
,,,,,,,,,,,,,,,,,,,
,,,,,,,,,,,,,,,,,,,
,,,,,,,,,,,,,,,,,,,
,,,,,,,,,,,,,,,,,,,
,,,,,,,,,,,,,,,,,,,
,,,,,,,,,,,,,,,,,,,
,,,,,,,,,,,,,,,,,,,
,,,,,,,,,,,,,,,,,,,
,,,,,,,,,,,,,,,,,,,
,,,,,,,,,,,,,,,,,,,
,,,,,,,,,,,,,,,,,,,
,,,,,,,,,,,,,,,,,,,
,,,,,,,,,,,,,,,,,,,
,,,,,,,,,,,,,,,,,,,
,,,,,,,,,,,,,,,,,,,
,,,,,,,,,,,,,,,,,,,
,,,,,,,,,,,,,,,,,,,
,,,,,,,,,,,,,,,,,,,
,,,,,,,,,,,,,,,,,,,
,,,,,,,,,,,,,,,,,,,
,,,,,,,,,,,,,,,,,,,
,,,,,,,,,,,,,,,,,,,
,,,,,,,,,,,,,,,,,,,
,,,,,,,,,,,,,,,,,,,
,,,,,,,,,,,,,,,,,,,
,,,,,,,,,,,,,,,,,,,
,,,,,,,,,,,,,,,,,,,
,,,,,,,,,,,,,,,,,,,
,,,,,,,,,,,,,,,,,,,
,,,,,,,,,,,,,,,,,,,
,,,,,,,,,,,,,,,,,,,
,,,,,,,,,,,,,,,,,,,
,,,,,,,,,,,,,,,,,,,
,,,,,,,,,,,,,,,,,,,
,,,,,,,,,,,,,,,,,,,
,,,,,,,,,,,,,,,,,,,
,,,,,,,,,,,,,,,,,,,
,,,,,,,,,,,,,,,,,,,
,,,,,,,,,,,,,,,,,,,
,,,,,,,,,,,,,,,,,,,
,,,,,,,,,,,,,,,,,,,
,,,,,,,,,,,,,,,,,,,
,,,,,,,,,,,,,,,,,,,
,,,,,,,,,,,,,,,,,,,
,,,,,,,,,,,,,,,,,,,
,,,,,,,,,,,,,,,,,,,
,,,,,,,,,,,,,,,,,,,
,,,,,,,,,,,,,,,,,,,
,,,,,,,,,,,,,,,,,,,
,,,,,,,,,,,,,,,,,,,
,,,,,,,,,,,,,,,,,,,
,,,,,,,,,,,,,,,,,,,
,,,,,,,,,,,,,,,,,,,
,,,,,,,,,,,,,,,,,,,
,,,,,,,,,,,,,,,,,,,
,,,,,,,,,,,,,,,,,,,
,,,,,,,,,,,,,,,,,,,
,,,,,,,,,,,,,,,,,,,
,,,,,,,,,,,,,,,,,,,
,,,,,,,,,,,,,,,,,,,
,,,,,,,,,,,,,,,,,,,
,,,,,,,,,,,,,,,,,,,
,,,,,,,,,,,,,,,,,,,
,,,,,,,,,,,,,,,,,,,
,,,,,,,,,,,,,,,,,,,
,,,,,,,,,,,,,,,,,,,
,,,,,,,,,,,,,,,,,,,
,,,,,,,,,,,,,,,,,,,
,,,,,,,,,,,,,,,,,,,
,,,,,,,,,,,,,,,,,,,
,,,,,,,,,,,,,,,,,,,
,,,,,,,,,,,,,,,,,,,
,,,,,,,,,,,,,,,,,,,
,,,,,,,,,,,,,,,,,,,
,,,,,,,,,,,,,,,,,,,
,,,,,,,,,,,,,,,,,,,
,,,,,,,,,,,,,,,,,,,
,,,,,,,,,,,,,,,,,,,
,,,,,,,,,,,,,,,,,,,
,,,,,,,,,,,,,,,,,,,
,,,,,,,,,,,,,,,,,,,
,,,,,,,,,,,,,,,,,,,
,,,,,,,,,,,,,,,,,,,
,,,,,,,,,,,,,,,,,,,
,,,,,,,,,,,,,,,,,,,
,,,,,,,,,,,,,,,,,,,
,,,,,,,,,,,,,,,,,,,
,,,,,,,,,,,,,,,,,,,
,,,,,,,,,,,,,,,,,,,
,,,,,,,,,,,,,,,,,,,
,,,,,,,,,,,,,,,,,,,
,,,,,,,,,,,,,,,,,,,
,,,,,,,,,,,,,,,,,,,
,,,,,,,,,,,,,,,,,,,
,,,,,,,,,,,,,,,,,,,
,,,,,,,,,,,,,,,,,,,
,,,,,,,,,,,,,,,,,,,
,,,,,,,,,,,,,,,,,,,
,,,,,,,,,,,,,,,,,,,
,,,,,,,,,,,,,,,,,,,
,,,,,,,,,,,,,,,,,,,
,,,,,,,,,,,,,,,,,,,
,,,,,,,,,,,,,,,,,,,
,,,,,,,,,,,,,,,,,,,
,,,,,,,,,,,,,,,,,,,
,,,,,,,,,,,,,,,,,,,
,,,,,,,,,,,,,,,,,,,
,,,,,,,,,,,,,,,,,,,
,,,,,,,,,,,,,,,,,,,
,,,,,,,,,,,,,,,,,,,
,,,,,,,,,,,,,,,,,,,
,,,,,,,,,,,,,,,,,,,
,,,,,,,,,,,,,,,,,,,
,,,,,,,,,,,,,,,,,,,
,,,,,,,,,,,,,,,,,,,
,,,,,,,,,,,,,,,,,,,
,,,,,,,,,,,,,,,,,,,
,,,,,,,,,,,,,,,,,,,
,,,,,,,,,,,,,,,,,,,
,,,,,,,,,,,,,,,,,,,
,,,,,,,,,,,,,,,,,,,
,,,,,,,,,,,,,,,,,,,
,,,,,,,,,,,,,,,,,,,
,,,,,,,,,,,,,,,,,,,
,,,,,,,,,,,,,,,,,,,
,,,,,,,,,,,,,,,,,,,
,,,,,,,,,,,,,,,,,,,
,,,,,,,,,,,,,,,,,,,
,,,,,,,,,,,,,,,,,,,
,,,,,,,,,,,,,,,,,,,
,,,,,,,,,,,,,,,,,,,
,,,,,,,,,,,,,,,,,,,
,,,,,,,,,,,,,,,,,,,
,,,,,,,,,,,,,,,,,,,
,,,,,,,,,,,,,,,,,,,
,,,,,,,,,,,,,,,,,,,
,,,,,,,,,,,,,,,,,,,
,,,,,,,,,,,,,,,,,,,
,,,,,,,,,,,,,,,,,,,
,,,,,,,,,,,,,,,,,,,
,,,,,,,,,,,,,,,,,,,
,,,,,,,,,,,,,,,,,,,
,,,,,,,,,,,,,,,,,,,
,,,,,,,,,,,,,,,,,,,
,,,,,,,,,,,,,,,,,,,
,,,,,,,,,,,,,,,,,,,
,,,,,,,,,,,,,,,,,,,
,,,,,,,,,,,,,,,,,,,
,,,,,,,,,,,,,,,,,,,
,,,,,,,,,,,,,,,,,,,
,,,,,,,,,,,,,,,,,,,
,,,,,,,,,,,,,,,,,,,
,,,,,,,,,,,,,,,,,,,
,,,,,,,,,,,,,,,,,,,
,,,,,,,,,,,,,,,,,,,
,,,,,,,,,,,,,,,,,,,
,,,,,,,,,,,,,,,,,,,
,,,,,,,,,,,,,,,,,,,
,,,,,,,,,,,,,,,,,,,
,,,,,,,,,,,,,,,,,,,
,,,,,,,,,,,,,,,,,,,
,,,,,,,,,,,,,,,,,,,
,,,,,,,,,,,,,,,,,,,
,,,,,,,,,,,,,,,,,,,
,,,,,,,,,,,,,,,,,,,
,,,,,,,,,,,,,,,,,,,
,,,,,,,,,,,,,,,,,,,
,,,,,,,,,,,,,,,,,,,
,,,,,,,,,,,,,,,,,,,
,,,,,,,,,,,,,,,,,,,
,,,,,,,,,,,,,,,,,,,
,,,,,,,,,,,,,,,,,,,
,,,,,,,,,,,,,,,,,,,
,,,,,,,,,,,,,,,,,,,
,,,,,,,,,,,,,,,,,,,
,,,,,,,,,,,,,,,,,,,
,,,,,,,,,,,,,,,,,,,
,,,,,,,,,,,,,,,,,,,
,,,,,,,,,,,,,,,,,,,
,,,,,,,,,,,,,,,,,,,
,,,,,,,,,,,,,,,,,,,
,,,,,,,,,,,,,,,,,,,
,,,,,,,,,,,,,,,,,,,
,,,,,,,,,,,,,,,,,,,
,,,,,,,,,,,,,,,,,,,
,,,,,,,,,,,,,,,,,,,
,,,,,,,,,,,,,,,,,,,
,,,,,,,,,,,,,,,,,,,
,,,,,,,,,,,,,,,,,,,
,,,,,,,,,,,,,,,,,,,
,,,,,,,,,,,,,,,,,,,
,,,,,,,,,,,,,,,,,,,
,,,,,,,,,,,,,,,,,,,
,,,,,,,,,,,,,,,,,,,
,,,,,,,,,,,,,,,,,,,
,,,,,,,,,,,,,,,,,,,
,,,,,,,,,,,,,,,,,,,
,,,,,,,,,,,,,,,,,,,
,,,,,,,,,,,,,,,,,,,
,,,,,,,,,,,,,,,,,,,
,,,,,,,,,,,,,,,,,,,
,,,,,,,,,,,,,,,,,,,
,,,,,,,,,,,,,,,,,,,
,,,,,,,,,,,,,,,,,,,
,,,,,,,,,,,,,,,,,,,
,,,,,,,,,,,,,,,,,,,
,,,,,,,,,,,,,,,,,,,
,,,,,,,,,,,,,,,,,,,
,,,,,,,,,,,,,,,,,,,
,,,,,,,,,,,,,,,,,,,
,,,,,,,,,,,,,,,,,,,
,,,,,,,,,,,,,,,,,,,
,,,,,,,,,,,,,,,,,,,
,,,,,,,,,,,,,,,,,,,
,,,,,,,,,,,,,,,,,,,
,,,,,,,,,,,,,,,,,,,
,,,,,,,,,,,,,,,,,,,
,,,,,,,,,,,,,,,,,,,
,,,,,,,,,,,,,,,,,,,
,,,,,,,,,,,,,,,,,,,
,,,,,,,,,,,,,,,,,,,
,,,,,,,,,,,,,,,,,,,
,,,,,,,,,,,,,,,,,,,
,,,,,,,,,,,,,,,,,,,
,,,,,,,,,,,,,,,,,,,
,,,,,,,,,,,,,,,,,,,
,,,,,,,,,,,,,,,,,,,
,,,,,,,,,,,,,,,,,,,
,,,,,,,,,,,,,,,,,,,
,,,,,,,,,,,,,,,,,,,
,,,,,,,,,,,,,,,,,,,
,,,,,,,,,,,,,,,,,,,
,,,,,,,,,,,,,,,,,,,
,,,,,,,,,,,,,,,,,,,
,,,,,,,,,,,,,,,,,,,
,,,,,,,,,,,,,,,,,,,
,,,,,,,,,,,,,,,,,,,
,,,,,,,,,,,,,,,,,,,
,,,,,,,,,,,,,,,,,,,
,,,,,,,,,,,,,,,,,,,
,,,,,,,,,,,,,,,,,,,
,,,,,,,,,,,,,,,,,,,
,,,,,,,,,,,,,,,,,,,
,,,,,,,,,,,,,,,,,,,
,,,,,,,,,,,,,,,,,,,
,,,,,,,,,,,,,,,,,,,
,,,,,,,,,,,,,,,,,,,
,,,,,,,,,,,,,,,,,,,
,,,,,,,,,,,,,,,,,,,
,,,,,,,,,,,,,,,,,,,
,,,,,,,,,,,,,,,,,,,
,,,,,,,,,,,,,,,,,,,
,,,,,,,,,,,,,,,,,,,
,,,,,,,,,,,,,,,,,,,
,,,,,,,,,,,,,,,,,,,
,,,,,,,,,,,,,,,,,,,
,,,,,,,,,,,,,,,,,,,
,,,,,,,,,,,,,,,,,,,
,,,,,,,,,,,,,,,,,,,
,,,,,,,,,,,,,,,,,,,
,,,,,,,,,,,,,,,,,,,
,,,,,,,,,,,,,,,,,,,
,,,,,,,,,,,,,,,,,,,
,,,,,,,,,,,,,,,,,,,
,,,,,,,,,,,,,,,,,,,
,,,,,,,,,,,,,,,,,,,
,,,,,,,,,,,,,,,,,,,
,,,,,,,,,,,,,,,,,,,
,,,,,,,,,,,,,,,,,,,
,,,,,,,,,,,,,,,,,,,
,,,,,,,,,,,,,,,,,,,
,,,,,,,,,,,,,,,,,,,
,,,,,,,,,,,,,,,,,,,
,,,,,,,,,,,,,,,,,,,
,,,,,,,,,,,,,,,,,,,
,,,,,,,,,,,,,,,,,,,
,,,,,,,,,,,,,,,,,,,
,,,,,,,,,,,,,,,,,,,
,,,,,,,,,,,,,,,,,,,
,,,,,,,,,,,,,,,,,,,
,,,,,,,,,,,,,,,,,,,
,,,,,,,,,,,,,,,,,,,
,,,,,,,,,,,,,,,,,,,
,,,,,,,,,,,,,,,,,,,
,,,,,,,,,,,,,,,,,,,
,,,,,,,,,,,,,,,,,,,
,,,,,,,,,,,,,,,,,,,
,,,,,,,,,,,,,,,,,,,
,,,,,,,,,,,,,,,,,,,
,,,,,,,,,,,,,,,,,,,
,,,,,,,,,,,,,,,,,,,
,,,,,,,,,,,,,,,,,,,
,,,,,,,,,,,,,,,,,,,
,,,,,,,,,,,,,,,,,,,
,,,,,,,,,,,,,,,,,,,
,,,,,,,,,,,,,,,,,,,
,,,,,,,,,,,,,,,,,,,
,,,,,,,,,,,,,,,,,,,
,,,,,,,,,,,,,,,,,,,
,,,,,,,,,,,,,,,,,,,
,,,,,,,,,,,,,,,,,,,
,,,,,,,,,,,,,,,,,,,
,,,,,,,,,,,,,,,,,,,
,,,,,,,,,,,,,,,,,,,
,,,,,,,,,,,,,,,,,,,
,,,,,,,,,,,,,,,,,,,
,,,,,,,,,,,,,,,,,,,
,,,,,,,,,,,,,,,,,,,
,,,,,,,,,,,,,,,,,,,
,,,,,,,,,,,,,,,,,,,
,,,,,,,,,,,,,,,,,,,
,,,,,,,,,,,,,,,,,,,
,,,,,,,,,,,,,,,,,,,
,,,,,,,,,,,,,,,,,,,
,,,,,,,,,,,,,,,,,,,
,,,,,,,,,,,,,,,,,,,
,,,,,,,,,,,,,,,,,,,
,,,,,,,,,,,,,,,,,,,
,,,,,,,,,,,,,,,,,,,
,,,,,,,,,,,,,,,,,,,
,,,,,,,,,,,,,,,,,,,
,,,,,,,,,,,,,,,,,,,
,,,,,,,,,,,,,,,,,,,
,,,,,,,,,,,,,,,,,,,
,,,,,,,,,,,,,,,,,,,
,,,,,,,,,,,,,,,,,,,
,,,,,,,,,,,,,,,,,,,
,,,,,,,,,,,,,,,,,,,
,,,,,,,,,,,,,,,,,,,
,,,,,,,,,,,,,,,,,,,
,,,,,,,,,,,,,,,,,,,
,,,,,,,,,,,,,,,,,,,
,,,,,,,,,,,,,,,,,,,
,,,,,,,,,,,,,,,,,,,
,,,,,,,,,,,,,,,,,,,
,,,,,,,,,,,,,,,,,,,
,,,,,,,,,,,,,,,,,,,
,,,,,,,,,,,,,,,,,,,
,,,,,,,,,,,,,,,,,,,
,,,,,,,,,,,,,,,,,,,
,,,,,,,,,,,,,,,,,,,
,,,,,,,,,,,,,,,,,,,
,,,,,,,,,,,,,,,,,,,
,,,,,,,,,,,,,,,,,,,
,,,,,,,,,,,,,,,,,,,
,,,,,,,,,,,,,,,,,,,
,,,,,,,,,,,,,,,,,,,
,,,,,,,,,,,,,,,,,,,
,,,,,,,,,,,,,,,,,,,
,,,,,,,,,,,,,,,,,,,
,,,,,,,,,,,,,,,,,,,
,,,,,,,,,,,,,,,,,,,
,,,,,,,,,,,,,,,,,,,
,,,,,,,,,,,,,,,,,,,
,,,,,,,,,,,,,,,,,,,
,,,,,,,,,,,,,,,,,,,
,,,,,,,,,,,,,,,,,,,
,,,,,,,,,,,,,,,,,,,
,,,,,,,,,,,,,,,,,,,
,,,,,,,,,,,,,,,,,,,
,,,,,,,,,,,,,,,,,,,
,,,,,,,,,,,,,,,,,,,
,,,,,,,,,,,,,,,,,,,
,,,,,,,,,,,,,,,,,,,
,,,,,,,,,,,,,,,,,,,
,,,,,,,,,,,,,,,,,,,
,,,,,,,,,,,,,,,,,,,
,,,,,,,,,,,,,,,,,,,
,,,,,,,,,,,,,,,,,,,
,,,,,,,,,,,,,,,,,,,
,,,,,,,,,,,,,,,,,,,
,,,,,,,,,,,,,,,,,,,
,,,,,,,,,,,,,,,,,,,
,,,,,,,,,,,,,,,,,,,
,,,,,,,,,,,,,,,,,,,
,,,,,,,,,,,,,,,,,,,
,,,,,,,,,,,,,,,,,,,
,,,,,,,,,,,,,,,,,,,
,,,,,,,,,,,,,,,,,,,
,,,,,,,,,,,,,,,,,,,
,,,,,,,,,,,,,,,,,,,
,,,,,,,,,,,,,,,,,,,
,,,,,,,,,,,,,,,,,,,
,,,,,,,,,,,,,,,,,,,
,,,,,,,,,,,,,,,,,,,
,,,,,,,,,,,,,,,,,,,
,,,,,,,,,,,,,,,,,,,
,,,,,,,,,,,,,,,,,,,
,,,,,,,,,,,,,,,,,,,
,,,,,,,,,,,,,,,,,,,
,,,,,,,,,,,,,,,,,,,
,,,,,,,,,,,,,,,,,,,
,,,,,,,,,,,,,,,,,,,
,,,,,,,,,,,,,,,,,,,
,,,,,,,,,,,,,,,,,,,
,,,,,,,,,,,,,,,,,,,
,,,,,,,,,,,,,,,,,,,
,,,,,,,,,,,,,,,,,,,
,,,,,,,,,,,,,,,,,,,
,,,,,,,,,,,,,,,,,,,
,,,,,,,,,,,,,,,,,,,
,,,,,,,,,,,,,,,,,,,
,,,,,,,,,,,,,,,,,,,
,,,,,,,,,,,,,,,,,,,
,,,,,,,,,,,,,,,,,,,
,,,,,,,,,,,,,,,,,,,
,,,,,,,,,,,,,,,,,,,
,,,,,,,,,,,,,,,,,,,
,,,,,,,,,,,,,,,,,,,
,,,,,,,,,,,,,,,,,,,
,,,,,,,,,,,,,,,,,,,
,,,,,,,,,,,,,,,,,,,
,,,,,,,,,,,,,,,,,,,
,,,,,,,,,,,,,,,,,,,
,,,,,,,,,,,,,,,,,,,
,,,,,,,,,,,,,,,,,,,
,,,,,,,,,,,,,,,,,,,
,,,,,,,,,,,,,,,,,,,
,,,,,,,,,,,,,,,,,,,
,,,,,,,,,,,,,,,,,,,
,,,,,,,,,,,,,,,,,,,
,,,,,,,,,,,,,,,,,,,
,,,,,,,,,,,,,,,,,,,
,,,,,,,,,,,,,,,,,,,
,,,,,,,,,,,,,,,,,,,
,,,,,,,,,,,,,,,,,,,
,,,,,,,,,,,,,,,,,,,
,,,,,,,,,,,,,,,,,,,
,,,,,,,,,,,,,,,,,,,
,,,,,,,,,,,,,,,,,,,
,,,,,,,,,,,,,,,,,,,
,,,,,,,,,,,,,,,,,,,
,,,,,,,,,,,,,,,,,,,
,,,,,,,,,,,,,,,,,,,
,,,,,,,,,,,,,,,,,,,
,,,,,,,,,,,,,,,,,,,
,,,,,,,,,,,,,,,,,,,
,,,,,,,,,,,,,,,,,,,
,,,,,,,,,,,,,,,,,,,
,,,,,,,,,,,,,,,,,,,
,,,,,,,,,,,,,,,,,,,
,,,,,,,,,,,,,,,,,,,
,,,,,,,,,,,,,,,,,,,
,,,,,,,,,,,,,,,,,,,
,,,,,,,,,,,,,,,,,,,
,,,,,,,,,,,,,,,,,,,
,,,,,,,,,,,,,,,,,,,
,,,,,,,,,,,,,,,,,,,
,,,,,,,,,,,,,,,,,,,
,,,,,,,,,,,,,,,,,,,
,,,,,,,,,,,,,,,,,,,
,,,,,,,,,,,,,,,,,,,
,,,,,,,,,,,,,,,,,,,
,,,,,,,,,,,,,,,,,,,
,,,,,,,,,,,,,,,,,,,
,,,,,,,,,,,,,,,,,,,
,,,,,,,,,,,,,,,,,,,
,,,,,,,,,,,,,,,,,,,
,,,,,,,,,,,,,,,,,,,
,,,,,,,,,,,,,,,,,,,
,,,,,,,,,,,,,,,,,,,
,,,,,,,,,,,,,,,,,,,
,,,,,,,,,,,,,,,,,,,
,,,,,,,,,,,,,,,,,,,
,,,,,,,,,,,,,,,,,,,
,,,,,,,,,,,,,,,,,,,
,,,,,,,,,,,,,,,,,,,
,,,,,,,,,,,,,,,,,,,
,,,,,,,,,,,,,,,,,,,
,,,,,,,,,,,,,,,,,,,
,,,,,,,,,,,,,,,,,,,
,,,,,,,,,,,,,,,,,,,
,,,,,,,,,,,,,,,,,,,
,,,,,,,,,,,,,,,,,,,
,,,,,,,,,,,,,,,,,,,
,,,,,,,,,,,,,,,,,,,
,,,,,,,,,,,,,,,,,,,
,,,,,,,,,,,,,,,,,,,
,,,,,,,,,,,,,,,,,,,
,,,,,,,,,,,,,,,,,,,
,,,,,,,,,,,,,,,,,,,
,,,,,,,,,,,,,,,,,,,
,,,,,,,,,,,,,,,,,,,
,,,,,,,,,,,,,,,,,,,
,,,,,,,,,,,,,,,,,,,
,,,,,,,,,,,,,,,,,,,
,,,,,,,,,,,,,,,,,,,
,,,,,,,,,,,,,,,,,,,
,,,,,,,,,,,,,,,,,,,
,,,,,,,,,,,,,,,,,,,
,,,,,,,,,,,,,,,,,,,
,,,,,,,,,,,,,,,,,,,
,,,,,,,,,,,,,,,,,,,
,,,,,,,,,,,,,,,,,,,
,,,,,,,,,,,,,,,,,,,
,,,,,,,,,,,,,,,,,,,
,,,,,,,,,,,,,,,,,,,
,,,,,,,,,,,,,,,,,,,
,,,,,,,,,,,,,,,,,,,
,,,,,,,,,,,,,,,,,,,
,,,,,,,,,,,,,,,,,,,
,,,,,,,,,,,,,,,,,,,
,,,,,,,,,,,,,,,,,,,
,,,,,,,,,,,,,,,,,,,
,,,,,,,,,,,,,,,,,,,
,,,,,,,,,,,,,,,,,,,
,,,,,,,,,,,,,,,,,,,
,,,,,,,,,,,,,,,,,,,
,,,,,,,,,,,,,,,,,,,
,,,,,,,,,,,,,,,,,,,
,,,,,,,,,,,,,,,,,,,
,,,,,,,,,,,,,,,,,,,
,,,,,,,,,,,,,,,,,,,
,,,,,,,,,,,,,,,,,,,
,,,,,,,,,,,,,,,,,,,
,,,,,,,,,,,,,,,,,,,
,,,,,,,,,,,,,,,,,,,
,,,,,,,,,,,,,,,,,,,
,,,,,,,,,,,,,,,,,,,
,,,,,,,,,,,,,,,,,,,
,,,,,,,,,,,,,,,,,,,
,,,,,,,,,,,,,,,,,,,
,,,,,,,,,,,,,,,,,,,
,,,,,,,,,,,,,,,,,,,
,,,,,,,,,,,,,,,,,,,
,,,,,,,,,,,,,,,,,,,
,,,,,,,,,,,,,,,,,,,
,,,,,,,,,,,,,,,,,,,
,,,,,,,,,,,,,,,,,,,
,,,,,,,,,,,,,,,,,,,
,,,,,,,,,,,,,,,,,,,
,,,,,,,,,,,,,,,,,,,
,,,,,,,,,,,,,,,,,,,
,,,,,,,,,,,,,,,,,,,
,,,,,,,,,,,,,,,,,,,
,,,,,,,,,,,,,,,,,,,
,,,,,,,,,,,,,,,,,,,
,,,,,,,,,,,,,,,,,,,
,,,,,,,,,,,,,,,,,,,
,,,,,,,,,,,,,,,,,,,
,,,,,,,,,,,,,,,,,,,
,,,,,,,,,,,,,,,,,,,
,,,,,,,,,,,,,,,,,,,
,,,,,,,,,,,,,,,,,,,
,,,,,,,,,,,,,,,,,,,
,,,,,,,,,,,,,,,,,,,
,,,,,,,,,,,,,,,,,,,
,,,,,,,,,,,,,,,,,,,
,,,,,,,,,,,,,,,,,,,
,,,,,,,,,,,,,,,,,,,
,,,,,,,,,,,,,,,,,,,
,,,,,,,,,,,,,,,,,,,
,,,,,,,,,,,,,,,,,,,
,,,,,,,,,,,,,,,,,,,
,,,,,,,,,,,,,,,,,,,
,,,,,,,,,,,,,,,,,,,
,,,,,,,,,,,,,,,,,,,
,,,,,,,,,,,,,,,,,,,
,,,,,,,,,,,,,,,,,,,
,,,,,,,,,,,,,,,,,,,
,,,,,,,,,,,,,,,,,,,
,,,,,,,,,,,,,,,,,,,
,,,,,,,,,,,,,,,,,,,
,,,,,,,,,,,,,,,,,,,
,,,,,,,,,,,,,,,,,,,
,,,,,,,,,,,,,,,,,,,
,,,,,,,,,,,,,,,,,,,
,,,,,,,,,,,,,,,,,,,
,,,,,,,,,,,,,,,,,,,
,,,,,,,,,,,,,,,,,,,
,,,,,,,,,,,,,,,,,,,
,,,,,,,,,,,,,,,,,,,
,,,,,,,,,,,,,,,,,,,
,,,,,,,,,,,,,,,,,,,
,,,,,,,,,,,,,,,,,,,
,,,,,,,,,,,,,,,,,,,
,,,,,,,,,,,,,,,,,,,
,,,,,,,,,,,,,,,,,,,
,,,,,,,,,,,,,,,,,,,
,,,,,,,,,,,,,,,,,,,
,,,,,,,,,,,,,,,,,,,
,,,,,,,,,,,,,,,,,,,
,,,,,,,,,,,,,,,,,,,
,,,,,,,,,,,,,,,,,,,
,,,,,,,,,,,,,,,,,,,
,,,,,,,,,,,,,,,,,,,
,,,,,,,,,,,,,,,,,,,
,,,,,,,,,,,,,,,,,,,
,,,,,,,,,,,,,,,,,,,
,,,,,,,,,,,,,,,,,,,
,,,,,,,,,,,,,,,,,,,
,,,,,,,,,,,,,,,,,,,
,,,,,,,,,,,,,,,,,,,
,,,,,,,,,,,,,,,,,,,
,,,,,,,,,,,,,,,,,,,
,,,,,,,,,,,,,,,,,,,
,,,,,,,,,,,,,,,,,,,
,,,,,,,,,,,,,,,,,,,
,,,,,,,,,,,,,,,,,,,
,,,,,,,,,,,,,,,,,,,
,,,,,,,,,,,,,,,,,,,
,,,,,,,,,,,,,,,,,,,
,,,,,,,,,,,,,,,,,,,
,,,,,,,,,,,,,,,,,,,
,,,,,,,,,,,,,,,,,,,
,,,,,,,,,,,,,,,,,,,
,,,,,,,,,,,,,,,,,,,
,,,,,,,,,,,,,,,,,,,
,,,,,,,,,,,,,,,,,,,
,,,,,,,,,,,,,,,,,,,
,,,,,,,,,,,,,,,,,,,
,,,,,,,,,,,,,,,,,,,
,,,,,,,,,,,,,,,,,,,
,,,,,,,,,,,,,,,,,,,
,,,,,,,,,,,,,,,,,,,
,,,,,,,,,,,,,,,,,,,
,,,,,,,,,,,,,,,,,,,
,,,,,,,,,,,,,,,,,,,
,,,,,,,,,,,,,,,,,,,
,,,,,,,,,,,,,,,,,,,
,,,,,,,,,,,,,,,,,,,
,,,,,,,,,,,,,,,,,,,
,,,,,,,,,,,,,,,,,,,
,,,,,,,,,,,,,,,,,,,
,,,,,,,,,,,,,,,,,,,
,,,,,,,,,,,,,,,,,,,
,,,,,,,,,,,,,,,,,,,
,,,,,,,,,,,,,,,,,,,
,,,,,,,,,,,,,,,,,,,
,,,,,,,,,,,,,,,,,,,
,,,,,,,,,,,,,,,,,,,
,,,,,,,,,,,,,,,,,,,
,,,,,,,,,,,,,,,,,,,
,,,,,,,,,,,,,,,,,,,
,,,,,,,,,,,,,,,,,,,
,,,,,,,,,,,,,,,,,,,
,,,,,,,,,,,,,,,,,,,
,,,,,,,,,,,,,,,,,,,
,,,,,,,,,,,,,,,,,,,
,,,,,,,,,,,,,,,,,,,
,,,,,,,,,,,,,,,,,,,
,,,,,,,,,,,,,,,,,,,
,,,,,,,,,,,,,,,,,,,
,,,,,,,,,,,,,,,,,,,
,,,,,,,,,,,,,,,,,,,
,,,,,,,,,,,,,,,,,,,
,,,,,,,,,,,,,,,,,,,
,,,,,,,,,,,,,,,,,,,
,,,,,,,,,,,,,,,,,,,
,,,,,,,,,,,,,,,,,,,
,,,,,,,,,,,,,,,,,,,
,,,,,,,,,,,,,,,,,,,
,,,,,,,,,,,,,,,,,,,
,,,,,,,,,,,,,,,,,,,
,,,,,,,,,,,,,,,,,,,
,,,,,,,,,,,,,,,,,,,
,,,,,,,,,,,,,,,,,,,
,,,,,,,,,,,,,,,,,,,
,,,,,,,,,,,,,,,,,,,
,,,,,,,,,,,,,,,,,,,
,,,,,,,,,,,,,,,,,,,
,,,,,,,,,,,,,,,,,,,
,,,,,,,,,,,,,,,,,,,
,,,,,,,,,,,,,,,,,,,
,,,,,,,,,,,,,,,,,,,
,,,,,,,,,,,,,,,,,,,
,,,,,,,,,,,,,,,,,,,
,,,,,,,,,,,,,,,,,,,
,,,,,,,,,,,,,,,,,,,
,,,,,,,,,,,,,,,,,,,
,,,,,,,,,,,,,,,,,,,
,,,,,,,,,,,,,,,,,,,
,,,,,,,,,,,,,,,,,,,
,,,,,,,,,,,,,,,,,,,
,,,,,,,,,,,,,,,,,,,
,,,,,,,,,,,,,,,,,,,
,,,,,,,,,,,,,,,,,,,
,,,,,,,,,,,,,,,,,,,
,,,,,,,,,,,,,,,,,,,
,,,,,,,,,,,,,,,,,,,
,,,,,,,,,,,,,,,,,,,
,,,,,,,,,,,,,,,,,,,
,,,,,,,,,,,,,,,,,,,
,,,,,,,,,,,,,,,,,,,
,,,,,,,,,,,,,,,,,,,
,,,,,,,,,,,,,,,,,,,
,,,,,,,,,,,,,,,,,,,
,,,,,,,,,,,,,,,,,,,
,,,,,,,,,,,,,,,,,,,
,,,,,,,,,,,,,,,,,,,
,,,,,,,,,,,,,,,,,,,
,,,,,,,,,,,,,,,,,,,
,,,,,,,,,,,,,,,,,,,
,,,,,,,,,,,,,,,,,,,
,,,,,,,,,,,,,,,,,,,
,,,,,,,,,,,,,,,,,,,
,,,,,,,,,,,,,,,,,,,
,,,,,,,,,,,,,,,,,,,
,,,,,,,,,,,,,,,,,,,
,,,,,,,,,,,,,,,,,,,
,,,,,,,,,,,,,,,,,,,
,,,,,,,,,,,,,,,,,,,
,,,,,,,,,,,,,,,,,,,
,,,,,,,,,,,,,,,,,,,
,,,,,,,,,,,,,,,,,,,
,,,,,,,,,,,,,,,,,,,
,,,,,,,,,,,,,,,,,,,
,,,,,,,,,,,,,,,,,,,
,,,,,,,,,,,,,,,,,,,
,,,,,,,,,,,,,,,,,,,
,,,,,,,,,,,,,,,,,,,
,,,,,,,,,,,,,,,,,,,
,,,,,,,,,,,,,,,,,,,
,,,,,,,,,,,,,,,,,,,
,,,,,,,,,,,,,,,,,,,
,,,,,,,,,,,,,,,,,,,
,,,,,,,,,,,,,,,,,,,
,,,,,,,,,,,,,,,,,,,
,,,,,,,,,,,,,,,,,,,
,,,,,,,,,,,,,,,,,,,
,,,,,,,,,,,,,,,,,,,
,,,,,,,,,,,,,,,,,,,
,,,,,,,,,,,,,,,,,,,
,,,,,,,,,,,,,,,,,,,
,,,,,,,,,,,,,,,,,,,
,,,,,,,,,,,,,,,,,,,
,,,,,,,,,,,,,,,,,,,
,,,,,,,,,,,,,,,,,,,
,,,,,,,,,,,,,,,,,,,
,,,,,,,,,,,,,,,,,,,
,,,,,,,,,,,,,,,,,,,
,,,,,,,,,,,,,,,,,,,
,,,,,,,,,,,,,,,,,,,
,,,,,,,,,,,,,,,,,,,
,,,,,,,,,,,,,,,,,,,
,,,,,,,,,,,,,,,,,,,
,,,,,,,,,,,,,,,,,,,
,,,,,,,,,,,,,,,,,,,
,,,,,,,,,,,,,,,,,,,
,,,,,,,,,,,,,,,,,,,
,,,,,,,,,,,,,,,,,,,
,,,,,,,,,,,,,,,,,,,
,,,,,,,,,,,,,,,,,,,
,,,,,,,,,,,,,,,,,,,
,,,,,,,,,,,,,,,,,,,
,,,,,,,,,,,,,,,,,,,
,,,,,,,,,,,,,,,,,,,
,,,,,,,,,,,,,,,,,,,
,,,,,,,,,,,,,,,,,,,
,,,,,,,,,,,,,,,,,,,
,,,,,,,,,,,,,,,,,,,
,,,,,,,,,,,,,,,,,,,
,,,,,,,,,,,,,,,,,,,
,,,,,,,,,,,,,,,,,,,
,,,,,,,,,,,,,,,,,,,
,,,,,,,,,,,,,,,,,,,
,,,,,,,,,,,,,,,,,,,
,,,,,,,,,,,,,,,,,,,
,,,,,,,,,,,,,,,,,,,
,,,,,,,,,,,,,,,,,,,
,,,,,,,,,,,,,,,,,,,
,,,,,,,,,,,,,,,,,,,
,,,,,,,,,,,,,,,,,,,
,,,,,,,,,,,,,,,,,,,
,,,,,,,,,,,,,,,,,,,
,,,,,,,,,,,,,,,,,,,
,,,,,,,,,,,,,,,,,,,
,,,,,,,,,,,,,,,,,,,
,,,,,,,,,,,,,,,,,,,
,,,,,,,,,,,,,,,,,,,
,,,,,,,,,,,,,,,,,,,
,,,,,,,,,,,,,,,,,,,
,,,,,,,,,,,,,,,,,,,
,,,,,,,,,,,,,,,,,,,
,,,,,,,,,,,,,,,,,,,
,,,,,,,,,,,,,,,,,,,
,,,,,,,,,,,,,,,,,,,
,,,,,,,,,,,,,,,,,,,
,,,,,,,,,,,,,,,,,,,
,,,,,,,,,,,,,,,,,,,
,,,,,,,,,,,,,,,,,,,
,,,,,,,,,,,,,,,,,,,
,,,,,,,,,,,,,,,,,,,
,,,,,,,,,,,,,,,,,,,
,,,,,,,,,,,,,,,,,,,
,,,,,,,,,,,,,,,,,,,
,,,,,,,,,,,,,,,,,,,
,,,,,,,,,,,,,,,,,,,
,,,,,,,,,,,,,,,,,,,
,,,,,,,,,,,,,,,,,,,
,,,,,,,,,,,,,,,,,,,
,,,,,,,,,,,,,,,,,,,
,,,,,,,,,,,,,,,,,,,
,,,,,,,,,,,,,,,,,,,
,,,,,,,,,,,,,,,,,,,
,,,,,,,,,,,,,,,,,,,
,,,,,,,,,,,,,,,,,,,
,,,,,,,,,,,,,,,,,,,
,,,,,,,,,,,,,,,,,,,
,,,,,,,,,,,,,,,,,,,
,,,,,,,,,,,,,,,,,,,
,,,,,,,,,,,,,,,,,,,
,,,,,,,,,,,,,,,,,,,
,,,,,,,,,,,,,,,,,,,
,,,,,,,,,,,,,,,,,,,
,,,,,,,,,,,,,,,,,,,
,,,,,,,,,,,,,,,,,,,
,,,,,,,,,,,,,,,,,,,
,,,,,,,,,,,,,,,,,,,
,,,,,,,,,,,,,,,,,,,
,,,,,,,,,,,,,,,,,,,
,,,,,,,,,,,,,,,,,,,
,,,,,,,,,,,,,,,,,,,
,,,,,,,,,,,,,,,,,,,
,,,,,,,,,,,,,,,,,,,
,,,,,,,,,,,,,,,,,,,
,,,,,,,,,,,,,,,,,,,
,,,,,,,,,,,,,,,,,,,
,,,,,,,,,,,,,,,,,,,
,,,,,,,,,,,,,,,,,,,
,,,,,,,,,,,,,,,,,,,
,,,,,,,,,,,,,,,,,,,
,,,,,,,,,,,,,,,,,,,
,,,,,,,,,,,,,,,,,,,
,,,,,,,,,,,,,,,,,,,
,,,,,,,,,,,,,,,,,,,
,,,,,,,,,,,,,,,,,,,
,,,,,,,,,,,,,,,,,,,
,,,,,,,,,,,,,,,,,,,
,,,,,,,,,,,,,,,,,,,
,,,,,,,,,,,,,,,,,,,
,,,,,,,,,,,,,,,,,,,
,,,,,,,,,,,,,,,,,,,
,,,,,,,,,,,,,,,,,,,
,,,,,,,,,,,,,,,,,,,
,,,,,,,,,,,,,,,,,,,
,,,,,,,,,,,,,,,,,,,
,,,,,,,,,,,,,,,,,,,
,,,,,,,,,,,,,,,,,,,
,,,,,,,,,,,,,,,,,,,
,,,,,,,,,,,,,,,,,,,
,,,,,,,,,,,,,,,,,,,
,,,,,,,,,,,,,,,,,,,
,,,,,,,,,,,,,,,,,,,
,,,,,,,,,,,,,,,,,,,
,,,,,,,,,,,,,,,,,,,
,,,,,,,,,,,,,,,,,,,
,,,,,,,,,,,,,,,,,,,
,,,,,,,,,,,,,,,,,,,
,,,,,,,,,,,,,,,,,,,
,,,,,,,,,,,,,,,,,,,
,,,,,,,,,,,,,,,,,,,
,,,,,,,,,,,,,,,,,,,
,,,,,,,,,,,,,,,,,,,
,,,,,,,,,,,,,,,,,,,
,,,,,,,,,,,,,,,,,,,
,,,,,,,,,,,,,,,,,,,
,,,,,,,,,,,,,,,,,,,
,,,,,,,,,,,,,,,,,,,
,,,,,,,,,,,,,,,,,,,
,,,,,,,,,,,,,,,,,,,
,,,,,,,,,,,,,,,,,,,
,,,,,,,,,,,,,,,,,,,
,,,,,,,,,,,,,,,,,,,
,,,,,,,,,,,,,,,,,,,
,,,,,,,,,,,,,,,,,,,
,,,,,,,,,,,,,,,,,,,
,,,,,,,,,,,,,,,,,,,
,,,,,,,,,,,,,,,,,,,
,,,,,,,,,,,,,,,,,,,
,,,,,,,,,,,,,,,,,,,
,,,,,,,,,,,,,,,,,,,
,,,,,,,,,,,,,,,,,,,
,,,,,,,,,,,,,,,,,,,
,,,,,,,,,,,,,,,,,,,
,,,,,,,,,,,,,,,,,,,
,,,,,,,,,,,,,,,,,,,
,,,,,,,,,,,,,,,,,,,
,,,,,,,,,,,,,,,,,,,
,,,,,,,,,,,,,,,,,,,
,,,,,,,,,,,,,,,,,,,
,,,,,,,,,,,,,,,,,,,
,,,,,,,,,,,,,,,,,,,
,,,,,,,,,,,,,,,,,,,
,,,,,,,,,,,,,,,,,,,
,,,,,,,,,,,,,,,,,,,
,,,,,,,,,,,,,,,,,,,
,,,,,,,,,,,,,,,,,,,
,,,,,,,,,,,,,,,,,,,
,,,,,,,,,,,,,,,,,,,
,,,,,,,,,,,,,,,,,,,
,,,,,,,,,,,,,,,,,,,
,,,,,,,,,,,,,,,,,,,
,,,,,,,,,,,,,,,,,,,
,,,,,,,,,,,,,,,,,,,
,,,,,,,,,,,,,,,,,,,
,,,,,,,,,,,,,,,,,,,
,,,,,,,,,,,,,,,,,,,
,,,,,,,,,,,,,,,,,,,
,,,,,,,,,,,,,,,,,,,
,,,,,,,,,,,,,,,,,,,
,,,,,,,,,,,,,,,,,,,
,,,,,,,,,,,,,,,,,,,
,,,,,,,,,,,,,,,,,,,
,,,,,,,,,,,,,,,,,,,
,,,,,,,,,,,,,,,,,,,
,,,,,,,,,,,,,,,,,,,
,,,,,,,,,,,,,,,,,,,
,,,,,,,,,,,,,,,,,,,
,,,,,,,,,,,,,,,,,,,
,,,,,,,,,,,,,,,,,,,
,,,,,,,,,,,,,,,,,,,
,,,,,,,,,,,,,,,,,,,
,,,,,,,,,,,,,,,,,,,
,,,,,,,,,,,,,,,,,,,
,,,,,,,,,,,,,,,,,,,
,,,,,,,,,,,,,,,,,,,
,,,,,,,,,,,,,,,,,,,
,,,,,,,,,,,,,,,,,,,
,,,,,,,,,,,,,,,,,,,
,,,,,,,,,,,,,,,,,,,
,,,,,,,,,,,,,,,,,,,
,,,,,,,,,,,,,,,,,,,
,,,,,,,,,,,,,,,,,,,
,,,,,,,,,,,,,,,,,,,
,,,,,,,,,,,,,,,,,,,
,,,,,,,,,,,,,,,,,,,
,,,,,,,,,,,,,,,,,,,
,,,,,,,,,,,,,,,,,,,
,,,,,,,,,,,,,,,,,,,
,,,,,,,,,,,,,,,,,,,
,,,,,,,,,,,,,,,,,,,
,,,,,,,,,,,,,,,,,,,
,,,,,,,,,,,,,,,,,,,
,,,,,,,,,,,,,,,,,,,
,,,,,,,,,,,,,,,,,,,
,,,,,,,,,,,,,,,,,,,
,,,,,,,,,,,,,,,,,,,
,,,,,,,,,,,,,,,,,,,
,,,,,,,,,,,,,,,,,,,
,,,,,,,,,,,,,,,,,,,
,,,,,,,,,,,,,,,,,,,
,,,,,,,,,,,,,,,,,,,
,,,,,,,,,,,,,,,,,,,
,,,,,,,,,,,,,,,,,,,
,,,,,,,,,,,,,,,,,,,
,,,,,,,,,,,,,,,,,,,
,,,,,,,,,,,,,,,,,,,
,,,,,,,,,,,,,,,,,,,
,,,,,,,,,,,,,,,,,,,
,,,,,,,,,,,,,,,,,,,
,,,,,,,,,,,,,,,,,,,
,,,,,,,,,,,,,,,,,,,
,,,,,,,,,,,,,,,,,,,
,,,,,,,,,,,,,,,,,,,
,,,,,,,,,,,,,,,,,,,
,,,,,,,,,,,,,,,,,,,
,,,,,,,,,,,,,,,,,,,
,,,,,,,,,,,,,,,,,,,
,,,,,,,,,,,,,,,,,,,
,,,,,,,,,,,,,,,,,,,
,,,,,,,,,,,,,,,,,,,
,,,,,,,,,,,,,,,,,,,
,,,,,,,,,,,,,,,,,,,
,,,,,,,,,,,,,,,,,,,
,,,,,,,,,,,,,,,,,,,
,,,,,,,,,,,,,,,,,,,
,,,,,,,,,,,,,,,,,,,
,,,,,,,,,,,,,,,,,,,
,,,,,,,,,,,,,,,,,,,
,,,,,,,,,,,,,,,,,,,
,,,,,,,,,,,,,,,,,,,
,,,,,,,,,,,,,,,,,,,
,,,,,,,,,,,,,,,,,,,
,,,,,,,,,,,,,,,,,,,
,,,,,,,,,,,,,,,,,,,
,,,,,,,,,,,,,,,,,,,
,,,,,,,,,,,,,,,,,,,
,,,,,,,,,,,,,,,,,,,
,,,,,,,,,,,,,,,,,,,
,,,,,,,,,,,,,,,,,,,
,,,,,,,,,,,,,,,,,,,
,,,,,,,,,,,,,,,,,,,
,,,,,,,,,,,,,,,,,,,
,,,,,,,,,,,,,,,,,,,
,,,,,,,,,,,,,,,,,,,
,,,,,,,,,,,,,,,,,,,
,,,,,,,,,,,,,,,,,,,
,,,,,,,,,,,,,,,,,,,
,,,,,,,,,,,,,,,,,,,
,,,,,,,,,,,,,,,,,,,
,,,,,,,,,,,,,,,,,,,
,,,,,,,,,,,,,,,,,,,
,,,,,,,,,,,,,,,,,,,
,,,,,,,,,,,,,,,,,,,
,,,,,,,,,,,,,,,,,,,
,,,,,,,,,,,,,,,,,,,
,,,,,,,,,,,,,,,,,,,
,,,,,,,,,,,,,,,,,,,
,,,,,,,,,,,,,,,,,,,
,,,,,,,,,,,,,,,,,,,
,,,,,,,,,,,,,,,,,,,
,,,,,,,,,,,,,,,,,,,
,,,,,,,,,,,,,,,,,,,
,,,,,,,,,,,,,,,,,,,
,,,,,,,,,,,,,,,,,,,
,,,,,,,,,,,,,,,,,,,
,,,,,,,,,,,,,,,,,,,
,,,,,,,,,,,,,,,,,,,
,,,,,,,,,,,,,,,,,,,
,,,,,,,,,,,,,,,,,,,
,,,,,,,,,,,,,,,,,,,
,,,,,,,,,,,,,,,,,,,
,,,,,,,,,,,,,,,,,,,
,,,,,,,,,,,,,,,,,,,
,,,,,,,,,,,,,,,,,,,
,,,,,,,,,,,,,,,,,,,
,,,,,,,,,,,,,,,,,,,
,,,,,,,,,,,,,,,,,,,
,,,,,,,,,,,,,,,,,,,
,,,,,,,,,,,,,,,,,,,
,,,,,,,,,,,,,,,,,,,
,,,,,,,,,,,,,,,,,,,
,,,,,,,,,,,,,,,,,,,
,,,,,,,,,,,,,,,,,,,
,,,,,,,,,,,,,,,,,,,
,,,,,,,,,,,,,,,,,,,
,,,,,,,,,,,,,,,,,,,
,,,,,,,,,,,,,,,,,,,
,,,,,,,,,,,,,,,,,,,
,,,,,,,,,,,,,,,,,,,
,,,,,,,,,,,,,,,,,,,
,,,,,,,,,,,,,,,,,,,
,,,,,,,,,,,,,,,,,,,
,,,,,,,,,,,,,,,,,,,
,,,,,,,,,,,,,,,,,,,
,,,,,,,,,,,,,,,,,,,
,,,,,,,,,,,,,,,,,,,
,,,,,,,,,,,,,,,,,,,
,,,,,,,,,,,,,,,,,,,
,,,,,,,,,,,,,,,,,,,
,,,,,,,,,,,,,,,,,,,
,,,,,,,,,,,,,,,,,,,
,,,,,,,,,,,,,,,,,,,
,,,,,,,,,,,,,,,,,,,
,,,,,,,,,,,,,,,,,,,
,,,,,,,,,,,,,,,,,,,
,,,,,,,,,,,,,,,,,,,
,,,,,,,,,,,,,,,,,,,
,,,,,,,,,,,,,,,,,,,
,,,,,,,,,,,,,,,,,,,
,,,,,,,,,,,,,,,,,,,
,,,,,,,,,,,,,,,,,,,
,,,,,,,,,,,,,,,,,,,
,,,,,,,,,,,,,,,,,,,
,,,,,,,,,,,,,,,,,,,
,,,,,,,,,,,,,,,,,,,
,,,,,,,,,,,,,,,,,,,
,,,,,,,,,,,,,,,,,,,
,,,,,,,,,,,,,,,,,,,
,,,,,,,,,,,,,,,,,,,
,,,,,,,,,,,,,,,,,,,
,,,,,,,,,,,,,,,,,,,
,,,,,,,,,,,,,,,,,,,
,,,,,,,,,,,,,,,,,,,
,,,,,,,,,,,,,,,,,,,
,,,,,,,,,,,,,,,,,,,
,,,,,,,,,,,,,,,,,,,
,,,,,,,,,,,,,,,,,,,
,,,,,,,,,,,,,,,,,,,
,,,,,,,,,,,,,,,,,,,
,,,,,,,,,,,,,,,,,,,
,,,,,,,,,,,,,,,,,,,
,,,,,,,,,,,,,,,,,,,
,,,,,,,,,,,,,,,,,,,
,,,,,,,,,,,,,,,,,,,
,,,,,,,,,,,,,,,,,,,
,,,,,,,,,,,,,,,,,,,
,,,,,,,,,,,,,,,,,,,
,,,,,,,,,,,,,,,,,,,
,,,,,,,,,,,,,,,,,,,
,,,,,,,,,,,,,,,,,,,
,,,,,,,,,,,,,,,,,,,
,,,,,,,,,,,,,,,,,,,
,,,,,,,,,,,,,,,,,,,
,,,,,,,,,,,,,,,,,,,
,,,,,,,,,,,,,,,,,,,
,,,,,,,,,,,,,,,,,,,
,,,,,,,,,,,,,,,,,,,
,,,,,,,,,,,,,,,,,,,
,,,,,,,,,,,,,,,,,,,
,,,,,,,,,,,,,,,,,,,
,,,,,,,,,,,,,,,,,,,
,,,,,,,,,,,,,,,,,,,
,,,,,,,,,,,,,,,,,,,
,,,,,,,,,,,,,,,,,,,
,,,,,,,,,,,,,,,,,,,
,,,,,,,,,,,,,,,,,,,
,,,,,,,,,,,,,,,,,,,
,,,,,,,,,,,,,,,,,,,
,,,,,,,,,,,,,,,,,,,
,,,,,,,,,,,,,,,,,,,
,,,,,,,,,,,,,,,,,,,
,,,,,,,,,,,,,,,,,,,
,,,,,,,,,,,,,,,,,,,
,,,,,,,,,,,,,,,,,,,
,,,,,,,,,,,,,,,,,,,
,,,,,,,,,,,,,,,,,,,
,,,,,,,,,,,,,,,,,,,
,,,,,,,,,,,,,,,,,,,
,,,,,,,,,,,,,,,,,,,
,,,,,,,,,,,,,,,,,,,
,,,,,,,,,,,,,,,,,,,
,,,,,,,,,,,,,,,,,,,
,,,,,,,,,,,,,,,,,,,
,,,,,,,,,,,,,,,,,,,
,,,,,,,,,,,,,,,,,,,
,,,,,,,,,,,,,,,,,,,
,,,,,,,,,,,,,,,,,,,
,,,,,,,,,,,,,,,,,,,
,,,,,,,,,,,,,,,,,,,
,,,,,,,,,,,,,,,,,,,
,,,,,,,,,,,,,,,,,,,
,,,,,,,,,,,,,,,,,,,
,,,,,,,,,,,,,,,,,,,
,,,,,,,,,,,,,,,,,,,
,,,,,,,,,,,,,,,,,,,
,,,,,,,,,,,,,,,,,,,
,,,,,,,,,,,,,,,,,,,
,,,,,,,,,,,,,,,,,,,
,,,,,,,,,,,,,,,,,,,
,,,,,,,,,,,,,,,,,,,
,,,,,,,,,,,,,,,,,,,
,,,,,,,,,,,,,,,,,,,
,,,,,,,,,,,,,,,,,,,
,,,,,,,,,,,,,,,,,,,
,,,,,,,,,,,,,,,,,,,
,,,,,,,,,,,,,,,,,,,
,,,,,,,,,,,,,,,,,,,
,,,,,,,,,,,,,,,,,,,
,,,,,,,,,,,,,,,,,,,
,,,,,,,,,,,,,,,,,,,
,,,,,,,,,,,,,,,,,,,
,,,,,,,,,,,,,,,,,,,
,,,,,,,,,,,,,,,,,,,
,,,,,,,,,,,,,,,,,,,
,,,,,,,,,,,,,,,,,,,
,,,,,,,,,,,,,,,,,,,
,,,,,,,,,,,,,,,,,,,
,,,,,,,,,,,,,,,,,,,
,,,,,,,,,,,,,,,,,,,
,,,,,,,,,,,,,,,,,,,
,,,,,,,,,,,,,,,,,,,
,,,,,,,,,,,,,,,,,,,
,,,,,,,,,,,,,,,,,,,
,,,,,,,,,,,,,,,,,,,
,,,,,,,,,,,,,,,,,,,
,,,,,,,,,,,,,,,,,,,
,,,,,,,,,,,,,,,,,,,
,,,,,,,,,,,,,,,,,,,
,,,,,,,,,,,,,,,,,,,
,,,,,,,,,,,,,,,,,,,
,,,,,,,,,,,,,,,,,,,
,,,,,,,,,,,,,,,,,,,
,,,,,,,,,,,,,,,,,,,
,,,,,,,,,,,,,,,,,,,
,,,,,,,,,,,,,,,,,,,
,,,,,,,,,,,,,,,,,,,
,,,,,,,,,,,,,,,,,,,
,,,,,,,,,,,,,,,,,,,
,,,,,,,,,,,,,,,,,,,
,,,,,,,,,,,,,,,,,,,
,,,,,,,,,,,,,,,,,,,
,,,,,,,,,,,,,,,,,,,
,,,,,,,,,,,,,,,,,,,
,,,,,,,,,,,,,,,,,,,
,,,,,,,,,,,,,,,,,,,
,,,,,,,,,,,,,,,,,,,
,,,,,,,,,,,,,,,,,,,
,,,,,,,,,,,,,,,,,,,
,,,,,,,,,,,,,,,,,,,
,,,,,,,,,,,,,,,,,,,
,,,,,,,,,,,,,,,,,,,
,,,,,,,,,,,,,,,,,,,
,,,,,,,,,,,,,,,,,,,
,,,,,,,,,,,,,,,,,,,
,,,,,,,,,,,,,,,,,,,
,,,,,,,,,,,,,,,,,,,
,,,,,,,,,,,,,,,,,,,
,,,,,,,,,,,,,,,,,,,
,,,,,,,,,,,,,,,,,,,
,,,,,,,,,,,,,,,,,,,
,,,,,,,,,,,,,,,,,,,
,,,,,,,,,,,,,,,,,,,
,,,,,,,,,,,,,,,,,,,
,,,,,,,,,,,,,,,,,,,
,,,,,,,,,,,,,,,,,,,
,,,,,,,,,,,,,,,,,,,
,,,,,,,,,,,,,,,,,,,
,,,,,,,,,,,,,,,,,,,
,,,,,,,,,,,,,,,,,,,
,,,,,,,,,,,,,,,,,,,
,,,,,,,,,,,,,,,,,,,
,,,,,,,,,,,,,,,,,,,
,,,,,,,,,,,,,,,,,,,
,,,,,,,,,,,,,,,,,,,
,,,,,,,,,,,,,,,,,,,
,,,,,,,,,,,,,,,,,,,
,,,,,,,,,,,,,,,,,,,
,,,,,,,,,,,,,,,,,,,
,,,,,,,,,,,,,,,,,,,
,,,,,,,,,,,,,,,,,,,
,,,,,,,,,,,,,,,,,,,
,,,,,,,,,,,,,,,,,,,
,,,,,,,,,,,,,,,,,,,
,,,,,,,,,,,,,,,,,,,
,,,,,,,,,,,,,,,,,,,
,,,,,,,,,,,,,,,,,,,
,,,,,,,,,,,,,,,,,,,
,,,,,,,,,,,,,,,,,,,
,,,,,,,,,,,,,,,,,,,
,,,,,,,,,,,,,,,,,,,
,,,,,,,,,,,,,,,,,,,
,,,,,,,,,,,,,,,,,,,
,,,,,,,,,,,,,,,,,,,
,,,,,,,,,,,,,,,,,,,
,,,,,,,,,,,,,,,,,,,
,,,,,,,,,,,,,,,,,,,
,,,,,,,,,,,,,,,,,,,
,,,,,,,,,,,,,,,,,,,
,,,,,,,,,,,,,,,,,,,
,,,,,,,,,,,,,,,,,,,
,,,,,,,,,,,,,,,,,,,
,,,,,,,,,,,,,,,,,,,
,,,,,,,,,,,,,,,,,,,
,,,,,,,,,,,,,,,,,,,
,,,,,,,,,,,,,,,,,,,
,,,,,,,,,,,,,,,,,,,
,,,,,,,,,,,,,,,,,,,
,,,,,,,,,,,,,,,,,,,
,,,,,,,,,,,,,,,,,,,
,,,,,,,,,,,,,,,,,,,
,,,,,,,,,,,,,,,,,,,
,,,,,,,,,,,,,,,,,,,
,,,,,,,,,,,,,,,,,,,
,,,,,,,,,,,,,,,,,,,
,,,,,,,,,,,,,,,,,,,
,,,,,,,,,,,,,,,,,,,
,,,,,,,,,,,,,,,,,,,
,,,,,,,,,,,,,,,,,,,
,,,,,,,,,,,,,,,,,,,
,,,,,,,,,,,,,,,,,,,
,,,,,,,,,,,,,,,,,,,
,,,,,,,,,,,,,,,,,,,
,,,,,,,,,,,,,,,,,,,
,,,,,,,,,,,,,,,,,,,
,,,,,,,,,,,,,,,,,,,
,,,,,,,,,,,,,,,,,,,
,,,,,,,,,,,,,,,,,,,
,,,,,,,,,,,,,,,,,,,
,,,,,,,,,,,,,,,,,,,
,,,,,,,,,,,,,,,,,,,
,,,,,,,,,,,,,,,,,,,
,,,,,,,,,,,,,,,,,,,
,,,,,,,,,,,,,,,,,,,
,,,,,,,,,,,,,,,,,,,
,,,,,,,,,,,,,,,,,,,
,,,,,,,,,,,,,,,,,,,
,,,,,,,,,,,,,,,,,,,
,,,,,,,,,,,,,,,,,,,
,,,,,,,,,,,,,,,,,,,
,,,,,,,,,,,,,,,,,,,
,,,,,,,,,,,,,,,,,,,
,,,,,,,,,,,,,,,,,,,
,,,,,,,,,,,,,,,,,,,
,,,,,,,,,,,,,,,,,,,
,,,,,,,,,,,,,,,,,,,
,,,,,,,,,,,,,,,,,,,
,,,,,,,,,,,,,,,,,,,
,,,,,,,,,,,,,,,,,,,
,,,,,,,,,,,,,,,,,,,
,,,,,,,,,,,,,,,,,,,
,,,,,,,,,,,,,,,,,,,
,,,,,,,,,,,,,,,,,,,
,,,,,,,,,,,,,,,,,,,
,,,,,,,,,,,,,,,,,,,
,,,,,,,,,,,,,,,,,,,
,,,,,,,,,,,,,,,,,,,
,,,,,,,,,,,,,,,,,,,
,,,,,,,,,,,,,,,,,,,
,,,,,,,,,,,,,,,,,,,
,,,,,,,,,,,,,,,,,,,
,,,,,,,,,,,,,,,,,,,
,,,,,,,,,,,,,,,,,,,
,,,,,,,,,,,,,,,,,,,
,,,,,,,,,,,,,,,,,,,
,,,,,,,,,,,,,,,,,,,
,,,,,,,,,,,,,,,,,,,
,,,,,,,,,,,,,,,,,,,
,,,,,,,,,,,,,,,,,,,
,,,,,,,,,,,,,,,,,,,
,,,,,,,,,,,,,,,,,,,
,,,,,,,,,,,,,,,,,,,
,,,,,,,,,,,,,,,,,,,
,,,,,,,,,,,,,,,,,,,
,,,,,,,,,,,,,,,,,,,
,,,,,,,,,,,,,,,,,,,
,,,,,,,,,,,,,,,,,,,
,,,,,,,,,,,,,,,,,,,
,,,,,,,,,,,,,,,,,,,
,,,,,,,,,,,,,,,,,,,
,,,,,,,,,,,,,,,,,,,
,,,,,,,,,,,,,,,,,,,
,,,,,,,,,,,,,,,,,,,
,,,,,,,,,,,,,,,,,,,
,,,,,,,,,,,,,,,,,,,
,,,,,,,,,,,,,,,,,,,
,,,,,,,,,,,,,,,,,,,
,,,,,,,,,,,,,,,,,,,
,,,,,,,,,,,,,,,,,,,
,,,,,,,,,,,,,,,,,,,
,,,,,,,,,,,,,,,,,,,
,,,,,,,,,,,,,,,,,,,
,,,,,,,,,,,,,,,,,,,
,,,,,,,,,,,,,,,,,,,
,,,,,,,,,,,,,,,,,,,
,,,,,,,,,,,,,,,,,,,
,,,,,,,,,,,,,,,,,,,
,,,,,,,,,,,,,,,,,,,
,,,,,,,,,,,,,,,,,,,
,,,,,,,,,,,,,,,,,,,
,,,,,,,,,,,,,,,,,,,
,,,,,,,,,,,,,,,,,,,
,,,,,,,,,,,,,,,,,,,
,,,,,,,,,,,,,,,,,,,
,,,,,,,,,,,,,,,,,,,
,,,,,,,,,,,,,,,,,,,
,,,,,,,,,,,,,,,,,,,
,,,,,,,,,,,,,,,,,,,
,,,,,,,,,,,,,,,,,,,
,,,,,,,,,,,,,,,,,,,
,,,,,,,,,,,,,,,,,,,
,,,,,,,,,,,,,,,,,,,
,,,,,,,,,,,,,,,,,,,
,,,,,,,,,,,,,,,,,,,
,,,,,,,,,,,,,,,,,,,
,,,,,,,,,,,,,,,,,,,
,,,,,,,,,,,,,,,,,,,
,,,,,,,,,,,,,,,,,,,
,,,,,,,,,,,,,,,,,,,
,,,,,,,,,,,,,,,,,,,
,,,,,,,,,,,,,,,,,,,
,,,,,,,,,,,,,,,,,,,
,,,,,,,,,,,,,,,,,,,
,,,,,,,,,,,,,,,,,,,
,,,,,,,,,,,,,,,,,,,
,,,,,,,,,,,,,,,,,,,
,,,,,,,,,,,,,,,,,,,
,,,,,,,,,,,,,,,,,,,
,,,,,,,,,,,,,,,,,,,
,,,,,,,,,,,,,,,,,,,
,,,,,,,,,,,,,,,,,,,
,,,,,,,,,,,,,,,,,,,
,,,,,,,,,,,,,,,,,,,
,,,,,,,,,,,,,,,,,,,
,,,,,,,,,,,,,,,,,,,
,,,,,,,,,,,,,,,,,,,
,,,,,,,,,,,,,,,,,,,
,,,,,,,,,,,,,,,,,,,
,,,,,,,,,,,,,,,,,,,
,,,,,,,,,,,,,,,,,,,
,,,,,,,,,,,,,,,,,,,
,,,,,,,,,,,,,,,,,,,
,,,,,,,,,,,,,,,,,,,
,,,,,,,,,,,,,,,,,,,
,,,,,,,,,,,,,,,,,,,
,,,,,,,,,,,,,,,,,,,
,,,,,,,,,,,,,,,,,,,
,,,,,,,,,,,,,,,,,,,
,,,,,,,,,,,,,,,,,,,
,,,,,,,,,,,,,,,,,,,
,,,,,,,,,,,,,,,,,,,
,,,,,,,,,,,,,,,,,,,
,,,,,,,,,,,,,,,,,,,
,,,,,,,,,,,,,,,,,,,
,,,,,,,,,,,,,,,,,,,
,,,,,,,,,,,,,,,,,,,
,,,,,,,,,,,,,,,,,,,
,,,,,,,,,,,,,,,,,,,
,,,,,,,,,,,,,,,,,,,
,,,,,,,,,,,,,,,,,,,
,,,,,,,,,,,,,,,,,,,
,,,,,,,,,,,,,,,,,,,
,,,,,,,,,,,,,,,,,,,
,,,,,,,,,,,,,,,,,,,
,,,,,,,,,,,,,,,,,,,
,,,,,,,,,,,,,,,,,,,
,,,,,,,,,,,,,,,,,,,
,,,,,,,,,,,,,,,,,,,
,,,,,,,,,,,,,,,,,,,
,,,,,,,,,,,,,,,,,,,
,,,,,,,,,,,,,,,,,,,
,,,,,,,,,,,,,,,,,,,
,,,,,,,,,,,,,,,,,,,
,,,,,,,,,,,,,,,,,,,
,,,,,,,,,,,,,,,,,,,
,,,,,,,,,,,,,,,,,,,
,,,,,,,,,,,,,,,,,,,
,,,,,,,,,,,,,,,,,,,
,,,,,,,,,,,,,,,,,,,
,,,,,,,,,,,,,,,,,,,
,,,,,,,,,,,,,,,,,,,
,,,,,,,,,,,,,,,,,,,
,,,,,,,,,,,,,,,,,,,
,,,,,,,,,,,,,,,,,,,
,,,,,,,,,,,,,,,,,,,
,,,,,,,,,,,,,,,,,,,
,,,,,,,,,,,,,,,,,,,
,,,,,,,,,,,,,,,,,,,
,,,,,,,,,,,,,,,,,,,
,,,,,,,,,,,,,,,,,,,
,,,,,,,,,,,,,,,,,,,
,,,,,,,,,,,,,,,,,,,
,,,,,,,,,,,,,,,,,,,
,,,,,,,,,,,,,,,,,,,
,,,,,,,,,,,,,,,,,,,
,,,,,,,,,,,,,,,,,,,
,,,,,,,,,,,,,,,,,,,
,,,,,,,,,,,,,,,,,,,
,,,,,,,,,,,,,,,,,,,
,,,,,,,,,,,,,,,,,,,
,,,,,,,,,,,,,,,,,,,
,,,,,,,,,,,,,,,,,,,
,,,,,,,,,,,,,,,,,,,
,,,,,,,,,,,,,,,,,,,
,,,,,,,,,,,,,,,,,,,
,,,,,,,,,,,,,,,,,,,
,,,,,,,,,,,,,,,,,,,
,,,,,,,,,,,,,,,,,,,
,,,,,,,,,,,,,,,,,,,
,,,,,,,,,,,,,,,,,,,
,,,,,,,,,,,,,,,,,,,
,,,,,,,,,,,,,,,,,,,
,,,,,,,,,,,,,,,,,,,
,,,,,,,,,,,,,,,,,,,
,,,,,,,,,,,,,,,,,,,
,,,,,,,,,,,,,,,,,,,
,,,,,,,,,,,,,,,,,,,
,,,,,,,,,,,,,,,,,,,
,,,,,,,,,,,,,,,,,,,
,,,,,,,,,,,,,,,,,,,
,,,,,,,,,,,,,,,,,,,
,,,,,,,,,,,,,,,,,,,
,,,,,,,,,,,,,,,,,,,
,,,,,,,,,,,,,,,,,,,
,,,,,,,,,,,,,,,,,,,
,,,,,,,,,,,,,,,,,,,
,,,,,,,,,,,,,,,,,,,
,,,,,,,,,,,,,,,,,,,
,,,,,,,,,,,,,,,,,,,
,,,,,,,,,,,,,,,,,,,
,,,,,,,,,,,,,,,,,,,
,,,,,,,,,,,,,,,,,,,
,,,,,,,,,,,,,,,,,,,
,,,,,,,,,,,,,,,,,,,
,,,,,,,,,,,,,,,,,,,
,,,,,,,,,,,,,,,,,,,
,,,,,,,,,,,,,,,,,,,
,,,,,,,,,,,,,,,,,,,
,,,,,,,,,,,,,,,,,,,
,,,,,,,,,,,,,,,,,,,
,,,,,,,,,,,,,,,,,,,
,,,,,,,,,,,,,,,,,,,
,,,,,,,,,,,,,,,,,,,
,,,,,,,,,,,,,,,,,,,
,,,,,,,,,,,,,,,,,,,
,,,,,,,,,,,,,,,,,,,
,,,,,,,,,,,,,,,,,,,
,,,,,,,,,,,,,,,,,,,
,,,,,,,,,,,,,,,,,,,
,,,,,,,,,,,,,,,,,,,
,,,,,,,,,,,,,,,,,,,
,,,,,,,,,,,,,,,,,,,
,,,,,,,,,,,,,,,,,,,
,,,,,,,,,,,,,,,,,,,
,,,,,,,,,,,,,,,,,,,
,,,,,,,,,,,,,,,,,,,
,,,,,,,,,,,,,,,,,,,
,,,,,,,,,,,,,,,,,,,
,,,,,,,,,,,,,,,,,,,
,,,,,,,,,,,,,,,,,,,
,,,,,,,,,,,,,,,,,,,
,,,,,,,,,,,,,,,,,,,
,,,,,,,,,,,,,,,,,,,
,,,,,,,,,,,,,,,,,,,
,,,,,,,,,,,,,,,,,,,
