UNIT CODE,GEO,PROJECT,PHASE,SUB PHASE,BATCH,UNIT TYPE,LOT AREA,FLOOR AREA,TCP,VAT,TCP w/o VAT,ESTIMATED TURNOVER DATE,S HOUSECON,SU & INVENTORY,APPLICABLE TERM,HOUSE CON TAG,,,
B041L065,SOMA3,LIPA,1,A,1,CALISTA MID,44,40,"1,999,907.00",0.00,"1,999,907.00",Dec-2026,80%,REOPEN,RSBS WITHIN THE MONTH,RED TAG,,,
B042L047,SOMA3,LIPA,1,A,2,CALISTA MID,44,40,"1,999,907.00",0,"1,999,907.00",Dec-2026,80%,REOPEN,RSBS WITHIN THE MONTH,RED TAG,,,
B042L043,SOMA3,LIPA,1,A,2,CALISTA MID,44,40,"1,999,907.00",0,"1,999,907.00",Dec-2026,80%,REOPEN,RSBS WITHIN THE MONTH,RED TAG,,,
B032L020,SOMA3,BATULAO,1,A,3,CALISTA END,147,40,"5,824,953.00","582,499","5,242,455.00",May-2025,80%,REOPEN,RSBS WITHIN THE MONTH,RED TAG,,,
B004L003,SOMA3,EDITIONS BATULAO VOL. 1,2,,1,CORIN,188,120,"10,837,123.00","1,083,720","9,753,403.00",Feb-2026,60%,OPEN,MEMO TERMS,RED TAG,,,
B004L004,SOMA3,EDITIONS BATULAO VOL. 1,2,,1,CORIN,174,120,"10,467,723.00","1,046,777","9,420,945.00",Feb-2026,60%,OPEN,MEMO TERMS,RED TAG,,,
B004L007,SOMA3,EDITIONS BATULAO VOL. 1,2,,1,CORIN,175,120,"10,494,151.00","1,049,416","9,444,735.00",Mar-2026,60%,OPEN,MEMO TERMS,RED TAG,,,
B004L012,SOMA3,EDITIONS BATULAO VOL. 1,2,,1,CORIN,163,120,"10,079,629.00","1,007,971","9,071,658.00",Apr-2026,60%,OPEN,MEMO TERMS,RED TAG,,,
B010L007,SOMA3,EDITIONS BATULAO VOL. 1,2,,2,CHRISTIE,435,90,"14,728,336.00","1,472,843","13,255,493.00",Jun-2027,60%,OPEN,MEMO TERMS,RED TAG,,,
B013L002,SOMA3,EDITIONS BATULAO VOL. 1,2,,2,CORIN,150,120,"10,077,437.00","1,007,747","9,069,690.00",Aug-2026,30%,OPEN,MEMO TERMS,YELLOW TAG,,,
B013L003,SOMA3,EDITIONS BATULAO VOL. 1,2,,2,CORIN,149,120,"10,049,396.00","1,004,946","9,044,450.00",Aug-2026,20%,OPEN,MEMO TERMS,YELLOW TAG,,,
B013L004,SOMA3,EDITIONS BATULAO VOL. 1,2,,2,CORIN,149,120,"10,049,396.00","1,004,946","9,044,450.00",Aug-2026,18%,OPEN,MEMO TERMS,YELLOW TAG,,,
B013L005,SOMA3,EDITIONS BATULAO VOL. 1,2,,2,CORIN,149,120,"10,049,396.00","1,004,946","9,044,450.00",Sep-2026,18%,OPEN,MEMO TERMS,YELLOW TAG,,,
B014L002,SOMA3,EDITIONS BATULAO VOL. 1,2,,2,CORIN,155,120,"10,217,440.00","1,021,751","9,195,689.00",Nov-2026,0%,OPEN,MEMO TERMS,YELLOW TAG,,,
B014L003,SOMA3,EDITIONS BATULAO VOL. 1,2,,2,CORIN,155,120,"10,217,440.00","1,021,751","9,195,689.00",Nov-2026,0%,OPEN,MEMO TERMS,YELLOW TAG,,,
B014L005,SOMA3,EDITIONS BATULAO VOL. 1,2,,2,CORIN,155,120,"10,685,443.00","1,068,551","9,616,892.00",Dec-2026,0%,OPEN,MEMO TERMS,YELLOW TAG,,,
B014L006,SOMA3,EDITIONS BATULAO VOL. 1,2,,2,CORIN,157,120,"10,747,560.00","1,074,756","9,672,804.00",Dec-2026,0%,OPEN,MEMO TERMS,YELLOW TAG,,,
B014L007,SOMA3,EDITIONS BATULAO VOL. 1,2,,2,CORIN,153,120,"10,623,426.00","1,062,346","9,561,080.00",Dec-2026,0%,OPEN,MEMO TERMS,YELLOW TAG,,,
B014L009,SOMA3,EDITIONS BATULAO VOL. 1,2,,2,CORIN,150,120,"10,530,350.00","1,053,037","9,477,312.00",Jan-2027,0%,OPEN,MEMO TERMS,YELLOW TAG,,,
B014L020,SOMA3,EDITIONS BATULAO VOL. 1,2,,2,CORIN,145,120,"9,615,494.00","961,553","8,653,941.00",Mar-2027,0%,OPEN,MEMO TERMS,YELLOW TAG,,,
B004L013,SOMA3,EDITIONS BATULAO VOL. 1,2,,1,CORIN,163,120,"10,079,629.00","1,007,971","9,071,658.00",Apr-2026,60%,REOPEN,RSBS WITHIN THE MONTH,RED TAG,,,
B043L034,SOMA3,LIPA,1,A,2,CALISTA MID,44,40,"1,999,907",0.00,"1,999,907.00",Dec-2026,80%,REOPEN,RSBS WITHIN THE MONTH,RED TAG,,,
B039L024,SOMA3,BATULAO,1,A,4,CALISTA END,159,40,"6,480,212.00","648,023","5,832,190.00",May-2025,80%,REOPEN,RSBS WITHIN THE MONTH,RED TAG,,,
B015L012,SOMA3,EDITIONS BATULAO VOL.2W,1,,1,CHARLES,241,70,"9,998,861.00","999,896","8,998,965.00",Mar-2028,0%,OPEN,MEMO TERMS,YELLOW TAG,,,
B015L024,SOMA3,EDITIONS BATULAO VOL.2W,1,,1,CARTLAND,233,54,"9,101,297.00","910,135","8,191,161.00",Apr-2028,0%,OPEN,MEMO TERMS,YELLOW TAG,,,
B023L010,SOMA3,EDITIONS BATULAO VOL.2W,1,,2,CORIN,156,120,"9,962,074.00","996,212.00","8,965,863.00",Sep-2028,0%,OPEN,MEMO TERMS,YELLOW TAG,,,
B023L011,SOMA3,EDITIONS BATULAO VOL.2W,1,,2,CORIN,169,120,"10,349,122.00","1,034,917.00","9,314,205.00",Sep-2028,0%,OPEN,MEMO TERMS,YELLOW TAG,,,
B023L012,SOMA3,EDITIONS BATULAO VOL.2W,1,,2,CORIN,246,120,"12,641,619.00","1,264,170","11,377,450.00",Sep-2028,0%,OPEN,MEMO TERMS,YELLOW TAG,,,
B023L013,SOMA3,EDITIONS BATULAO VOL.2W,1,,2,CORIN,219,120,"11,837,736.00","1,183,782.00","10,653,953.00",Sep-2028,0%,OPEN,MEMO TERMS,YELLOW TAG,,,
B023L014,SOMA3,EDITIONS BATULAO VOL.2W,1,,2,CORIN,231,120,"12,195,095.00","1,219,510","10,975,585.00",Sep-2028,0%,OPEN,MEMO TERMS,YELLOW TAG,,,
B023L015,SOMA3,EDITIONS BATULAO VOL.2W,1,,2,CORIN CORNER,252,120,"13,470,769.00","1,347,082.00","12,123,686.00",Sep-2028,0%,OPEN,MEMO TERMS,YELLOW TAG,,,
B023L017,SOMA3,EDITIONS BATULAO VOL.2W,1,,2,CORIN,148,120,"10,015,638.00","1,001,565.00","9,014,073.00",Sep-2028,0%,OPEN,MEMO TERMS,YELLOW TAG,,,
B023L018,SOMA3,EDITIONS BATULAO VOL.2W,1,,2,CORIN,223,120,"12,315,583.00","1,231,562.00","11,084,020.00",Sep-2028,0%,OPEN,MEMO TERMS,YELLOW TAG,,,
B023L019,SOMA3,EDITIONS BATULAO VOL.2W,1,,2,CORIN CORNER,233,120,"12,888,152.00","1,288,816.00","11,599,336.00",Sep-2028,0%,OPEN,MEMO TERMS,YELLOW TAG,,,
B023L020,SOMA3,EDITIONS BATULAO VOL.2W,1,,2,CORIN,260,120,"13,058,455.00","1,305,852.00","11,752,603.00",Sep-2028,0%,OPEN,MEMO TERMS,YELLOW TAG,,,
B024L010,SOMA3,EDITIONS BATULAO VOL.2W,1,,2,CORIN CORNER,256,120,"13,981,661.00","1,398,167","12,583,493.00",May-2028,0%,OPEN,MEMO TERMS,YELLOW TAG,,,
B024L011,SOMA3,EDITIONS BATULAO VOL.2W,1,,2,CORIN,156,120,"10,559,753.00","1,055,984.00","9,503,768.00",May-2028,0%,OPEN,MEMO TERMS,YELLOW TAG,,,
B024L012,SOMA3,EDITIONS BATULAO VOL.2W,1,,2,CORIN,157,120,"10,591,308.00","1,059,140","9,532,168.00",May-2028,0%,OPEN,MEMO TERMS,YELLOW TAG,,,
B024L013,SOMA3,EDITIONS BATULAO VOL.2W,1,,2,CORIN,155,120,"10,528,197.00","1,052,828","9,475,369.00",Jun-2028,0%,OPEN,MEMO TERMS,YELLOW TAG,,,
B024L014,SOMA3,EDITIONS BATULAO VOL.2W,1,,2,CORIN,181,120,"11,348,742.00","1,134,883","10,213,859.00",Jun-2028,0%,OPEN,MEMO TERMS,YELLOW TAG,,,
B024L015,SOMA3,EDITIONS BATULAO VOL.2W,1,,2,CORIN CORNER,230,120,"13,161,115.00","1,316,112","11,845,003.00",Jun-2028,0%,OPEN,MEMO TERMS,YELLOW TAG,,,
B023L044,SOMA3,BATULAO,2,B,3,CALISTA END CORNER,113,40,"5,090,206.00","509,026","4,581,180.00",Aug-2027,80%,REOPEN,RSBS WITHIN THE MONTH,RED TAG,,,
B023L001,SOMA3,EDITIONS BATULAO VOL.2W,1,-,3,CORIN CORNER,321,120,"15,140,491.00","1,514,056","13,626,435.00",Mar-2029,0%,OPEN,MEMO TERMS,YELLOW TAG,,,
B023L003,SOMA3,EDITIONS BATULAO VOL.2W,1,-,3,CORIN,167,120,"10,289,545.00","1,028,962","9,260,583.00",Mar-2029,0%,OPEN,MEMO TERMS,YELLOW TAG,,,
B023L004,SOMA3,EDITIONS BATULAO VOL.2W,1,-,3,CORIN,182,120,"10,736,169.00","1,073,622","9,662,548.00",Mar-2029,0%,OPEN,MEMO TERMS,YELLOW TAG,,,
B023L005,SOMA3,EDITIONS BATULAO VOL.2W,1,-,3,CORIN,228,120,"12,105,730.00","1,210,578","10,895,152.00",Mar-2029,0%,OPEN,MEMO TERMS,YELLOW TAG,,,
B023L006,SOMA3,EDITIONS BATULAO VOL.2W,1,-,3,CORIN,220,120,"11,867,524.00","1,186,760","10,680,764.00",Mar-2029,0%,OPEN,MEMO TERMS,YELLOW TAG,,,
B023L007,SOMA3,EDITIONS BATULAO VOL.2W,1,-,3,CORIN,201,120,"11,301,847.00","1,130,191.00","10,171,656.00",Mar-2029,0%,OPEN,MEMO TERMS,YELLOW TAG,,,
B025L010,SOMA3,EDITIONS BATULAO VOL.2W,1,-,3,CORIN,149,120,"9,753,656.00","975,370","8,778,286.00",Oct-2028,0%,OPEN,MEMO TERMS,YELLOW TAG,,,
B025L011,SOMA3,EDITIONS BATULAO VOL.2W,1,-,3,CORIN,168,120,"10,319,334.00","1,031,939","9,287,394.00",Oct-2028,0%,OPEN,MEMO TERMS,YELLOW TAG,,,
B025L012,SOMA3,EDITIONS BATULAO VOL.2W,1,-,3,CORIN,152,120,"9,843,021.00","984,302","8,858,719",Oct-2028,0%,OPEN,MEMO TERMS,YELLOW TAG,,,
B025L013,SOMA3,EDITIONS BATULAO VOL.2W,1,-,3,CORIN,144,120,"9,604,815.00","960,484","8,644,331.00",Oct-2028,0%,OPEN,MEMO TERMS,YELLOW TAG,,,
B026L025,SOMA3,BATULAO,2,B,5,BRENNA REGULAR,105,45,"5,231,828.00","523,192","4,708,636.00",May-2027,22%,REOPEN,RSBS WITHIN THE MONTH,YELLOW TAG,,,
B004L010,SOMA3,EDITIONS BATULAO VOL.2W,1,,4,CHRISTIE CORNER,183,90,"9,396,685.00","939,673","8,457,011.00",May-2029,0%,OPEN,MEMO TERMS,YELLOW TAG,,,
B004L011,SOMA3,EDITIONS BATULAO VOL.2W,1,,4,CHRISTIE CORNER,184,90,"9,426,473.00","942,651.00","8,483,822.00",May-2029,0%,OPEN,MEMO TERMS,YELLOW TAG,,,
B006L011,SOMA3,EDITIONS BATULAO VOL.2W,1,,4,CHRISTIE CORNER,182,90,"9,596,372.00","959,643","8,636,728.00",Apr-2029,0%,OPEN,MEMO TERMS,YELLOW TAG,,,
B006L012,SOMA3,EDITIONS BATULAO VOL.2W,1,,4,CHRISTIE CORNER,184,90,"9,426,473.00","942,651","8,483,822",Apr-2029,0%,OPEN,MEMO TERMS,YELLOW TAG,,,
B006L022,SOMA3,EDITIONS BATULAO VOL.2W,1,,4,CHRISTIE CORNER,180,90,"9,307,320.00","930,741.00","8,376,578.00",Apr-2029,0%,OPEN,MEMO TERMS,YELLOW TAG,,,
B006L002,SOMA3,EDITIONS BATULAO VOL.2W,1,,4,CHRISTIE,140,90,"8,126,609.00","812,669","7,313,940.00",Apr-2029,0%,OPEN,MEMO TERMS,YELLOW TAG,,,
B006L003,SOMA3,EDITIONS BATULAO VOL.2W,1,,4,CHRISTIE,140,90,"8,126,609.00","812,669.00","7,313,940.00",Apr-2029,0%,OPEN,MEMO TERMS,YELLOW TAG,,,
B006L004,SOMA3,EDITIONS BATULAO VOL.2W,1,,4,CHRISTIE,140,90,"8,126,609.00","812,669.00","7,313,940.00",Apr-2029,0%,OPEN,MEMO TERMS,YELLOW TAG,,,
B006L005,SOMA3,EDITIONS BATULAO VOL.2W,1,,4,CHRISTIE,140,90,"8,126,609.00","812,669.00","7,313,940.00",Apr-2029,0%,OPEN,MEMO TERMS,YELLOW TAG,,,
B006L006,SOMA3,EDITIONS BATULAO VOL.2W,1,,4,CHRISTIE,140,90,"8,126,609.00","812,669.00","7,313,940.00",Apr-2029,0%,OPEN,MEMO TERMS,YELLOW TAG,,,
B006L007,SOMA3,EDITIONS BATULAO VOL.2W,1,,4,CHRISTIE,140,90,"8,126,609","812,669","7,313,940",Apr-2029,0%,OPEN,MEMO TERMS,YELLOW TAG,,,
B006L009,SOMA3,EDITIONS BATULAO VOL.2W,1,,4,CHRISTIE,140,90,"8,126,609","812,669","7,313,940",Apr-2029,0%,OPEN,MEMO TERMS,YELLOW TAG,,,
B006L010,SOMA3,EDITIONS BATULAO VOL.2W,1,,4,CHRISTIE,140,90,"8,126,609.00","812,669.00","7,313,940.00",Apr-2029,0%,OPEN,MEMO TERMS,YELLOW TAG,,,
B006L013,SOMA3,EDITIONS BATULAO VOL.2W,1,,4,CHRISTIE,140,90,"7,928,411.00","792,848.00","7,135,563.00",Apr-2029,0%,OPEN,MEMO TERMS,YELLOW TAG,,,
B006L014,SOMA3,EDITIONS BATULAO VOL.2W,1,,4,CHRISTIE,140,90,"7,928,411.00","792,848.00","7,135,563.00",Apr-2029,0%,OPEN,MEMO TERMS,YELLOW TAG,,,
B006L016,SOMA3,EDITIONS BATULAO VOL.2W,1,,4,CHRISTIE,140,90,"7,928,411.00","792,848.00","7,135,563.00",Apr-2029,0%,OPEN,MEMO TERMS,YELLOW TAG,,,
B006L018,SOMA3,EDITIONS BATULAO VOL.2W,1,,4,CHRISTIE,140,90,"7,928,411.00","792,848","7,135,563.00",Apr-2029,0%,OPEN,MEMO TERMS,YELLOW TAG,,,
B006L019,SOMA3,EDITIONS BATULAO VOL.2W,1,,4,CHRISTIE,140,90,"7,928,411.00","792,848","7,135,563.00",Apr-2029,0%,OPEN,MEMO TERMS,YELLOW TAG,,,
B006L021,SOMA3,EDITIONS BATULAO VOL.2W,1,,4,CHRISTIE,140,90,"7,928,411.00","792,848.00","7,135,563.00",Apr-2029,0%,OPEN,MEMO TERMS,YELLOW TAG,,,
B010L001,SOMA3,EDITIONS BATULAO VOL.2W,1,-,3,CHARLES,199,70,"8,849,419.00","884,948","7,964,471.00",Nov-2028,20%,FALLOUT,MEMO TERMS,YELLOW TAG,,,
B026L006,SOMA3,EDITIONS BATULAO VOL.2W,1,-,3,CORIN,132,120,"9,247,555.00","924,756","8,322,799.00",Mar-2029,0%,OPEN,MEMO TERMS,YELLOW TAG,,,
B008L001,SOMA3,EDITIONS BATULAO VOL.2W,1,-,3,CHARLES CORNER,236,70,"10,097,268.00","1,009,732","9,087,536.00",Feb-2029,0%,OPEN,MEMO TERMS,YELLOW TAG,,,
B008L004,SOMA3,EDITIONS BATULAO VOL.2W,1,-,3,CHARLES CORNER,209,70,"9,293,385","929,345","8,364,040",Mar-2029,0%,OPEN,MEMO TERMS,YELLOW TAG,,,
B005L016,SOMA3,EDITIONS BATULAO VOL.2W,1,-,3,CHARLES,173,70,"7,994,554.00","799,463.00","7,195,091.00",Mar-2029,0%,OPEN,MEMO TERMS,YELLOW TAG,,,
B008L002,SOMA3,EDITIONS BATULAO VOL.2W,1,-,3,CHARLES,148,70,"7,331,017.00","733,105.00","6,597,912.00",Feb-2029,0%,OPEN,MEMO TERMS,YELLOW TAG,,,
B008L003,SOMA3,EDITIONS BATULAO VOL.2W,1,-,3,CHARLES,148,70,"7,331,017.00","733,105","6,597,912.00",Feb-2029,0%,OPEN,MEMO TERMS,YELLOW TAG,,,
B008L006,SOMA3,EDITIONS BATULAO VOL.2W,1,-,3,CHARLES,160,70,"7,688,276.00","768,833.00","6,919,443.00",Feb-2029,0%,OPEN,MEMO TERMS,YELLOW TAG,,,
B008L007,SOMA3,EDITIONS BATULAO VOL.2W,1,-,3,CHARLES,160,70,"7,688,276","768,833","6,919,443",Feb-2029,0%,OPEN,MEMO TERMS,YELLOW TAG,,,
B006L019,SOMA3,IMPRESSIONS BATULAO EXP,3,,1,CALISTA MID,52,40,"2,978,149",0,"2,978,149",Nov-2028,0%,OPEN,MEMO TERMS,YELLOW TAG,,,
B008L031,SOMA3,IMPRESSIONS BATULAO EXP,3,,1,CALISTA MID,50,40,"2,952,631",0,"2,952,631",Dec-2028,0%,OPEN,MEMO TERMS,YELLOW TAG,,,
B008L041,SOMA3,IMPRESSIONS BATULAO EXP,3,,1,CALISTA MID,50,40,"2,952,631.00",0,"2,952,631.00",Dec-2028,0%,OPEN,MEMO TERMS,YELLOW TAG,,,
B031L023,SOMA3,LIPA COVE,4,B,1,AMANI MID,40,36,"1,913,342.00",0,"1,913,342",Sep-2026,0%,OPEN,MEMO TERMS,YELLOW TAG,,,
B031L045,SOMA3,LIPA COVE,4,B,1,AMANI MID,40,36,"2,075,932",0,"2,075,932",Aug-2026,12%,OPEN,MEMO TERMS,YELLOW TAG,,,
B035L003,SOMA3,LIPA COVE,4,B,1,AMANI MID,44,36,"1,964,513.00",0.00,"1,964,513.00",Oct-2026,0%,OPEN,MEMO TERMS,YELLOW TAG,,,
B035L004,SOMA3,LIPA COVE,4,B,1,AMANI MID,44,36,"1,964,513.00",0.00,"1,964,513.00",Oct-2026,0%,OPEN,MEMO TERMS,YELLOW TAG,,,
B035L006,SOMA3,LIPA COVE,4,B,1,AMANI MID,44,36,"1,964,513",0,"1,964,513",Oct-2026,0%,OPEN,MEMO TERMS,YELLOW TAG,,,
B035L007,SOMA3,LIPA COVE,4,B,1,AMANI MID,44,36,"1,964,513.00",0.00,"1,964,513.00",Oct-2026,0%,OPEN,MEMO TERMS,YELLOW TAG,,,
B035L010,SOMA3,LIPA COVE,4,B,1,AMANI MID,40,36,"1,913,342.00",0,"1,913,342.00",Oct-2026,0%,OPEN,MEMO TERMS,YELLOW TAG,,,
B035L011,SOMA3,LIPA COVE,4,B,1,AMANI MID,40,36,"1,913,342",0,"1,913,342",Oct-2026,0%,OPEN,MEMO TERMS,YELLOW TAG,,,
B035L016,SOMA3,LIPA COVE,4,B,1,AMANI MID,40,36,"1,961,133.00",0.00,"1,961,133.00",Oct-2026,5%,OPEN,MEMO TERMS,YELLOW TAG,,,
B025L012,SOMA3,"STO. TOMAS, BATANGAS",1,A,3,CALISTA MID,50,40,"2,506,132",,"2,506,132",May-2027,0%,OPEN,MEMO TERMS,YELLOW TAG,,,
B025L013,SOMA3,"STO. TOMAS, BATANGAS",1,A,3,CALISTA MID,50,40,"2,506,132.00",,"2,506,132.00",May-2027,0%,OPEN,MEMO TERMS,YELLOW TAG,,,
B025L021,SOMA3,"STO. TOMAS, BATANGAS",1,A,3,CALISTA MID,50,40,"2,506,132.00",,"2,506,132.00",Apr-2027,7%,OPEN,MEMO TERMS,YELLOW TAG,,,
B025L031,SOMA3,"STO. TOMAS, BATANGAS",1,A,3,CALISTA MID,50,40,"2,506,132.00",,"2,506,132.00",Apr-2027,3%,OPEN,MEMO TERMS,YELLOW TAG,,,
B025L032,SOMA3,"STO. TOMAS, BATANGAS",1,A,3,CALISTA MID,50,40,"2,506,132.00",,"2,506,132.00",Apr-2027,3%,OPEN,MEMO TERMS,YELLOW TAG,,,
B025L033,SOMA3,"STO. TOMAS, BATANGAS",1,A,3,CALISTA MID,50,40,"2,506,132.00",,"2,506,132.00",Apr-2027,3%,OPEN,MEMO TERMS,YELLOW TAG,,,
B025L034,SOMA3,"STO. TOMAS, BATANGAS",1,A,3,CALISTA MID,50,40,"2,506,132.00",,"2,506,132.00",Apr-2027,3%,OPEN,MEMO TERMS,YELLOW TAG,,,
B025L074,SOMA3,"STO. TOMAS, BATANGAS",1,A,3,CALISTA MID,50,40,"2,506,132.00",,"2,506,132.00",Mar-2027,0%,OPEN,MEMO TERMS,YELLOW TAG,,,
B025L076,SOMA3,"STO. TOMAS, BATANGAS",1,A,3,CALISTA MID,50,40,"2,506,132.00",,"2,506,132.00",Mar-2027,0%,OPEN,MEMO TERMS,YELLOW TAG,,,
B025L077,SOMA3,"STO. TOMAS, BATANGAS",1,A,3,CALISTA MID,50,40,"2,506,132.00",,"2,506,132.00",Mar-2027,0%,OPEN,MEMO TERMS,YELLOW TAG,,,
B002L001,SOMA3,BATULAO,2,B,5,UNNA CORNER,129,54,"6,704,214.00","670,426.00","6,033,787.00",Aug-2026,10%,CANCELLED,RSBS WITHIN THE MONTH,YELLOW TAG,,,
B028L001,SOMA3,BATULAO,1,A,1,CALISTA END CORNER,124,40,"5,269,950.00","526,998.00","4,742,952.00",Feb-2025,80%,CANCELLED,RSBS WITHIN THE MONTH,RED TAG,,,
B029L013,SOMA3,BATULAO,1,A,3,CALISTA END,172,40,"6,717,389.00","671,742.00","6,045,647.00",Jul-2025,10%,CANCELLED,RSBS WITHIN THE MONTH,YELLOW TAG,,,
B006L015,SOMA3,EDITIONS BATULAO VOL.2W,1,-,4,CHRISTIE,140,90,"7,928,411.00","792,848","7,135,563.00",Apr-2029,0%,FALLOUT,MEMO TERMS,YELLOW TAG,,,
B024L031,SOMA3,"STO. TOMAS, BATANGAS",1,A,4,CALISTA MID,50,40,"2,506,132.00",,"2,506,132",Jul-2027,0%,OPEN,MEMO TERMS,YELLOW TAG,,,
B024L032,SOMA3,"STO. TOMAS, BATANGAS",1,A,4,CALISTA MID,50,40,"2,506,132.00",,"2,506,132.00",Jul-2027,0%,OPEN,MEMO TERMS,YELLOW TAG,,,
B024L033,SOMA3,"STO. TOMAS, BATANGAS",1,A,4,CALISTA MID,50,40,"2,506,132.00",,"2,506,132.00",Jul-2027,0%,OPEN,MEMO TERMS,YELLOW TAG,,,
B024L053,SOMA3,"STO. TOMAS, BATANGAS",1,A,4,CALISTA MID,50,40,"2,506,132.00",,"2,506,132.00",Jun-2027,0%,OPEN,MEMO TERMS,YELLOW TAG,,,
B037L006,SOMA3,EDITIONS BATULAO VOL.2 EAST,1,,1,LOT ONLY,135,,"3,537,069.00","353,707","3,183,362",Feb-2027,0%,OPEN,MEMO TERMS,YELLOW TAG,,,
B037L021,SOMA3,EDITIONS BATULAO VOL.2 EAST,1,,1,LOT ONLY,134,,"3,510,816","351,087.00","3,159,729.00",Feb-2027,0%,OPEN,MEMO TERMS,YELLOW TAG,,,
B040L004,SOMA3,EDITIONS BATULAO VOL.2 EAST,1,,1,LOT ONLY,142,,"3,720,446.00","372,048.00","3,348,398.00",Feb-2027,0%,OPEN,MEMO TERMS,YELLOW TAG,,,
B042L002,SOMA3,EDITIONS BATULAO VOL.2 EAST,1,,1,LOT ONLY,109,,"2,855,769.00","285,586.00","2,570,183.00",Feb-2027,0%,OPEN,MEMO TERMS,YELLOW TAG,,,
B004L009,SOMA3,EDITIONS BATULAO VOL.2W,1,-,4,CHRISTIE,132,90,"7,690,205.00","769,029","6,921,176.00",May-2029,0%,REOPEN,RSBS WITHIN THE MONTH,YELLOW TAG,,,
B001L037,SOMA3,SIGHTS BATANGAS,1,,1,ALORA MID,45,30,"1,348,461.00",,"1,348,461.00",Jan-2028,0%,OPEN,MEMO TERMS,YELLOW TAG,,,
B001L038,SOMA3,SIGHTS BATANGAS,1,,1,ALORA MID,45,30,"1,348,461.00",,"1,348,461.00",Jan-2028,0%,OPEN,MEMO TERMS,YELLOW TAG,,,
B001L039,SOMA3,SIGHTS BATANGAS,1,,1,ALORA MID,45,30,"1,348,461.00",,"1,348,461.00",Jan-2028,0%,OPEN,MEMO TERMS,YELLOW TAG,,,
B001L040,SOMA3,SIGHTS BATANGAS,1,,1,ALORA MID,45,30,"1,348,461.00",,"1,348,461.00",Jan-2028,0%,OPEN,MEMO TERMS,YELLOW TAG,,,
B001L041,SOMA3,SIGHTS BATANGAS,1,,1,ALORA MID,45,30,"1,348,461.00",,"1,348,461.00",Jan-2028,0%,OPEN,MEMO TERMS,YELLOW TAG,,,
B001L042,SOMA3,SIGHTS BATANGAS,1,,1,ALORA MID,45,30,"1,348,461.00",,"1,348,461.00",Jan-2028,0%,OPEN,MEMO TERMS,YELLOW TAG,,,
B001L046,SOMA3,SIGHTS BATANGAS,1,,1,ALORA MID,45,30,"1,348,461.00",,"1,348,461.00",Jan-2028,0%,OPEN,MEMO TERMS,YELLOW TAG,,,
B001L047,SOMA3,SIGHTS BATANGAS,1,,1,ALORA MID,45,30,"1,348,461.00",,"1,348,461.00",Jan-2028,0%,OPEN,MEMO TERMS,YELLOW TAG,,,
B001L049,SOMA3,SIGHTS BATANGAS,1,,1,ALORA MID,45,30,"1,348,461.00",,"1,348,461.00",Jan-2028,0%,OPEN,MEMO TERMS,YELLOW TAG,,,
B001L051,SOMA3,SIGHTS BATANGAS,1,,1,ALORA MID,45,30,"1,348,461",,"1,348,461",Jan-2028,0%,OPEN,MEMO TERMS,YELLOW TAG,,,
B001L052,SOMA3,SIGHTS BATANGAS,1,,1,ALORA MID,45,30,"1,348,461.00",,"1,348,461.00",Jan-2028,0%,OPEN,MEMO TERMS,YELLOW TAG,,,
B001L053,SOMA3,SIGHTS BATANGAS,1,,1,ALORA MID,45,30,"1,348,461",,"1,348,461",Jan-2028,0%,OPEN,MEMO TERMS,YELLOW TAG,,,
B001L054,SOMA3,SIGHTS BATANGAS,1,,1,ALORA END,62,30,"1,683,937.00",,"1,683,937",Jan-2028,0%,OPEN,MEMO TERMS,YELLOW TAG,,,
B001L056,SOMA3,SIGHTS BATANGAS,1,,1,ALORA MID,45,30,"1,348,461",,"1,348,461",Jan-2028,0%,OPEN,MEMO TERMS,YELLOW TAG,,,
B001L057,SOMA3,SIGHTS BATANGAS,1,,1,ALORA MID,45,30,"1,348,461.00",,"1,348,461",Jan-2028,0%,OPEN,MEMO TERMS,YELLOW TAG,,,
B001L058,SOMA3,SIGHTS BATANGAS,1,,1,ALORA MID,45,30,"1,348,461",,"1,348,461",Jan-2028,0%,OPEN,MEMO TERMS,YELLOW TAG,,,
B001L059,SOMA3,SIGHTS BATANGAS,1,,1,ALORA MID,45,30,"1,348,461",,"1,348,461",Jan-2028,0%,OPEN,MEMO TERMS,YELLOW TAG,,,
B001L060,SOMA3,SIGHTS BATANGAS,1,,1,ALORA MID,45,30,"1,348,461",,"1,348,461",Jan-2028,0%,OPEN,MEMO TERMS,YELLOW TAG,,,
B001L061,SOMA3,SIGHTS BATANGAS,1,,1,ALORA MID,45,30,"1,348,461.00",,"1,348,461.00",Jan-2028,0%,OPEN,MEMO TERMS,YELLOW TAG,,,
B001L062,SOMA3,SIGHTS BATANGAS,1,,1,ALORA MID,45,30,"1,348,461.00",,"1,348,461.00",Jan-2028,0%,OPEN,MEMO TERMS,YELLOW TAG,,,
B001L063,SOMA3,SIGHTS BATANGAS,1,,1,ALORA MID,45,30,"1,389,411.00",,"1,389,411.00",Jan-2028,0%,OPEN,MEMO TERMS,YELLOW TAG,,,
B001L064,SOMA3,SIGHTS BATANGAS,1,,1,ALORA MID,45,30,"1,389,411.00",,"1,389,411.00",Jan-2028,0%,OPEN,MEMO TERMS,YELLOW TAG,,,
B003L032,SOMA3,SIGHTS BATANGAS,1,,1,ALORA MID,41,30,"1,302,428.00",,"1,302,428.00",Jan-2028,0%,OPEN,MEMO TERMS,YELLOW TAG,,,
B003L033,SOMA3,SIGHTS BATANGAS,1,,1,ALORA MID,41,30,"1,302,428.00",,"1,302,428.00",Jan-2028,0%,OPEN,MEMO TERMS,YELLOW TAG,,,
B004L020,SOMA3,SIGHTS BATANGAS,1,,1,ALORA MID,41,30,"1,302,428.00",,"1,302,428.00",Jan-2028,0%,OPEN,MEMO TERMS,YELLOW TAG,,,
B004L021,SOMA3,SIGHTS BATANGAS,1,,1,ALORA MID,41,30,"1,302,428.00",,"1,302,428.00",Jan-2028,0%,OPEN,MEMO TERMS,YELLOW TAG,,,
B004L022,SOMA3,SIGHTS BATANGAS,1,,1,ALORA MID,41,30,"1,302,428.00",,"1,302,428.00",Jan-2028,0%,OPEN,MEMO TERMS,YELLOW TAG,,,
B004L027,SOMA3,SIGHTS BATANGAS,1,,1,ALORA MID,41,30,"1,302,428.00",,"1,302,428",Jan-2028,0%,OPEN,MEMO TERMS,YELLOW TAG,,,
B004L028,SOMA3,SIGHTS BATANGAS,1,,1,ALORA MID,41,30,"1,302,428.00",,"1,302,428",Jan-2028,0%,OPEN,MEMO TERMS,YELLOW TAG,,,
B012L021,SOMA3,IMPRESSIONS BATULAO,1,A,3,CALISTA END,182,40,"6,440,026",0,"6,440,026",Jan-2027,3%,REOPEN,RSBS WITHIN THE MONTH,YELLOW TAG,,,
B012L003,SOMA3,EDITIONS BATULAO VOL. 1,2,-,2,CORIN,145,120,"9,850,334.00","985,043.00","8,865,291.00",Jun-2026,60%,REOPEN,RSBS WITHIN THE MONTH,RED TAG,,,
B031L029,SOMA3,LIPA COVE,4,B,1,AMANI MID,40,36,"2,075,932.00",0.00,"2,075,932.00",Aug-2026,0%,REOPEN,RSBS WITHIN THE MONTH,YELLOW TAG,,,
B024L019,SOMA3,"STO. TOMAS, BATANGAS",1,A,4,CALISTA MID,50,40,"2,506,132.00",,"2,506,132.00",Jul-2027,0%,REOPEN,RSBS WITHIN THE MONTH,YELLOW TAG,,,
B009L026,SOMA3,IMPRESSIONS BATULAO EXP,3,,2,CALISTA MID,50,40,"2,952,631.00",,"2,952,631.00",Apr-2029,0%,OPEN,MEMO TERMS,YELLOW TAG,,,
B009L032,SOMA3,IMPRESSIONS BATULAO EXP,3,,2,CALISTA MID,50,40,"2,952,631.00",,"2,952,631.00",Apr-2029,0%,OPEN,MEMO TERMS,YELLOW TAG,,,
B009L041,SOMA3,IMPRESSIONS BATULAO EXP,3,,2,CALISTA MID,50,40,"2,952,631.00",,"2,952,631.00",Apr-2029,0%,OPEN,MEMO TERMS,YELLOW TAG,,,
B009L043,SOMA3,IMPRESSIONS BATULAO EXP,3,,2,CALISTA MID,50,40,"2,952,631.00",,"2,952,631.00",Apr-2029,0%,OPEN,MEMO TERMS,YELLOW TAG,,,
B047L007,SOMA3,"STO. TOMAS, BATANGAS",1,B,1,CALISTA MID,52,40,"2,529,375.00",,"2,529,375.00",Jan-2029,0%,OPEN,MEMO TERMS,YELLOW TAG,,,
B047L016,SOMA3,"STO. TOMAS, BATANGAS",1,B,1,CALISTA MID,52,40,"2,529,375.00",,"2,529,375.00",Jan-2029,0%,OPEN,MEMO TERMS,YELLOW TAG,,,
B047L019,SOMA3,"STO. TOMAS, BATANGAS",1,B,1,CALISTA MID,52,40,"2,529,375.00",,"2,529,375.00",Jan-2029,0%,OPEN,MEMO TERMS,YELLOW TAG,,,
B047L020,SOMA3,"STO. TOMAS, BATANGAS",1,B,1,CALISTA MID,52,40,"2,529,375.00",,"2,529,375.00",Jan-2029,0%,OPEN,MEMO TERMS,YELLOW TAG,,,
B047L026,SOMA3,"STO. TOMAS, BATANGAS",1,B,1,CALISTA MID,52,40,"2,529,375.00",,"2,529,375.00",Jan-2029,0%,OPEN,MEMO TERMS,YELLOW TAG,,,
B047L027,SOMA3,"STO. TOMAS, BATANGAS",1,B,1,CALISTA MID,52,40,"2,529,375.00",,"2,529,375.00",Jan-2029,0%,OPEN,MEMO TERMS,YELLOW TAG,,,
B047L028,SOMA3,"STO. TOMAS, BATANGAS",1,B,1,CALISTA MID,52,40,"2,529,375.00",,"2,529,375.00",Jan-2029,0%,OPEN,MEMO TERMS,YELLOW TAG,,,
B047L029,SOMA3,"STO. TOMAS, BATANGAS",1,B,1,CALISTA MID,52,40,"2,529,375.00",,"2,529,375.00",Jan-2029,0%,OPEN,MEMO TERMS,YELLOW TAG,,,
B047L030,SOMA3,"STO. TOMAS, BATANGAS",1,B,1,CALISTA MID,52,40,"2,529,375.00",,"2,529,375.00",Jan-2029,0%,OPEN,MEMO TERMS,YELLOW TAG,,,
B047L031,SOMA3,"STO. TOMAS, BATANGAS",1,B,1,CALISTA MID,52,40,"2,529,375",,"2,529,375.00",Jan-2029,0%,OPEN,MEMO TERMS,YELLOW TAG,,,
B047L032,SOMA3,"STO. TOMAS, BATANGAS",1,B,1,CALISTA MID,52,40,"2,529,375.00",,"2,529,375",Jan-2029,0%,OPEN,MEMO TERMS,YELLOW TAG,,,
B047L033,SOMA3,"STO. TOMAS, BATANGAS",1,B,1,CALISTA MID,52,40,"2,529,375.00",,"2,529,375.00",Jan-2029,0%,OPEN,MEMO TERMS,YELLOW TAG,,,
B047L036,SOMA3,"STO. TOMAS, BATANGAS",1,B,1,CALISTA MID,52,40,"2,529,375",,"2,529,375",Jan-2029,0%,OPEN,MEMO TERMS,YELLOW TAG,,,
B047L038,SOMA3,"STO. TOMAS, BATANGAS",1,B,1,CALISTA MID,51,40,"2,505,201.00",,"2,505,201",Jan-2029,0%,OPEN,MEMO TERMS,YELLOW TAG,,,
B047L039,SOMA3,"STO. TOMAS, BATANGAS",1,B,1,CALISTA MID,51,40,"2,505,201.00",,"2,505,201.00",Jan-2029,0%,OPEN,MEMO TERMS,YELLOW TAG,,,
B047L042,SOMA3,"STO. TOMAS, BATANGAS",1,B,1,CALISTA MID,51,40,"2,505,201.00",,"2,505,201.00",Jan-2029,0%,OPEN,MEMO TERMS,YELLOW TAG,,,
B032L004,SOMA3,EDITIONS BATULAO VOL.2 EAST,3,,1,CARTLAND,123,54,"6,657,714.00","665,777","5,991,938.00",Nov-2028,0%,OPEN,MEMO TERMS,YELLOW TAG,,,
B032L005,SOMA3,EDITIONS BATULAO VOL.2 EAST,3,,1,CARTLAND,189,54,"8,888,651.00","888,873.00","7,999,778.00",Nov-2028,0%,OPEN,MEMO TERMS,YELLOW TAG,,,
B033L014,SOMA3,EDITIONS BATULAO VOL.2 EAST,3,,1,CARTLAND,147,54,"7,286,765.00","728,685","6,558,079.00",Nov-2028,0%,OPEN,MEMO TERMS,YELLOW TAG,,,
B033L015,SOMA3,EDITIONS BATULAO VOL.2 EAST,3,,1,CARTLAND,186,54,"8,572,967.00","857,300.00","7,715,667.00",Nov-2028,0%,OPEN,MEMO TERMS,YELLOW TAG,,,
B038L005,SOMA3,EDITIONS BATULAO VOL.2 EAST,3,,1,CARTLAND CORNER,144,54,"7,309,849","730,987","6,578,862",Nov-2028,0%,OPEN,MEMO TERMS,YELLOW TAG,,,
B038L010,SOMA3,EDITIONS BATULAO VOL.2 EAST,3,,1,CARTLAND CORNER,145,54,"7,342,829.00","734,285","6,608,544.00",Nov-2028,0%,OPEN,MEMO TERMS,YELLOW TAG,,,
B040L001,SOMA3,EDITIONS BATULAO VOL.2 EAST,3,,1,CARTLAND,158,54,"7,611,342.00","761,137","6,850,205.00",Nov-2028,0%,OPEN,MEMO TERMS,YELLOW TAG,,,
B040L002,SOMA3,EDITIONS BATULAO VOL.2 EAST,3,,1,CARTLAND CORNER,177,54,"8,398,075.00","839,815","7,558,260.00",Nov-2028,0%,OPEN,MEMO TERMS,YELLOW TAG,,,
B041L011,SOMA3,EDITIONS BATULAO VOL.2 EAST,3,,1,CARTLAND CORNER,175,54,"8,578,503.00","857,850","7,720,652.00",Dec-2028,0%,OPEN,MEMO TERMS,YELLOW TAG,,,
B013L001,SOMA3,EDITIONS BATULAO VOL.2 EAST,1,,2,LOT ONLY CORNER,230,0,"6,026,085.00","602,613","5,423,472.00",May-2027,0%,OPEN not convertible to shelly,MEMO TERMS,YELLOW TAG,,,
B013L004,SOMA3,EDITIONS BATULAO VOL.2 EAST,1,,2,LOT ONLY,141,0,"3,694,193.00","369,428","3,324,765.00",May-2027,0%,OPEN,MEMO TERMS,YELLOW TAG,,,
B013L006,SOMA3,EDITIONS BATULAO VOL.2 EAST,1,,2,LOT ONLY,125,0,"3,275,031.00","327,507","2,947,524.00",May-2027,0%,OPEN,MEMO TERMS,YELLOW TAG,,,
B013L011,SOMA3,EDITIONS BATULAO VOL.2 EAST,1,,2,LOT ONLY,104,0,"2,724,800.00","272,486","2,452,314.00",May-2027,0%,OPEN,MEMO TERMS,YELLOW TAG,,,
B013L013,SOMA3,EDITIONS BATULAO VOL.2 EAST,1,,2,LOT ONLY,157,0,"4,113,454.00","411,349.00","3,702,105.00",May-2027,0%,OPEN,MEMO TERMS,YELLOW TAG,,,
B013L014,SOMA3,EDITIONS BATULAO VOL.2 EAST,1,,2,LOT ONLY,197,0,"5,161,508.00","516,151","4,645,357.00",May-2027,0%,OPEN,MEMO TERMS,YELLOW TAG,,,
B013L015,SOMA3,EDITIONS BATULAO VOL.2 EAST,1,,2,LOT ONLY,119,0,"3,117,808.00","311,787.00","2,806,021.00",May-2027,0%,OPEN,MEMO TERMS,YELLOW TAG,,,
B013L016,SOMA3,EDITIONS BATULAO VOL.2 EAST,1,,2,LOT ONLY,137,0,"3,589,377.00","358,948","3,230,429.00",May-2027,0%,OPEN,MEMO TERMS,YELLOW TAG,,,
B013L019,SOMA3,EDITIONS BATULAO VOL.2 EAST,1,,2,LOT ONLY,101,0,"2,646,239.00","264,626.00","2,381,613.00",May-2027,0%,OPEN,MEMO TERMS,YELLOW TAG,,,
B013L020,SOMA3,EDITIONS BATULAO VOL.2 EAST,1,,2,LOT ONLY,152,0,"4,102,555.00","410,256","3,692,299.00",May-2027,0%,OPEN,MEMO TERMS,YELLOW TAG,,,
B013L025,SOMA3,EDITIONS BATULAO VOL.2 EAST,1,,2,LOT ONLY,251,0,"6,576,316.00","657,634.00","5,918,682.00",May-2027,0%,OPEN,MEMO TERMS,YELLOW TAG,,,
B013L026,SOMA3,EDITIONS BATULAO VOL.2 EAST,1,,2,LOT ONLY,188,0,"4,925,623.00","492,570.00","4,433,053.00",May-2027,0%,OPEN,MEMO TERMS,YELLOW TAG,,,
B013L030,SOMA3,EDITIONS BATULAO VOL.2 EAST,1,,2,LOT ONLY,109,0,"2,855,769.00","285,586.00","2,570,183.00",Jun-2027,0%,OPEN,MEMO TERMS,YELLOW TAG,,,
B013L031,SOMA3,EDITIONS BATULAO VOL.2 EAST,1,,2,LOT ONLY,109,0,"2,855,769.00","285,586.00","2,570,183.00",Jun-2027,0%,OPEN,MEMO TERMS,YELLOW TAG,,,
B013L032,SOMA3,EDITIONS BATULAO VOL.2 EAST,1,,2,LOT ONLY,128,0,"3,353,593.00","335,367","3,018,226.00",Jun-2027,0%,OPEN,MEMO TERMS,YELLOW TAG,,,
B013L033,SOMA3,EDITIONS BATULAO VOL.2 EAST,1,,2,LOT ONLY,109,0,"2,855,769.00","285,586","2,570,183.00",Jun-2027,0%,OPEN,MEMO TERMS,YELLOW TAG,,,
B013L034,SOMA3,EDITIONS BATULAO VOL.2 EAST,1,,2,LOT ONLY,109,0,"2,855,769.00","285,586","2,570,183",Jun-2027,0%,OPEN,MEMO TERMS,YELLOW TAG,,,
B013L035,SOMA3,EDITIONS BATULAO VOL.2 EAST,1,,2,LOT ONLY,124,0,"3,248,777.00","324,887","2,923,890",Jun-2027,0%,OPEN,MEMO TERMS,YELLOW TAG,,,
B013L037,SOMA3,EDITIONS BATULAO VOL.2 EAST,1,,2,LOT ONLY,125,0,"3,275,031.00","327,507","2,947,524.00",Jun-2027,0%,OPEN,MEMO TERMS,YELLOW TAG,,,
B013L038,SOMA3,EDITIONS BATULAO VOL.2 EAST,1,,2,LOT ONLY,121,0,"3,170,216.00","317,027","2,853,189",Jun-2027,0%,OPEN,MEMO TERMS,YELLOW TAG,,,
B013L039,SOMA3,EDITIONS BATULAO VOL.2 EAST,1,,2,LOT ONLY,111,0,"2,908,177.00","290,826","2,617,351.00",Jun-2027,0%,OPEN,MEMO TERMS,YELLOW TAG,,,
B013L040,SOMA3,EDITIONS BATULAO VOL.2 EAST,1,,2,LOT ONLY,114,0,"2,986,839.00","298,686","2,688,153.00",Jun-2027,0%,OPEN,MEMO TERMS,YELLOW TAG,,,
B013L041,SOMA3,EDITIONS BATULAO VOL.2 EAST,1,,2,LOT ONLY,119,0,"3,117,808.00","311,787","2,806,021.00",Jun-2027,0%,OPEN,MEMO TERMS,YELLOW TAG,,,
B013L042,SOMA3,EDITIONS BATULAO VOL.2 EAST,1,,2,LOT ONLY,117,0,"3,065,400.00","306,546","2,758,854.00",Jun-2027,0%,OPEN,MEMO TERMS,YELLOW TAG,,,
B013L043,SOMA3,EDITIONS BATULAO VOL.2 EAST,1,,2,LOT ONLY,111,0,"2,908,177.00","290,826","2,617,351.00",Jun-2027,0%,OPEN,MEMO TERMS,YELLOW TAG,,,
B013L044,SOMA3,EDITIONS BATULAO VOL.2 EAST,1,,2,LOT ONLY,110,0,"2,882,023.00","288,206","2,593,817.00",Jun-2027,0%,OPEN,MEMO TERMS,YELLOW TAG,,,
B013L045,SOMA3,EDITIONS BATULAO VOL.2 EAST,1,,2,LOT ONLY,111,0,"2,908,177.00","290,826","2,617,351.00",Jun-2027,0%,OPEN,MEMO TERMS,YELLOW TAG,,,
B013L046,SOMA3,EDITIONS BATULAO VOL.2 EAST,1,,2,LOT ONLY,112,0,"2,934,431.00","293,446","2,640,985.00",Jun-2027,0%,OPEN,MEMO TERMS,YELLOW TAG,,,
B013L047,SOMA3,EDITIONS BATULAO VOL.2 EAST,1,,2,LOT ONLY,123,0,"3,222,623.00","322,267.00","2,900,356.00",Jun-2027,0%,OPEN,MEMO TERMS,YELLOW TAG,,,
B013L048,SOMA3,EDITIONS BATULAO VOL.2 EAST,1,,2,LOT ONLY,138,0,"3,615,631.00","361,568.00","3,254,063.00",Jun-2027,0%,OPEN,MEMO TERMS,YELLOW TAG,,,
B013L049,SOMA3,EDITIONS BATULAO VOL.2 EAST,1,,2,LOT ONLY,143,0,"3,746,600.00","374,668.00","3,371,932.00",Jun-2027,0%,OPEN,MEMO TERMS,YELLOW TAG,,,
B013L050,SOMA3,EDITIONS BATULAO VOL.2 EAST,1,,2,LOT ONLY,146,0,"3,825,262.00","382,528.00","3,442,734.00",Jun-2027,0%,OPEN,MEMO TERMS,YELLOW TAG,,,
B013L051,SOMA3,EDITIONS BATULAO VOL.2 EAST,1,,2,LOT ONLY,150,0,"3,930,077.00","393,008.00","3,537,069.00",Jun-2027,0%,OPEN,MEMO TERMS,YELLOW TAG,,,
B015L004,SOMA3,EDITIONS BATULAO VOL.2 EAST,1,,2,LOT ONLY,105,0,"2,751,054.00","275,106.00","2,475,948.00",Mar-2027,0%,OPEN,MEMO TERMS,YELLOW TAG,,,
B015L006,SOMA3,EDITIONS BATULAO VOL.2 EAST,1,,2,LOT ONLY,105,0,"2,751,054.00","275,106.00","2,475,948.00",Mar-2027,0%,OPEN,MEMO TERMS,YELLOW TAG,,,
B015L010,SOMA3,EDITIONS BATULAO VOL.2 EAST,1,,2,LOT ONLY,109,0,"2,855,769.00","285,586","2,570,183.00",Apr-2027,0%,OPEN,MEMO TERMS,YELLOW TAG,,,
B015L012,SOMA3,EDITIONS BATULAO VOL.2 EAST,1,,2,LOT ONLY,109,0,"2,855,769.00","285,586","2,570,183.00",Apr-2027,0%,OPEN,MEMO TERMS,YELLOW TAG,,,
B015L013,SOMA3,EDITIONS BATULAO VOL.2 EAST,1,,2,LOT ONLY,115,0,"3,012,993.00","301,306.00","2,711,687.00",Apr-2027,0%,OPEN,MEMO TERMS,YELLOW TAG,,,
B015L014,SOMA3,EDITIONS BATULAO VOL.2 EAST,1,,2,LOT ONLY,109,0,"2,855,769.00","285,586.00","2,570,183.00",Apr-2027,0%,OPEN,MEMO TERMS,YELLOW TAG,,,
B015L015,SOMA3,EDITIONS BATULAO VOL.2 EAST,1,,2,LOT ONLY,120,0,"3,144,062.00","314,407.00","2,829,655.00",Apr-2027,0%,OPEN,MEMO TERMS,YELLOW TAG,,,
B015L016,SOMA3,EDITIONS BATULAO VOL.2 EAST,1,,2,LOT ONLY,109,0,"2,855,769.00","285,586.00","2,570,183.00",Apr-2027,0%,OPEN,MEMO TERMS,YELLOW TAG,,,
B015L017,SOMA3,EDITIONS BATULAO VOL.2 EAST,1,,2,LOT ONLY,109,0,"2,855,769.00","285,586.00","2,570,183.00",Apr-2027,0%,OPEN,MEMO TERMS,YELLOW TAG,,,
B015L018,SOMA3,EDITIONS BATULAO VOL.2 EAST,1,,2,LOT ONLY,109,0,"2,855,769.00","285,586","2,570,183",Apr-2027,0%,OPEN,MEMO TERMS,YELLOW TAG,,,
B015L019,SOMA3,EDITIONS BATULAO VOL.2 EAST,1,,2,LOT ONLY,109,0,"2,855,769","285,586.00","2,570,183.00",Apr-2027,0%,OPEN,MEMO TERMS,YELLOW TAG,,,
B015L021,SOMA3,EDITIONS BATULAO VOL.2 EAST,1,,2,LOT ONLY,109,0,"2,855,769","285,586","2,570,183.00",Apr-2027,0%,OPEN,MEMO TERMS,YELLOW TAG,,,
B015L022,SOMA3,EDITIONS BATULAO VOL.2 EAST,1,,2,LOT ONLY,115,0,"3,012,993.00","301,306","2,711,687.00",Apr-2027,0%,OPEN,MEMO TERMS,YELLOW TAG,,,
B015L023,SOMA3,EDITIONS BATULAO VOL.2 EAST,1,,2,LOT ONLY,111,0,"2,908,177.00","290,826","2,617,351",Apr-2027,0%,OPEN,MEMO TERMS,YELLOW TAG,,,
B015L024,SOMA3,EDITIONS BATULAO VOL.2 EAST,1,,2,LOT ONLY,244,0,"6,392,839.00","639,293","5,753,546.00",Apr-2027,0%,OPEN,MEMO TERMS,YELLOW TAG,,,
B015L025,SOMA3,EDITIONS BATULAO VOL.2 EAST,1,,2,LOT ONLY,167,0,"4,375,393","437,549","3,937,844",Apr-2027,0%,OPEN not convertible to shelly,MEMO TERMS,YELLOW TAG,,,
B015L026,SOMA3,EDITIONS BATULAO VOL.2 EAST,1,,2,LOT ONLY,109,0,"2,855,769","285,586","2,570,183",Apr-2027,0%,OPEN,MEMO TERMS,YELLOW TAG,,,
B015L028,SOMA3,EDITIONS BATULAO VOL.2 EAST,1,,2,LOT ONLY,109,0,"2,855,769","285,586","2,570,183",Apr-2027,0%,OPEN,MEMO TERMS,YELLOW TAG,,,
B015L029,SOMA3,EDITIONS BATULAO VOL.2 EAST,1,,2,LOT ONLY,109,0,"2,855,769","285,586.00","2,570,183",Apr-2027,0%,OPEN,MEMO TERMS,YELLOW TAG,,,
B015L030,SOMA3,EDITIONS BATULAO VOL.2 EAST,1,,2,LOT ONLY,127,0,"3,327,439","332,747","2,994,692",Apr-2027,0%,OPEN,MEMO TERMS,YELLOW TAG,,,
B015L031,SOMA3,EDITIONS BATULAO VOL.2 EAST,1,,2,LOT ONLY,120,0,"3,144,062","314,407","2,829,655",Apr-2027,0%,OPEN,MEMO TERMS,YELLOW TAG,,,
B015L032,SOMA3,EDITIONS BATULAO VOL.2 EAST,1,,2,LOT ONLY,120,0,"3,144,062","314,407","2,829,655",Apr-2027,0%,OPEN,MEMO TERMS,YELLOW TAG,,,
B015L033,SOMA3,EDITIONS BATULAO VOL.2 EAST,1,,2,LOT ONLY,172,0,"4,506,462","450,649","4,055,813",Apr-2027,0%,OPEN,MEMO TERMS,YELLOW TAG,,,
B028L003,SOMA3,EDITIONS BATULAO VOL.2 EAST,1,,2,LOT ONLY,150,0,"3,930,077","393,008","3,537,069",Mar-2027,0%,OPEN,MEMO TERMS,YELLOW TAG,,,
B028L004,SOMA3,EDITIONS BATULAO VOL.2 EAST,1,,2,LOT ONLY,142,0,"3,944,740","394,483.00","3,550,257",Mar-2027,0%,OPEN,MEMO TERMS,YELLOW TAG,,,
B028L007,SOMA3,EDITIONS BATULAO VOL.2 EAST,1,,2,LOT ONLY,183,0,"5,083,807","508,383.00","4,575,424",Mar-2027,0%,OPEN,MEMO TERMS,YELLOW TAG,,,
B028L012,SOMA3,EDITIONS BATULAO VOL.2 EAST,1,,2,LOT ONLY,116,0,"3,039,246","303,926","2,735,320",Mar-2027,0%,OPEN,MEMO TERMS,YELLOW TAG,,,
B028L015,SOMA3,EDITIONS BATULAO VOL.2 EAST,1,,2,LOT ONLY,106,0,"2,777,208","277,726","2,499,482",Mar-2027,0%,OPEN,MEMO TERMS,YELLOW TAG,,,
B028L016,SOMA3,EDITIONS BATULAO VOL.2 EAST,1,,2,LOT ONLY,121,0,"3,170,216","317,027","2,853,189",Mar-2027,0%,OPEN,MEMO TERMS,YELLOW TAG,,,
B028L017,SOMA3,EDITIONS BATULAO VOL.2 EAST,1,,2,LOT ONLY,230,0,"6,026,085","602,613","5,423,472",Mar-2027,0%,OPEN,MEMO TERMS,YELLOW TAG,,,
B005L003,SOMA3,SIGHTS BATANGAS,1,,2,ALORA MID,41,30,"1,302,428",,"1,302,428",Mar-2028,0%,OPEN,MEMO TERMS,YELLOW TAG,,,
B005L004,SOMA3,SIGHTS BATANGAS,1,,2,ALORA MID,41,30,"1,302,428",,"1,302,428",Mar-2028,0%,OPEN,MEMO TERMS,YELLOW TAG,,,
B005L005,SOMA3,SIGHTS BATANGAS,1,,2,ALORA MID,41,30,"1,302,428",,"1,302,428",Mar-2028,0%,OPEN,MEMO TERMS,YELLOW TAG,,,
B005L006,SOMA3,SIGHTS BATANGAS,1,,2,ALORA MID,41,30,"1,302,428",,"1,302,428",Mar-2028,0%,OPEN,MEMO TERMS,YELLOW TAG,,,
B005L009,SOMA3,SIGHTS BATANGAS,1,,2,ALORA END,56,30,"1,609,585",,"1,609,585",Feb-2028,0%,OPEN,MEMO TERMS,YELLOW TAG,,,
B005L011,SOMA3,SIGHTS BATANGAS,1,,2,ALORA MID,41,30,"1,302,428",,"1,302,428",Feb-2028,0%,OPEN,MEMO TERMS,YELLOW TAG,,,
B005L012,SOMA3,SIGHTS BATANGAS,1,,2,ALORA MID,41,30,"1,302,428",,"1,302,428",Feb-2028,0%,OPEN,MEMO TERMS,YELLOW TAG,,,
B005L013,SOMA3,SIGHTS BATANGAS,1,,2,ALORA MID,41,30,"1,302,428.00",,"1,302,428.00",Feb-2028,0%,OPEN,MEMO TERMS,YELLOW TAG,,,
B005L014,SOMA3,SIGHTS BATANGAS,1,,2,ALORA MID,41,30,"1,302,428",,"1,302,428",Feb-2028,0%,OPEN,MEMO TERMS,YELLOW TAG,,,
B005L018,SOMA3,SIGHTS BATANGAS,1,,2,ALORA MID,41,30,"1,302,428",,"1,302,428",Feb-2028,0%,OPEN,MEMO TERMS,YELLOW TAG,,,
B005L019,SOMA3,SIGHTS BATANGAS,1,,2,ALORA MID,41,30,"1,302,428.00",,"1,302,428.00",Feb-2028,0%,OPEN,MEMO TERMS,YELLOW TAG,,,
B005L020,SOMA3,SIGHTS BATANGAS,1,,2,ALORA MID,41,30,"1,302,428",,"1,302,428",Feb-2028,0%,OPEN,MEMO TERMS,YELLOW TAG,,,
B005L021,SOMA3,SIGHTS BATANGAS,1,,2,ALORA MID,41,30,"1,302,428.00",,"1,302,428.00",Feb-2028,0%,OPEN,MEMO TERMS,YELLOW TAG,,,
B005L023,SOMA3,SIGHTS BATANGAS,1,,2,ALORA MID,41,30,"1,302,428",,"1,302,428",Feb-2028,0%,OPEN,MEMO TERMS,YELLOW TAG,,,
B005L026,SOMA3,SIGHTS BATANGAS,1,,2,ALORA MID,41,30,"1,302,428",,"1,302,428",Feb-2028,0%,OPEN,MEMO TERMS,YELLOW TAG,,,
B005L028,SOMA3,SIGHTS BATANGAS,1,,2,ALORA MID,41,30,"1,302,428",,"1,302,428",Feb-2028,0%,OPEN,MEMO TERMS,YELLOW TAG,,,
B005L029,SOMA3,SIGHTS BATANGAS,1,,2,ALORA MID,41,30,"1,302,428",,"1,302,428",Feb-2028,0%,OPEN,MEMO TERMS,YELLOW TAG,,,
B005L030,SOMA3,SIGHTS BATANGAS,1,,2,ALORA MID,41,30,"1,302,428",,"1,302,428",Feb-2028,0%,OPEN,MEMO TERMS,YELLOW TAG,,,
B006L009,SOMA3,SIGHTS BATANGAS,1,,2,ALORA END,56,30,"1,609,585",,"1,609,585",Mar-2028,0%,OPEN,MEMO TERMS,YELLOW TAG,,,
B006L012,SOMA3,SIGHTS BATANGAS,1,,2,ALORA MID,41,30,"1,302,428.00",,"1,302,428.00",Mar-2028,0%,OPEN,MEMO TERMS,YELLOW TAG,,,
B006L013,SOMA3,SIGHTS BATANGAS,1,,2,ALORA MID,41,30,"1,302,428",,"1,302,428",Mar-2028,0%,OPEN,MEMO TERMS,YELLOW TAG,,,
B006L018,SOMA3,SIGHTS BATANGAS,1,,2,ALORA END,56,30,"1,609,585",,"1,609,585",Mar-2028,0%,OPEN,MEMO TERMS,YELLOW TAG,,,
B006L019,SOMA3,SIGHTS BATANGAS,1,,2,ALORA END,56,30,"1,609,585.00",,"1,609,585.00",Mar-2028,0%,OPEN,MEMO TERMS,YELLOW TAG,,,
B006L020,SOMA3,SIGHTS BATANGAS,1,,2,ALORA MID,41,30,"1,302,428.00",,"1,302,428.00",Mar-2028,0%,OPEN,MEMO TERMS,YELLOW TAG,,,
B006L021,SOMA3,SIGHTS BATANGAS,1,,2,ALORA MID,41,30,"1,302,428.00",,"1,302,428.00",Mar-2028,0%,OPEN,MEMO TERMS,YELLOW TAG,,,
B006L022,SOMA3,SIGHTS BATANGAS,1,,2,ALORA MID,41,30,"1,302,428.00",,"1,302,428.00",Mar-2028,0%,OPEN,MEMO TERMS,YELLOW TAG,,,
B006L023,SOMA3,SIGHTS BATANGAS,1,,2,ALORA MID,41,30,"1,302,428.00",,"1,302,428.00",Mar-2028,0%,OPEN,MEMO TERMS,YELLOW TAG,,,
B006L024,SOMA3,SIGHTS BATANGAS,1,,2,ALORA END,56,30,"1,609,585.00",,"1,609,585.00",Mar-2028,0%,OPEN,MEMO TERMS,YELLOW TAG,,,
B006L025,SOMA3,SIGHTS BATANGAS,1,,2,ALORA END,56,30,"1,609,585.00",,"1,609,585.00",Mar-2028,0%,OPEN,MEMO TERMS,YELLOW TAG,,,
B006L026,SOMA3,SIGHTS BATANGAS,1,,2,ALORA MID,41,30,"1,302,428.00",,"1,302,428.00",Mar-2028,0%,OPEN,MEMO TERMS,YELLOW TAG,,,
B006L027,SOMA3,SIGHTS BATANGAS,1,,2,ALORA MID,41,30,"1,302,428.00",,"1,302,428.00",Mar-2028,0%,OPEN,MEMO TERMS,YELLOW TAG,,,
B006L028,SOMA3,SIGHTS BATANGAS,1,,2,ALORA MID,41,30,"1,302,428.00",,"1,302,428.00",Mar-2028,0%,OPEN,MEMO TERMS,YELLOW TAG,,,
B006L029,SOMA3,SIGHTS BATANGAS,1,,2,ALORA MID,41,30,"1,302,428.00",,"1,302,428.00",Mar-2028,0%,OPEN,MEMO TERMS,YELLOW TAG,,,
B006L030,SOMA3,SIGHTS BATANGAS,1,,2,ALORA MID,41,30,"1,302,428.00",,"1,302,428.00",Mar-2028,0%,OPEN,MEMO TERMS,YELLOW TAG,,,
B006L031,SOMA3,SIGHTS BATANGAS,1,,2,ALORA MID,41,30,"1,302,428.00",,"1,302,428.00",Mar-2028,0%,OPEN,MEMO TERMS,YELLOW TAG,,,
B007L014,SOMA3,SIGHTS BATANGAS,1,,2,ALORA MID,41,30,"1,302,428.00",,"1,302,428.00",Mar-2028,0%,OPEN,MEMO TERMS,YELLOW TAG,,,
B007L021,SOMA3,SIGHTS BATANGAS,1,,2,ALORA MID,41,30,"1,302,428.00",,"1,302,428.00",Mar-2028,0%,OPEN,MEMO TERMS,YELLOW TAG,,,
B007L022,SOMA3,SIGHTS BATANGAS,1,,2,ALORA MID,41,30,"1,302,428.00",,"1,302,428.00",Mar-2028,0%,OPEN,MEMO TERMS,YELLOW TAG,,,
B007L023,SOMA3,SIGHTS BATANGAS,1,,2,ALORA MID,41,30,"1,302,428.00",,"1,302,428.00",Mar-2028,0%,OPEN,MEMO TERMS,YELLOW TAG,,,
B007L026,SOMA3,SIGHTS BATANGAS,1,,2,ALORA END,56,30,"1,609,585.00",,"1,609,585.00",Mar-2028,0%,OPEN,MEMO TERMS,YELLOW TAG,,,
B007L027,SOMA3,SIGHTS BATANGAS,1,,2,ALORA END,56,30,"1,609,585.00",,"1,609,585.00",Mar-2028,0%,OPEN,MEMO TERMS,YELLOW TAG,,,
B007L028,SOMA3,SIGHTS BATANGAS,1,,2,ALORA MID,41,30,"1,302,428.00",,"1,302,428.00",Mar-2028,0%,OPEN,MEMO TERMS,YELLOW TAG,,,
B007L029,SOMA3,SIGHTS BATANGAS,1,,2,ALORA MID,41,30,"1,302,428.00",,"1,302,428.00",Mar-2028,0%,OPEN,MEMO TERMS,YELLOW TAG,,,
B007L032,SOMA3,SIGHTS BATANGAS,1,,2,ALORA MID,41,30,"1,302,428.00",,"1,302,428.00",Mar-2028,0%,OPEN,MEMO TERMS,YELLOW TAG,,,
B007L033,SOMA3,SIGHTS BATANGAS,1,,2,ALORA MID,41,30,"1,302,428.00",,"1,302,428.00",Mar-2028,0%,OPEN,MEMO TERMS,YELLOW TAG,,,
B007L034,SOMA3,SIGHTS BATANGAS,1,,2,ALORA MID,41,30,"1,302,428.00",,"1,302,428.00",Mar-2028,0%,OPEN,MEMO TERMS,YELLOW TAG,,,
B014L037,SOMA3,SIGHTS BATANGAS,1,,2,ALORA END,61,30,"1,685,748.00",,"1,685,748.00",Feb-2028,0%,OPEN,MEMO TERMS,YELLOW TAG,,,
B014L039,SOMA3,SIGHTS BATANGAS,1,,2,ALORA MID,41,30,"1,302,428.00",,"1,302,428.00",Feb-2028,0%,OPEN,MEMO TERMS,YELLOW TAG,,,
B014L040,SOMA3,SIGHTS BATANGAS,1,,2,ALORA END,61,30,"1,685,748.00",,"1,685,748.00",Feb-2028,0%,OPEN,MEMO TERMS,YELLOW TAG,,,
B014L045,SOMA3,SIGHTS BATANGAS,1,,2,ALORA MID,41,30,"1,302,428.00",,"1,302,428.00",Feb-2028,0%,OPEN,MEMO TERMS,YELLOW TAG,,,
B014L046,SOMA3,SIGHTS BATANGAS,1,,2,ALORA MID,41,30,"1,302,428.00",,"1,302,428.00",Feb-2028,0%,OPEN,MEMO TERMS,YELLOW TAG,,,
B014L047,SOMA3,SIGHTS BATANGAS,1,,2,ALORA MID,41,30,"1,302,428.00",,"1,302,428.00",Feb-2028,0%,OPEN,MEMO TERMS,YELLOW TAG,,,
B014L048,SOMA3,SIGHTS BATANGAS,1,,2,ALORA MID,41,30,"1,302,428.00",,"1,302,428.00",Feb-2028,0%,OPEN,MEMO TERMS,YELLOW TAG,,,
B046L002,SOMA3,"STO. TOMAS, BATANGAS",1,B,1,CALISTA MID,50,40,"2,506,132.00",,"2,506,132.00",Feb-2029,0%,OPEN,MEMO TERMS,YELLOW TAG,,,
B046L003,SOMA3,"STO. TOMAS, BATANGAS",1,B,1,CALISTA MID,50,40,"2,506,132.00",,"2,506,132.00",Feb-2029,0%,OPEN,MEMO TERMS,YELLOW TAG,,,
B046L007,SOMA3,"STO. TOMAS, BATANGAS",1,B,1,CALISTA MID,50,40,"2,506,132.00",,"2,506,132.00",Feb-2029,0%,OPEN,MEMO TERMS,YELLOW TAG,,,
B046L010,SOMA3,"STO. TOMAS, BATANGAS",1,B,1,CALISTA MID,50,40,"2,506,132.00",,"2,506,132.00",Feb-2029,0%,OPEN,MEMO TERMS,YELLOW TAG,,,
B046L011,SOMA3,"STO. TOMAS, BATANGAS",1,B,1,CALISTA MID,50,40,"2,506,132.00",,"2,506,132.00",Feb-2029,0%,OPEN,MEMO TERMS,YELLOW TAG,,,
B046L012,SOMA3,"STO. TOMAS, BATANGAS",1,B,1,CALISTA MID,50,40,"2,506,132.00",,"2,506,132.00",Feb-2029,0%,OPEN,MEMO TERMS,YELLOW TAG,,,
B046L013,SOMA3,"STO. TOMAS, BATANGAS",1,B,1,CALISTA MID,50,40,"2,506,132.00",,"2,506,132.00",Feb-2029,0%,OPEN,MEMO TERMS,YELLOW TAG,,,
B046L016,SOMA3,"STO. TOMAS, BATANGAS",1,B,1,CALISTA MID,50,40,"2,506,132.00",,"2,506,132.00",Feb-2029,0%,OPEN,MEMO TERMS,YELLOW TAG,,,
B046L017,SOMA3,"STO. TOMAS, BATANGAS",1,B,1,CALISTA MID,50,40,"2,506,132.00",,"2,506,132.00",Feb-2029,0%,OPEN,MEMO TERMS,YELLOW TAG,,,
B046L020,SOMA3,"STO. TOMAS, BATANGAS",1,B,1,CALISTA MID,50,40,"2,506,132.00",,"2,506,132.00",Feb-2029,0%,OPEN,MEMO TERMS,YELLOW TAG,,,
B046L021,SOMA3,"STO. TOMAS, BATANGAS",1,B,1,CALISTA MID,50,40,"2,506,132.00",,"2,506,132.00",Feb-2029,0%,OPEN,MEMO TERMS,YELLOW TAG,,,
B046L022,SOMA3,"STO. TOMAS, BATANGAS",1,B,1,CALISTA MID,50,40,"2,506,132.00",,"2,506,132.00",Feb-2029,0%,OPEN,MEMO TERMS,YELLOW TAG,,,
B046L023,SOMA3,"STO. TOMAS, BATANGAS",1,B,1,CALISTA MID,50,40,"2,506,132.00",,"2,506,132",Feb-2029,0%,OPEN,MEMO TERMS,YELLOW TAG,,,
B046L024,SOMA3,"STO. TOMAS, BATANGAS",1,B,1,CALISTA MID,50,40,"2,506,132.00",,"2,506,132",Feb-2029,0%,OPEN,MEMO TERMS,YELLOW TAG,,,
B046L025,SOMA3,"STO. TOMAS, BATANGAS",1,B,1,CALISTA MID,50,40,"2,506,132.00",,"2,506,132",Feb-2029,0%,OPEN,MEMO TERMS,YELLOW TAG,,,
B046L026,SOMA3,"STO. TOMAS, BATANGAS",1,B,1,CALISTA MID,50,40,"2,506,132.00",,"2,506,132",Feb-2029,0%,OPEN,MEMO TERMS,YELLOW TAG,,,
B046L027,SOMA3,"STO. TOMAS, BATANGAS",1,B,1,CALISTA MID,50,40,"2,506,132.00",,"2,506,132",Feb-2029,0%,OPEN,MEMO TERMS,YELLOW TAG,,,
B046L028,SOMA3,"STO. TOMAS, BATANGAS",1,B,1,CALISTA END CORNER,163,40,"5,398,305.00",,"5,398,305",Feb-2029,0%,OPEN,MEMO TERMS,YELLOW TAG,,,
B046L029,SOMA3,"STO. TOMAS, BATANGAS",1,B,1,CALISTA END CORNER,131,40,"4,754,518.00",,"4,754,518.00",Feb-2029,0%,OPEN,MEMO TERMS,YELLOW TAG,,,
B046L039,SOMA3,"STO. TOMAS, BATANGAS",1,B,1,CALISTA END,159,40,"5,259,313.00",,"5,259,313.00",Feb-2029,0%,OPEN,MEMO TERMS,YELLOW TAG,,,
B046L040,SOMA3,"STO. TOMAS, BATANGAS",1,B,1,CALISTA MID,50,40,"2,506,132.00",,"2,506,132.00",Feb-2029,0%,OPEN,MEMO TERMS,YELLOW TAG,,,
B046L041,SOMA3,"STO. TOMAS, BATANGAS",1,B,1,CALISTA MID,50,40,"2,506,132.00",,"2,506,132.00",Feb-2029,0%,OPEN,MEMO TERMS,YELLOW TAG,,,
B046L042,SOMA3,"STO. TOMAS, BATANGAS",1,B,1,CALISTA MID,50,40,"2,506,132.00",,"2,506,132.00",Feb-2029,0%,OPEN,MEMO TERMS,YELLOW TAG,,,
B046L043,SOMA3,"STO. TOMAS, BATANGAS",1,B,1,CALISTA MID,50,40,"2,581,348.00",,"2,581,348.00",Feb-2029,0%,OPEN,MEMO TERMS,YELLOW TAG,,,
B046L044,SOMA3,"STO. TOMAS, BATANGAS",1,B,1,CALISTA END CORNER,133,40,"4,804,874.00",,"4,804,874.00",Feb-2029,0%,OPEN,MEMO TERMS,YELLOW TAG,,,
B029L004,SOMA3,LIPA COVE,4,B,2,AMANI MID,41,36,"1,979,380.00",,"1,979,380.00",Dec-2026,0%,OPEN,MEMO TERMS,YELLOW TAG,,,
B029L011,SOMA3,LIPA COVE,4,B,2,AMANI MID,40,36,"1,961,133.00",,"1,961,133.00",Dec-2026,0%,OPEN,MEMO TERMS,YELLOW TAG,,,
B029L012,SOMA3,LIPA COVE,4,B,2,AMANI MID,40,36,"1,961,133.00",,"1,961,133.00",Dec-2026,0%,OPEN,MEMO TERMS,YELLOW TAG,,,
B029L013,SOMA3,LIPA COVE,4,B,2,AMANI MID,40,36,"1,961,133",,"1,961,133.00",Dec-2026,0%,OPEN,MEMO TERMS,YELLOW TAG,,,
B029L016,SOMA3,LIPA COVE,4,B,2,AMANI MID,40,36,"1,961,133",,"1,961,133.00",Nov-2026,0%,OPEN,MEMO TERMS,YELLOW TAG,,,
B029L017,SOMA3,LIPA COVE,4,B,2,AMANI MID,40,36,"1,961,133",,"1,961,133.00",Nov-2026,0%,OPEN,MEMO TERMS,YELLOW TAG,,,
B029L018,SOMA3,LIPA COVE,4,B,2,AMANI MID,40,36,"1,961,133",,"1,961,133.00",Nov-2026,0%,OPEN,MEMO TERMS,YELLOW TAG,,,
B029L019,SOMA3,LIPA COVE,4,B,2,AMANI MID,40,36,"1,961,133",,"1,961,133.00",Nov-2026,0%,OPEN,MEMO TERMS,YELLOW TAG,,,
B029L020,SOMA3,LIPA COVE,4,B,2,AMANI MID,40,36,"1,961,133",,"1,961,133.00",Nov-2026,0%,OPEN,MEMO TERMS,YELLOW TAG,,,
B029L021,SOMA3,LIPA COVE,4,B,2,AMANI MID,40,36,"1,961,133",,"1,961,133.00",Nov-2026,0%,OPEN,MEMO TERMS,YELLOW TAG,,,
B029L028,SOMA3,LIPA COVE,4,B,2,AMANI MID,40,36,"2,028,141.00",,"2,028,141.00",Nov-2026,0%,OPEN,MEMO TERMS,YELLOW TAG,,,
B029L029,SOMA3,LIPA COVE,4,B,2,AMANI MID,40,36,"2,028,141.00",,"2,028,141.00",Nov-2026,0%,OPEN,MEMO TERMS,YELLOW TAG,,,
B029L030,SOMA3,LIPA COVE,4,B,2,AMANI MID,40,36,"2,028,141.00",,"2,028,141.00",Nov-2026,0%,OPEN,MEMO TERMS,YELLOW TAG,,,
B029L031,SOMA3,LIPA COVE,4,B,2,AMANI MID,40,36,"2,028,141.00",,"2,028,141.00",Nov-2026,0%,OPEN,MEMO TERMS,YELLOW TAG,,,
B029L032,SOMA3,LIPA COVE,4,B,2,AMANI MID,40,36,"2,028,141.00",,"2,028,141.00",Nov-2026,0%,OPEN,MEMO TERMS,YELLOW TAG,,,
B029L036,SOMA3,LIPA COVE,4,B,2,AMANI MID,40,36,"2,028,141.00",,"2,028,141.00",Nov-2026,0%,OPEN,MEMO TERMS,YELLOW TAG,,,
B029L037,SOMA3,LIPA COVE,4,B,2,AMANI MID,40,36,"2,028,141.00",,"2,028,141.00",Nov-2026,0%,OPEN,MEMO TERMS,YELLOW TAG,,,
B029L038,SOMA3,LIPA COVE,4,B,2,AMANI MID,40,36,"2,028,141.00",,"2,028,141.00",Nov-2026,0%,OPEN,MEMO TERMS,YELLOW TAG,,,
B029L039,SOMA3,LIPA COVE,4,B,2,AMANI MID,40,36,"2,028,141.00",,"2,028,141.00",Nov-2026,0%,OPEN,MEMO TERMS,YELLOW TAG,,,
B029L040,SOMA3,LIPA COVE,4,B,2,AMANI MID,40,36,"2,028,141.00",,"2,028,141.00",Nov-2026,0%,OPEN,MEMO TERMS,YELLOW TAG,,,
B029L041,SOMA3,LIPA COVE,4,B,2,AMANI MID,40,36,"2,028,141.00",,"2,028,141.00",Nov-2026,0%,OPEN,MEMO TERMS,YELLOW TAG,,,
B029L044,SOMA3,LIPA COVE,4,B,2,AMANI MID,40,36,"2,028,141.00",,"2,028,141.00",Nov-2026,0%,OPEN,MEMO TERMS,YELLOW TAG,,,
B029L045,SOMA3,LIPA COVE,4,B,2,AMANI MID,40,36,"2,028,141.00",,"2,028,141.00",Nov-2026,0%,OPEN,MEMO TERMS,YELLOW TAG,,,
B029L046,SOMA3,LIPA COVE,4,B,2,AMANI MID,40,36,"2,028,141.00",,"2,028,141.00",Nov-2026,0%,OPEN,MEMO TERMS,YELLOW TAG,,,
B029L047,SOMA3,LIPA COVE,4,B,2,AMANI MID,40,36,"2,028,141.00",,"2,028,141.00",Nov-2026,0%,OPEN,MEMO TERMS,YELLOW TAG,,,
B030L013,SOMA3,LIPA COVE,4,B,2,AMANI MID,40,36,"1,913,342.00",,"1,913,342.00",Jan-2027,0%,OPEN,MEMO TERMS,YELLOW TAG,,,
B030L019,SOMA3,LIPA COVE,4,B,2,AMANI MID,40,36,"1,913,342.00",,"1,913,342.00",Jan-2027,0%,OPEN,MEMO TERMS,YELLOW TAG,,,
B030L020,SOMA3,LIPA COVE,4,B,2,AMANI MID,40,36,"1,913,342.00",,"1,913,342.00",Jan-2027,0%,OPEN,MEMO TERMS,YELLOW TAG,,,
B030L021,SOMA3,LIPA COVE,4,B,2,AMANI MID,40,36,"1,913,342.00",,"1,913,342.00",Jan-2027,0%,OPEN,MEMO TERMS,YELLOW TAG,,,
B030L028,SOMA3,LIPA COVE,4,B,2,AMANI MID,40,36,"2,028,141.00",,"2,028,141.00",Dec-2026,0%,OPEN,MEMO TERMS,YELLOW TAG,,,
B030L029,SOMA3,LIPA COVE,4,B,2,AMANI MID,40,36,"2,028,141.00",,"2,028,141.00",Dec-2026,0%,OPEN,MEMO TERMS,YELLOW TAG,,,
B030L030,SOMA3,LIPA COVE,4,B,2,AMANI MID,40,36,"2,028,141.00",,"2,028,141.00",Dec-2026,0%,OPEN,MEMO TERMS,YELLOW TAG,,,
B030L031,SOMA3,LIPA COVE,4,B,2,AMANI MID,40,36,"2,028,141.00",,"2,028,141.00",Dec-2026,0%,OPEN,MEMO TERMS,YELLOW TAG,,,
B030L032,SOMA3,LIPA COVE,4,B,2,AMANI MID,40,36,"2,028,141.00",,"2,028,141.00",Dec-2026,0%,OPEN,MEMO TERMS,YELLOW TAG,,,
B030L033,SOMA3,LIPA COVE,4,B,2,AMANI MID,40,36,"2,028,141",,"2,028,141",Dec-2026,0%,OPEN,MEMO TERMS,YELLOW TAG,,,
B030L036,SOMA3,LIPA COVE,4,B,2,AMANI MID,40,36,"2,028,141",,"2,028,141.00",Dec-2026,0%,OPEN,MEMO TERMS,YELLOW TAG,,,
B030L037,SOMA3,LIPA COVE,4,B,2,AMANI MID,40,36,"2,028,141.00",,"2,028,141.00",Dec-2026,0%,OPEN,MEMO TERMS,YELLOW TAG,,,
B030L038,SOMA3,LIPA COVE,4,B,2,AMANI MID,40,36,"2,028,141",,"2,028,141",Dec-2026,0%,OPEN,MEMO TERMS,YELLOW TAG,,,
B030L039,SOMA3,LIPA COVE,4,B,2,AMANI MID,40,36,"2,028,141.00",,"2,028,141.00",Dec-2026,0%,OPEN,MEMO TERMS,YELLOW TAG,,,
B030L040,SOMA3,LIPA COVE,4,B,2,AMANI MID,40,36,"2,028,141.00",,"2,028,141.00",Dec-2026,0%,OPEN,MEMO TERMS,YELLOW TAG,,,
B030L045,SOMA3,LIPA COVE,4,B,2,AMANI MID,40,36,"2,028,141.00",,"2,028,141.00",Dec-2026,0%,OPEN,MEMO TERMS,YELLOW TAG,,,
B030L046,SOMA3,LIPA COVE,4,B,2,AMANI MID,40,36,"2,028,141.00",,"2,028,141.00",Dec-2026,0%,OPEN,MEMO TERMS,YELLOW TAG,,,
B030L047,SOMA3,LIPA COVE,4,B,2,AMANI MID,40,36,"2,028,141.00",,"2,028,141.00",Dec-2026,0%,OPEN,MEMO TERMS,YELLOW TAG,,,
B006L007,SOMA3,IMPRESSIONS BATULAO EXP,3,,1,CALISTA MID,52,40,"2,978,149",,"2,978,149.00",Nov-2028,0%,OPEN,MEMO TERMS,YELLOW TAG,,,
B006L011,SOMA3,IMPRESSIONS BATULAO EXP,3,,1,CALISTA MID,52,40,"2,978,149.00",,"2,978,149.00",Nov-2028,0%,OPEN,MEMO TERMS,YELLOW TAG,,,
B006L020,SOMA3,IMPRESSIONS BATULAO EXP,3,,1,CALISTA MID,52,40,"2,978,149",,"2,978,149.00",Nov-2028,0%,OPEN,MEMO TERMS,YELLOW TAG,,,
B007L014,SOMA3,IMPRESSIONS BATULAO EXP,3,,1,CALISTA MID,50,40,"2,952,631",,"2,952,631.00",Dec-2028,0%,OPEN,MEMO TERMS,YELLOW TAG,,,
B007L018,SOMA3,IMPRESSIONS BATULAO EXP,3,,1,CALISTA MID,50,40,"2,952,631",,"2,952,631.00",Dec-2028,0%,OPEN,MEMO TERMS,YELLOW TAG,,,
B007L019,SOMA3,IMPRESSIONS BATULAO EXP,3,,1,CALISTA MID,50,40,"2,952,631.00",,"2,952,631",Dec-2028,0%,OPEN,MEMO TERMS,YELLOW TAG,,,
B007L022,SOMA3,IMPRESSIONS BATULAO EXP,3,,1,CALISTA MID,50,40,"2,952,631",,"2,952,631.00",Dec-2028,0%,OPEN,MEMO TERMS,YELLOW TAG,,,
B007L027,SOMA3,IMPRESSIONS BATULAO EXP,3,,1,CALISTA MID,50,40,"2,952,631",,"2,952,631.00",Nov-2028,0%,OPEN,MEMO TERMS,YELLOW TAG,,,
B007L028,SOMA3,IMPRESSIONS BATULAO EXP,3,,1,CALISTA MID,50,40,"2,952,631",,"2,952,631.00",Nov-2028,0%,OPEN,MEMO TERMS,YELLOW TAG,,,
B007L029,SOMA3,IMPRESSIONS BATULAO EXP,3,,1,CALISTA MID,50,40,"2,952,631",,"2,952,631.00",Nov-2028,0%,OPEN,MEMO TERMS,YELLOW TAG,,,
B007L030,SOMA3,IMPRESSIONS BATULAO EXP,3,,1,CALISTA MID,50,40,"2,952,631",,"2,952,631.00",Nov-2028,0%,OPEN,MEMO TERMS,YELLOW TAG,,,
B007L038,SOMA3,IMPRESSIONS BATULAO EXP,3,,1,CALISTA MID,50,40,"2,952,631",,"2,952,631.00",Nov-2028,0%,OPEN,MEMO TERMS,YELLOW TAG,,,
B008L029,SOMA3,IMPRESSIONS BATULAO EXP,3,,1,CALISTA MID,50,40,"2,952,631",,"2,952,631.00",Dec-2028,0%,OPEN,MEMO TERMS,YELLOW TAG,,,
B008L033,SOMA3,IMPRESSIONS BATULAO EXP,3,,1,CALISTA MID,50,40,"2,952,631",,"2,952,631.00",Dec-2028,0%,OPEN,MEMO TERMS,YELLOW TAG,,,
B008L042,SOMA3,IMPRESSIONS BATULAO EXP,3,,1,CALISTA MID,50,40,"2,952,631",,"2,952,631.00",Dec-2028,0%,OPEN,MEMO TERMS,YELLOW TAG,,,
B008L043,SOMA3,IMPRESSIONS BATULAO EXP,3,,1,CALISTA MID,50,40,"2,952,631",,"2,952,631.00",Dec-2028,0%,OPEN,MEMO TERMS,YELLOW TAG,,,
B008L045,SOMA3,IMPRESSIONS BATULAO EXP,3,,1,CALISTA MID,50,40,"2,952,631",,"2,952,631.00",Dec-2028,0%,OPEN,MEMO TERMS,YELLOW TAG,,,
B008L004,SOMA3,IMPRESSIONS BATULAO EXP,3,,2,CALISTA MID,50,40,"2,952,631.00",,"2,952,631.00",Mar-2029,0%,OPEN,MEMO TERMS,YELLOW TAG,,,
B008L020,SOMA3,IMPRESSIONS BATULAO EXP,3,,2,CALISTA MID,50,40,"2,952,631.00",,"2,952,631.00",Apr-2029,0%,OPEN,MEMO TERMS,YELLOW TAG,,,
B008L021,SOMA3,IMPRESSIONS BATULAO EXP,3,,2,CALISTA MID,50,40,"2,952,631",,"2,952,631.00",Apr-2029,0%,OPEN,MEMO TERMS,YELLOW TAG,,,
B008L022,SOMA3,IMPRESSIONS BATULAO EXP,3,,2,CALISTA MID,50,40,"2,952,631",,"2,952,631.00",Apr-2029,0%,OPEN,MEMO TERMS,YELLOW TAG,,,
B008L023,SOMA3,IMPRESSIONS BATULAO EXP,3,,2,CALISTA MID,50,40,"2,952,631",,"2,952,631.00",Apr-2029,0%,OPEN,MEMO TERMS,YELLOW TAG,,,
B009L003,SOMA3,IMPRESSIONS BATULAO EXP,3,,2,CALISTA MID,50,40,"2,952,631",,"2,952,631.00",May-2029,0%,OPEN,MEMO TERMS,YELLOW TAG,,,
B009L006,SOMA3,IMPRESSIONS BATULAO EXP,3,,2,CALISTA MID,50,40,"2,952,631",,"2,952,631.00",May-2029,0%,OPEN,MEMO TERMS,YELLOW TAG,,,
B009L018,SOMA3,IMPRESSIONS BATULAO EXP,3,,2,CALISTA MID,50,40,"2,952,631",,"2,952,631.00",May-2029,0%,OPEN,MEMO TERMS,YELLOW TAG,,,
B009L048,SOMA3,IMPRESSIONS BATULAO EXP,3,,2,CALISTA END CORNER,107,40,"4,612,357",,"4,612,357.00",Apr-2029,0%,OPEN,MEMO TERMS,YELLOW TAG,,,
B010L001,SOMA3,IMPRESSIONS BATULAO EXP,3,,2,CALISTA END CORNER,131,40,"5,279,431",,"5,279,431.00",Jun-2029,0%,OPEN,MEMO TERMS,YELLOW TAG,,,
B010L005,SOMA3,IMPRESSIONS BATULAO EXP,3,,2,CALISTA MID,50,40,"2,952,631",,"2,952,631.00",Jun-2029,0%,OPEN,MEMO TERMS,YELLOW TAG,,,
B010L009,SOMA3,IMPRESSIONS BATULAO EXP,3,,2,CALISTA MID,50,40,"2,952,631.00",,"2,952,631.00",Jun-2029,0%,OPEN,MEMO TERMS,YELLOW TAG,,,
B010L019,SOMA3,IMPRESSIONS BATULAO EXP,3,,2,CALISTA MID,50,40,"2,952,631.00",,"2,952,631.00",Jun-2029,0%,OPEN,MEMO TERMS,YELLOW TAG,,,
B010L020,SOMA3,IMPRESSIONS BATULAO EXP,3,,2,CALISTA MID,50,40,"2,952,631.00",,"2,952,631.00",Jun-2029,0%,OPEN,MEMO TERMS,YELLOW TAG,,,
B024L039,SOMA3,LIPA COVE,4,B,1,AMANI MID,44,36,"2,014,048.00",,"2,014,048.00",Sep-2026,12%,OPEN,MEMO TERMS,YELLOW TAG,,,
B031L046,SOMA3,LIPA COVE,4,B,1,AMANI MID,40,36,"2,075,932.00",,"2,075,932.00",Aug-2026,12%,OPEN,MEMO TERMS,YELLOW TAG,,,
B031L047,SOMA3,LIPA COVE,4,B,1,AMANI MID,40,36,"2,075,932.00",,"2,075,932.00",Aug-2026,12%,OPEN,MEMO TERMS,YELLOW TAG,,,
B034L009,SOMA3,LIPA COVE,4,B,1,AMANI MID,40,36,"1,913,342.00",,"1,913,342.00",Oct-2026,12%,OPEN,MEMO TERMS,YELLOW TAG,,,
B035L005,SOMA3,LIPA COVE,4,B,1,AMANI MID,44,36,"1,964,513.00",,"1,964,513.00",Oct-2026,0%,OPEN,MEMO TERMS,YELLOW TAG,,,
B006L006,SOMA3,IMPRESSIONS BATULAO,2,A,3,CALISTA END,98,40,"4,164,397.00",,"4,164,397.00",Jan-2029,0%,OPEN,MEMO TERMS,YELLOW TAG,,,
B006L019,SOMA3,IMPRESSIONS BATULAO,2,A,3,CALISTA END,98,40,"4,164,397.00",,"4,164,397.00",Jan-2029,0%,OPEN,MEMO TERMS,YELLOW TAG,,,
B011L001,SOMA3,IMPRESSIONS BATULAO EXP,3,,3,CALISTA END CORNER,143,40,"5,612,968.00",,"5,612,968.00",Jul-2029,0%,OPEN,MEMO TERMS,YELLOW TAG,,,
B011L003,SOMA3,IMPRESSIONS BATULAO EXP,3,,3,CALISTA MID,52,40,"3,008,204.00",,"3,008,204.00",Jul-2029,0%,OPEN,MEMO TERMS,YELLOW TAG,,,
B011L004,SOMA3,IMPRESSIONS BATULAO EXP,3,,3,CALISTA MID,51,40,"2,980,367.00",,"2,980,367.00",Jul-2029,0%,OPEN,MEMO TERMS,YELLOW TAG,,,
B011L005,SOMA3,IMPRESSIONS BATULAO EXP,3,,3,CALISTA MID,50,40,"2,952,631.00",,"2,952,631.00",Jul-2029,0%,OPEN,MEMO TERMS,YELLOW TAG,,,
B011L006,SOMA3,IMPRESSIONS BATULAO EXP,3,,3,CALISTA MID,50,40,"2,952,631.00",,"2,952,631.00",Jul-2029,0%,OPEN,MEMO TERMS,YELLOW TAG,,,
B011L007,SOMA3,IMPRESSIONS BATULAO EXP,3,,3,CALISTA MID,50,40,"2,952,631.00",,"2,952,631.00",Jul-2029,0%,OPEN,MEMO TERMS,YELLOW TAG,,,
B011L014,SOMA3,IMPRESSIONS BATULAO EXP,3,,3,CALISTA MID,50,40,"2,952,631.00",,"2,952,631",Jul-2029,0%,OPEN,MEMO TERMS,YELLOW TAG,,,
B011L015,SOMA3,IMPRESSIONS BATULAO EXP,3,,3,CALISTA MID,50,40,"2,952,631.00",,"2,952,631.00",Jul-2029,0%,OPEN,MEMO TERMS,YELLOW TAG,,,
B011L016,SOMA3,IMPRESSIONS BATULAO EXP,3,,3,CALISTA MID,50,40,"2,952,631.00",,"2,952,631.00",Jul-2029,0%,OPEN,MEMO TERMS,YELLOW TAG,,,
B011L017,SOMA3,IMPRESSIONS BATULAO EXP,3,,3,CALISTA MID,50,40,"2,952,631.00",,"2,952,631",Jul-2029,0%,OPEN,MEMO TERMS,YELLOW TAG,,,
B011L018,SOMA3,IMPRESSIONS BATULAO EXP,3,,3,CALISTA MID,50,40,"2,952,631.00",,"2,952,631.00",Jul-2029,0%,OPEN,MEMO TERMS,YELLOW TAG,,,
B011L019,SOMA3,IMPRESSIONS BATULAO EXP,3,,3,CALISTA MID,50,40,"2,952,631.00",,"2,952,631",Jul-2029,0%,OPEN,MEMO TERMS,YELLOW TAG,,,
B011L020,SOMA3,IMPRESSIONS BATULAO EXP,3,,3,CALISTA MID,50,40,"2,952,631.00",,"2,952,631",Jul-2029,0%,OPEN,MEMO TERMS,YELLOW TAG,,,
B011L021,SOMA3,IMPRESSIONS BATULAO EXP,3,,3,CALISTA MID,50,40,"2,952,631.00",,"2,952,631.00",Jul-2029,0%,OPEN,MEMO TERMS,YELLOW TAG,,,
B011L022,SOMA3,IMPRESSIONS BATULAO EXP,3,,3,CALISTA END CORNER,138,40,"5,473,986.00",,"5,473,986",Jul-2029,0%,OPEN,MEMO TERMS,YELLOW TAG,,,
B011L023,SOMA3,IMPRESSIONS BATULAO EXP,3,,3,CALISTA END CORNER,145,40,"5,668,541.00",,"5,668,541.00",Jul-2029,0%,OPEN,MEMO TERMS,YELLOW TAG,,,
B011L024,SOMA3,IMPRESSIONS BATULAO EXP,3,,3,CALISTA MID,50,40,"2,952,631.00",,"2,952,631.00",Jul-2029,0%,OPEN,MEMO TERMS,YELLOW TAG,,,
B011L025,SOMA3,IMPRESSIONS BATULAO EXP,3,,3,CALISTA MID,50,40,"2,952,631.00",,"2,952,631.00",Jul-2029,0%,OPEN,MEMO TERMS,YELLOW TAG,,,
B011L026,SOMA3,IMPRESSIONS BATULAO EXP,3,,3,CALISTA MID,50,40,"2,952,631.00",,"2,952,631.00",Jul-2029,0%,OPEN,MEMO TERMS,YELLOW TAG,,,
B011L027,SOMA3,IMPRESSIONS BATULAO EXP,3,,3,CALISTA MID,50,40,"2,952,631.00",,"2,952,631.00",Jul-2029,0%,OPEN,MEMO TERMS,YELLOW TAG,,,
B011L028,SOMA3,IMPRESSIONS BATULAO EXP,3,,3,CALISTA MID,50,40,"2,952,631.00",,"2,952,631.00",Jul-2029,0%,OPEN,MEMO TERMS,YELLOW TAG,,,
B011L029,SOMA3,IMPRESSIONS BATULAO EXP,3,,3,CALISTA MID,50,40,"2,952,631",,"2,952,631",Jul-2029,0%,OPEN,MEMO TERMS,YELLOW TAG,,,
B011L030,SOMA3,IMPRESSIONS BATULAO EXP,3,,3,CALISTA MID,50,40,"2,952,631.00",,"2,952,631.00",Jul-2029,0%,OPEN,MEMO TERMS,YELLOW TAG,,,
B011L031,SOMA3,IMPRESSIONS BATULAO EXP,3,,3,CALISTA MID,50,40,"2,952,631.00",,"2,952,631.00",Jul-2029,0%,OPEN,MEMO TERMS,YELLOW TAG,,,
B011L032,SOMA3,IMPRESSIONS BATULAO EXP,3,,3,CALISTA END,75,40,"3,675,209.00",,"3,675,209.00",Jul-2029,0%,OPEN,MEMO TERMS,YELLOW TAG,,,
B011L033,SOMA3,IMPRESSIONS BATULAO EXP,3,,3,CALISTA END,75,40,"3,675,209.00",,"3,675,209.00",Jul-2029,0%,OPEN,MEMO TERMS,YELLOW TAG,,,
B011L034,SOMA3,IMPRESSIONS BATULAO EXP,3,,3,CALISTA MID,50,40,"2,952,631.00",,"2,952,631",Jul-2029,0%,OPEN,MEMO TERMS,YELLOW TAG,,,
B011L035,SOMA3,IMPRESSIONS BATULAO EXP,3,,3,CALISTA MID,50,40,"2,952,631.00",,"2,952,631.00",Jul-2029,0%,OPEN,MEMO TERMS,YELLOW TAG,,,
B011L036,SOMA3,IMPRESSIONS BATULAO EXP,3,,3,CALISTA MID,50,40,"2,952,631.00",,"2,952,631.00",Jul-2029,0%,OPEN,MEMO TERMS,YELLOW TAG,,,
B011L037,SOMA3,IMPRESSIONS BATULAO EXP,3,,3,CALISTA MID,50,40,"2,952,631.00",,"2,952,631.00",Jul-2029,0%,OPEN,MEMO TERMS,YELLOW TAG,,,
B011L038,SOMA3,IMPRESSIONS BATULAO EXP,3,,3,CALISTA MID,50,40,"2,952,631.00",,"2,952,631.00",Jul-2029,0%,OPEN,MEMO TERMS,YELLOW TAG,,,
B011L039,SOMA3,IMPRESSIONS BATULAO EXP,3,,3,CALISTA MID,50,40,"2,952,631.00",,"2,952,631.00",Jul-2029,0%,OPEN,MEMO TERMS,YELLOW TAG,,,
B011L040,SOMA3,IMPRESSIONS BATULAO EXP,3,,3,CALISTA MID,50,40,"2,952,631.00",,"2,952,631.00",Jul-2029,0%,OPEN,MEMO TERMS,YELLOW TAG,,,
B011L041,SOMA3,IMPRESSIONS BATULAO EXP,3,,3,CALISTA MID,50,40,"2,952,631",,"2,952,631",Jul-2029,0%,OPEN,MEMO TERMS,YELLOW TAG,,,
B011L042,SOMA3,IMPRESSIONS BATULAO EXP,3,,3,CALISTA MID,50,40,"2,952,631.00",,"2,952,631.00",Jul-2029,0%,OPEN,MEMO TERMS,YELLOW TAG,,,
B011L043,SOMA3,IMPRESSIONS BATULAO EXP,3,,3,CALISTA MID,50,40,"2,952,631.00",,"2,952,631.00",Jul-2029,0%,OPEN,MEMO TERMS,YELLOW TAG,,,
B011L044,SOMA3,IMPRESSIONS BATULAO EXP,3,,3,CALISTA END CORNER,123,40,"5,057,140.00",,"5,057,140.00",Jul-2029,0%,OPEN,MEMO TERMS,YELLOW TAG,,,
B012L001,SOMA3,IMPRESSIONS BATULAO EXP,3,,3,CALISTA END CORNER,135,40,"5,818,052.00",,"5,818,052.00",Aug-2029,0%,OPEN,MEMO TERMS,YELLOW TAG,,,
B012L002,SOMA3,IMPRESSIONS BATULAO EXP,3,,3,CALISTA MID,50,40,"3,188,845.00",,"3,188,845.00",Aug-2029,0%,OPEN,MEMO TERMS,YELLOW TAG,,,
B012L006,SOMA3,IMPRESSIONS BATULAO EXP,3,,3,CALISTA MID,50,40,"3,188,845.00",,"3,188,845",Aug-2029,0%,OPEN,MEMO TERMS,YELLOW TAG,,,
B012L007,SOMA3,IMPRESSIONS BATULAO EXP,3,,3,CALISTA MID,50,40,"3,188,845.00",,"3,188,845.00",Aug-2029,0%,OPEN,MEMO TERMS,YELLOW TAG,,,
B012L009,SOMA3,IMPRESSIONS BATULAO EXP,3,,3,CALISTA END,75,40,"3,969,249",,"3,969,249",Aug-2029,0%,OPEN,MEMO TERMS,YELLOW TAG,,,
B012L013,SOMA3,IMPRESSIONS BATULAO EXP,3,,3,CALISTA MID,50,40,"2,952,631.00",,"2,952,631.00",Aug-2029,0%,OPEN,MEMO TERMS,YELLOW TAG,,,
B012L015,SOMA3,IMPRESSIONS BATULAO EXP,3,,3,CALISTA MID,50,40,"2,952,631.00",,"2,952,631.00",Aug-2029,0%,OPEN,MEMO TERMS,YELLOW TAG,,,
B012L016,SOMA3,IMPRESSIONS BATULAO EXP,3,,3,CALISTA MID,50,40,"2,952,631.00",,"2,952,631.00",Aug-2029,0%,OPEN,MEMO TERMS,YELLOW TAG,,,
B012L018,SOMA3,IMPRESSIONS BATULAO EXP,3,,3,CALISTA END CORNER,132,40,"5,307,268.00",,"5,307,268.00",Aug-2029,0%,OPEN,MEMO TERMS,YELLOW TAG,,,
B012L019,SOMA3,IMPRESSIONS BATULAO EXP,3,,3,CALISTA END CORNER,112,40,"4,751,339.00",,"4,751,339",Aug-2029,0%,OPEN,MEMO TERMS,YELLOW TAG,,,
B012L020,SOMA3,IMPRESSIONS BATULAO EXP,3,,3,CALISTA MID,50,40,"2,952,631.00",,"2,952,631",Aug-2029,0%,OPEN,MEMO TERMS,YELLOW TAG,,,
B012L021,SOMA3,IMPRESSIONS BATULAO EXP,3,,3,CALISTA MID,50,40,"2,952,631.00",,"2,952,631.00",Aug-2029,0%,OPEN,MEMO TERMS,YELLOW TAG,,,
B012L022,SOMA3,IMPRESSIONS BATULAO EXP,3,,3,CALISTA MID,50,40,"2,952,631.00",,"2,952,631.00",Aug-2029,0%,OPEN,MEMO TERMS,YELLOW TAG,,,
B012L023,SOMA3,IMPRESSIONS BATULAO EXP,3,,3,CALISTA MID,50,40,"2,952,631.00",,"2,952,631",Aug-2029,0%,OPEN,MEMO TERMS,YELLOW TAG,,,
B012L024,SOMA3,IMPRESSIONS BATULAO EXP,3,,3,CALISTA MID,50,40,"2,952,631.00",,"2,952,631.00",Aug-2029,0%,OPEN,MEMO TERMS,YELLOW TAG,,,
B012L025,SOMA3,IMPRESSIONS BATULAO EXP,3,,3,CALISTA MID,50,40,"2,952,631.00",,"2,952,631.00",Aug-2029,0%,OPEN,MEMO TERMS,YELLOW TAG,,,
B012L026,SOMA3,IMPRESSIONS BATULAO EXP,3,,3,CALISTA MID,50,40,"2,952,631.00",,"2,952,631.00",Aug-2029,0%,OPEN,MEMO TERMS,YELLOW TAG,,,
B012L027,SOMA3,IMPRESSIONS BATULAO EXP,3,,3,CALISTA MID,50,40,"2,952,631.00",,"2,952,631.00",Aug-2029,0%,OPEN,MEMO TERMS,YELLOW TAG,,,
B012L029,SOMA3,IMPRESSIONS BATULAO EXP,3,,3,CALISTA END,69,40,"3,508,390.00",,"3,508,390.00",Aug-2029,0%,OPEN,MEMO TERMS,YELLOW TAG,,,
B012L030,SOMA3,IMPRESSIONS BATULAO EXP,3,,3,CALISTA MID,50,40,"2,952,631.00",,"2,952,631.00",Aug-2029,0%,OPEN,MEMO TERMS,YELLOW TAG,,,
B012L031,SOMA3,IMPRESSIONS BATULAO EXP,3,,3,CALISTA MID,50,40,"2,952,631.00",,"2,952,631",Aug-2029,0%,OPEN,MEMO TERMS,YELLOW TAG,,,
B012L032,SOMA3,IMPRESSIONS BATULAO EXP,3,,3,CALISTA MID,50,40,"2,952,631.00",,"2,952,631.00",Aug-2029,0%,OPEN,MEMO TERMS,YELLOW TAG,,,
B012L033,SOMA3,IMPRESSIONS BATULAO EXP,3,,3,CALISTA MID,50,40,"2,952,631.00",,"2,952,631.00",Aug-2029,0%,OPEN,MEMO TERMS,YELLOW TAG,,,
B012L034,SOMA3,IMPRESSIONS BATULAO EXP,3,,3,CALISTA END,84,40,"3,925,336",,"3,925,336.00",Aug-2029,0%,OPEN,MEMO TERMS,YELLOW TAG,,,
B012L035,SOMA3,IMPRESSIONS BATULAO EXP,3,,3,CALISTA END,75,40,"3,675,209.00",,"3,675,209.00",Aug-2029,0%,OPEN,MEMO TERMS,YELLOW TAG,,,
B012L036,SOMA3,IMPRESSIONS BATULAO EXP,3,,3,CALISTA MID,50,40,"2,952,631",,"2,952,631.00",Aug-2029,0%,OPEN,MEMO TERMS,YELLOW TAG,,,
B012L037,SOMA3,IMPRESSIONS BATULAO EXP,3,,3,CALISTA MID,50,40,"2,952,631",,"2,952,631.00",Aug-2029,0%,OPEN,MEMO TERMS,YELLOW TAG,,,
B012L038,SOMA3,IMPRESSIONS BATULAO EXP,3,,3,CALISTA END CORNER,135,40,"5,390,677",,"5,390,677.00",Aug-2029,0%,OPEN,MEMO TERMS,YELLOW TAG,,,
B013L001,SOMA3,IMPRESSIONS BATULAO EXP,3,,3,CALISTA END,75,40,"4,061,124",,"4,061,124.00",Sep-2029,0%,OPEN,MEMO TERMS,YELLOW TAG,,,
B013L002,SOMA3,IMPRESSIONS BATULAO EXP,3,,3,CALISTA MID,50,40,"3,026,379.00",,"3,026,379.00",Sep-2029,0%,OPEN,MEMO TERMS,YELLOW TAG,,,
B013L003,SOMA3,IMPRESSIONS BATULAO EXP,3,,3,CALISTA MID,50,40,"3,026,379",,"3,026,379.00",Sep-2029,0%,OPEN,MEMO TERMS,YELLOW TAG,,,
B013L004,SOMA3,IMPRESSIONS BATULAO EXP,3,,3,CALISTA MID,50,40,"3,026,379",,"3,026,379.00",Sep-2029,0%,OPEN,MEMO TERMS,YELLOW TAG,,,
B013L006,SOMA3,IMPRESSIONS BATULAO EXP,3,,3,CALISTA END CORNER,119,40,"5,068,379",,"5,068,379.00",Sep-2029,0%,OPEN,MEMO TERMS,YELLOW TAG,,,
B013L007,SOMA3,IMPRESSIONS BATULAO EXP,3,,3,CALISTA END CORNER,126,40,"5,140,449.00",,"5,140,449.00",Sep-2029,0%,OPEN,MEMO TERMS,YELLOW TAG,,,
B013L009,SOMA3,IMPRESSIONS BATULAO EXP,3,,3,CALISTA END,75,40,"3,675,209.00",,"3,675,209.00",Sep-2029,0%,OPEN,MEMO TERMS,YELLOW TAG,,,
B014L003,SOMA3,IMPRESSIONS BATULAO EXP,3,,3,CALISTA MID,50,40,"3,262,593.00",,"3,262,593.00",Sep-2029,0%,OPEN,MEMO TERMS,YELLOW TAG,,,
B014L004,SOMA3,IMPRESSIONS BATULAO EXP,3,,3,CALISTA END,82,40,"4,276,096.00",,"4,276,096.00",Sep-2029,0%,OPEN,MEMO TERMS,YELLOW TAG,,,
B014L005,SOMA3,IMPRESSIONS BATULAO EXP,3,,3,CALISTA END,88,40,"4,460,428.00",,"4,460,428.00",Sep-2029,0%,OPEN,MEMO TERMS,YELLOW TAG,,,
B014L007,SOMA3,IMPRESSIONS BATULAO EXP,3,,3,CALISTA MID,50,40,"3,262,593.00",,"3,262,593",Sep-2029,0%,OPEN,MEMO TERMS,YELLOW TAG,,,
B014L008,SOMA3,IMPRESSIONS BATULAO EXP,3,,3,CALISTA MID,50,40,"3,262,593.00",,"3,262,593",Sep-2029,0%,OPEN,MEMO TERMS,YELLOW TAG,,,
B014L009,SOMA3,IMPRESSIONS BATULAO EXP,3,,3,CALISTA MID,50,40,"3,262,593.00",,"3,262,593",Sep-2029,0%,OPEN,MEMO TERMS,YELLOW TAG,,,
B014L010,SOMA3,IMPRESSIONS BATULAO EXP,3,,3,CALISTA MID,50,40,"3,026,379.00",,"3,026,379.00",Sep-2029,0%,OPEN,MEMO TERMS,YELLOW TAG,,,
B014L011,SOMA3,IMPRESSIONS BATULAO EXP,3,,3,CALISTA MID,50,40,"3,026,379.00",,"3,026,379.00",Sep-2029,0%,OPEN,MEMO TERMS,YELLOW TAG,,,
B014L012,SOMA3,IMPRESSIONS BATULAO EXP,3,,3,CALISTA MID,50,40,"3,026,379.00",,"3,026,379.00",Sep-2029,0%,OPEN,MEMO TERMS,YELLOW TAG,,,
B014L013,SOMA3,IMPRESSIONS BATULAO EXP,3,,3,CALISTA MID,50,40,"3,026,379.00",,"3,026,379",Sep-2029,0%,OPEN,MEMO TERMS,YELLOW TAG,,,
B014L014,SOMA3,IMPRESSIONS BATULAO EXP,3,,3,CALISTA END CORNER,105,40,"4,669,462.00",,"4,669,462",Sep-2029,0%,OPEN,MEMO TERMS,YELLOW TAG,,,
B014L015,SOMA3,IMPRESSIONS BATULAO EXP,3,,3,CALISTA END CORNER,127,40,"5,168,286.00",,"5,168,286",Sep-2029,0%,OPEN,MEMO TERMS,YELLOW TAG,,,
B014L017,SOMA3,IMPRESSIONS BATULAO EXP,3,,3,CALISTA MID,50,40,"2,952,631.00",,"2,952,631",Sep-2029,0%,OPEN,MEMO TERMS,YELLOW TAG,,,
B014L018,SOMA3,IMPRESSIONS BATULAO EXP,3,,3,CALISTA END,75,40,"3,675,209.00",,"3,675,209",Sep-2029,0%,OPEN,MEMO TERMS,YELLOW TAG,,,
B014L019,SOMA3,IMPRESSIONS BATULAO EXP,3,,3,CALISTA END,75,40,"3,675,209.00",,"3,675,209.00",Sep-2029,0%,OPEN,MEMO TERMS,YELLOW TAG,,,
B014L020,SOMA3,IMPRESSIONS BATULAO EXP,3,,3,CALISTA MID,50,40,"2,952,631.00",,"2,952,631.00",Sep-2029,0%,OPEN,MEMO TERMS,YELLOW TAG,,,
B014L021,SOMA3,IMPRESSIONS BATULAO EXP,3,,3,CALISTA MID,50,40,"2,952,631.00",,"2,952,631",Sep-2029,0%,OPEN,MEMO TERMS,YELLOW TAG,,,
B014L023,SOMA3,IMPRESSIONS BATULAO EXP,3,,3,CALISTA END,75,40,"3,675,209.00",,"3,675,209.00",Sep-2029,0%,OPEN,MEMO TERMS,YELLOW TAG,,,
B004L008,SOMA3,EDITIONS BATULAO VOL.1,2,-,1,CORIN,175,120,"10,494,151.00","1,049,416.00","9,444,735.00",Mar-2026,60%,REOPEN,RSBS WITHIN THE MONTH,RED TAG,,,
B014L019,SOMA3,EDITIONS BATULAO VOL.1,2,-,2,CORIN,145,120,"9,615,494.00","961,553.00","8,653,941.00",Mar-2027,0%,REOPEN,RSBS WITHIN THE MONTH,YELLOW TAG,,,
B026L003,SOMA3,BATULAO,2,B,5,BRENNA REGULAR,105,45,"5,083,826","508,385","4,575,441",May-2027,80%,CANCELLED,RSBS WITHIN THE MONTH,RED TAG,,,
B026L020,SOMA3,BATULAO,2,B,5,BRENNA REGULAR,93,45,"4,922,523.00","492,260","4,430,263.00",Mar-2027,59%,CANCELLED,RSBS WITHIN THE MONTH,YELLOW TAG,,,
B012L008,SOMA3,EDITIONS BATULAO VOL.1,2,-,2,CHRISTIE CORNER,286,90,"12,163,228.00","1,216,332","10,946,896.00",Mar-2027,60%,CANCELLED,RSBS WITHIN THE MONTH,RED TAG,,,
B013L001,SOMA3,EDITIONS BATULAO VOL.1,2,-,2,CORIN,150,120,"10,403,165.00","1,040,321.00","9,362,843.00",Aug-2026,30%,CANCELLED,RSBS WITHIN THE MONTH,YELLOW TAG,,,
B004L003,SOMA3,IMPRESSIONS BATULAO,2,A,4,CALISTA MID,59,40,"3,100,678.00",0.00,"3,100,678.00",Mar-2029,0%,FALLOUT,MEMO TERMS,YELLOW TAG,,,
B031L048,SOMA3,LIPA COVE,4,B,1,AMANI MID,40,36,"2,075,932.00",0.00,"2,075,932.00",Aug-2026,12%,FALLOUT,MEMO TERMS,YELLOW TAG,,,
B032L002,SOMA3,LIPA COVE,4,B,1,AMANI MID,40,36,"1,913,342.00",0.00,"1,913,342.00",Sep-2026,12%,CANCELLED,RSBS WITHIN THE MONTH,YELLOW TAG,,,
B009L001,SOMA3,EDITIONS BATULAO VOL.2W,1,-,B3,CHARLES,175,70,"8,134,900.00","813,493","7,321,408.00",Dec-2028,0%,FALLOUT,MEMO TERMS,YELLOW TAG,,,
B009L026,SOMA3,EDITIONS BATULAO VOL.2W,1,-,B3,CHARLES,192,70,"8,641,001.00","864,107","7,776,894.00",Dec-2028,0%,FALLOUT,MEMO TERMS,YELLOW TAG,,,
B007L007,SOMA3,EDITIONS BATULAO VOL.2W,1,-,B3,CHARLES CORNER,151,70,"7,566,564.00","756,660.00","6,809,904.00",Feb-2029,0%,CANCELLED,RSBS WITHIN THE MONTH,YELLOW TAG,,,
B026L073,SOMA3,"STO. TOMAS, BATANGAS",1,A,2,CALISTA MID,50,40,"2,506,132.00",0.00,"2,506,132.00",Dec-2026,0%,CANCELLED,RSBS WITHIN THE MONTH,YELLOW TAG,,,
B007L002,SOMA3,IMPRESSIONS BATULAO EXP,3,,1,CALISTA MID,50,40,"2,952,631.00",,"2,952,631.00",Dec-2028,0%,CANCELLED,RSBS WITHIN THE MONTH,YELLOW TAG,,,
B007L011,SOMA3,IMPRESSIONS BATULAO EXP,3,,1,CALISTA MID,50,40,"2,952,631.00",,"2,952,631.00",Dec-2028,0%,FALLOUT,MEMO TERMS,YELLOW TAG,,,
B007L025,SOMA3,IMPRESSIONS BATULAO EXP,3,,1,CALISTA END CORNER,134,40,"5,362,840.00",,"5,362,840.00",Dec-2028,0%,FALLOUT,MEMO TERMS,YELLOW TAG,,,
B008L027,SOMA3,IMPRESSIONS BATULAO EXP,3,,1,CALISTA MID,50,40,"2,952,631.00",,"2,952,631.00",Dec-2028,0%,CANCELLED,RSBS WITHIN THE MONTH,YELLOW TAG,,,
B010L002,SOMA3,IMPRESSIONS BATULAO EXP,3,,2,CALISTA MID,50,40,"2,952,631.00",,"2,952,631.00",Jun-2029,0%,FALLOUT,MEMO TERMS,YELLOW TAG,,,
B004L020,SOMA3,BATULAO,2,A,3,CALISTA END,112,40,"4,845,456.76","484,548.94","4,360,908.00",Aug-2027,80%,CANCELLED,RSBS WITHIN THE MONTH,RED TAG,,,
B010L010,SOMA3,BATULAO,2,A,2,CALISTA END,88,40,"4,320,016.58","432,001.78","3,888,015.00",May-2025,80%,CANCELLED,RSBS WITHIN THE MONTH,RED TAG,,,
B010L029,SOMA3,BATULAO,2,A,2,CALISTA END,86,40,"3,732,881.41",-,"3,732,881.00",Jan-2025,59%,CANCELLED,RSBS WITHIN THE MONTH,YELLOW TAG,,,
B017L036,SOMA3,LIPA COVE,4,A,3,AMANI MID,40,36,"1,961,133.00",-,"1,961,133.00",Feb-2026,17%,FALLOUT,MEMO TERMS,YELLOW TAG,,,
B019L019,SOMA3,LIPA COVE,4,A,3,AMANI MID,52,36,"2,158,211.00",-,"2,158,211.00",Mar-2026,80%,FALLOUT,MEMO TERMS,RED TAG,,,
B023L009,SOMA3,EDITIONS BATULAO VOL.2W,1,,B1,CORIN,159,120,"10,051,338.98","1,005,143.46","9,046,196.00",Sep-2028,0%,FALLOUT,MEMO TERMS,YELLOW TAG,,,
B029L003,SOMA3,LIPA COVE,4,B,2,AMANI MID,41,36,"1,979,380.00",-,"1,979,380.00",Dec-2026,0%,FALLOUT,MEMO TERMS,YELLOW TAG,,,
B031L031,SOMA3,LIPA COVE,4,B,1,AMANI MID,40,36,"2,075,932.00",-,"2,075,932",Aug-2026,0%,FALLOUT,MEMO TERMS,YELLOW TAG,,,
B031L032,SOMA3,LIPA COVE,4,B,1,AMANI MID,40,36,"2,075,932.00",-,"2,075,932.00",Aug-2026,0%,FALLOUT,MEMO TERMS,YELLOW TAG,,,
B031L044,SOMA3,LIPA COVE,4,B,1,AMANI MID,40,36,"2,075,932.00",-,"2,075,932",Aug-2026,12%,FALLOUT,MEMO TERMS,YELLOW TAG,,,
B034L004,SOMA3,LIPA COVE,4,B,1,AMANI MID,40,36,"1,913,342.00",-,"1,913,342",Oct-2026,12%,FALLOUT,MEMO TERMS,YELLOW TAG,,,
B034L010,SOMA3,LIPA COVE,4,B,1,AMANI MID,40,36,"1,913,342.00",-,"1,913,342",Oct-2026,12%,FALLOUT,MEMO TERMS,YELLOW TAG,,,
B034L011,SOMA3,LIPA COVE,4,B,1,AMANI MID,40,36,"1,913,342.00",-,"1,913,342",Oct-2026,12%,FALLOUT,MEMO TERMS,YELLOW TAG,,,
B010L022,SOMA3,EDITIONS BATULAO VOL.2W,1,-,B3,CHARLES,173,70,"8,317,634.64","831,764","7,485,870",Nov-2028,20%,FALLOUT,MEMO TERMS,YELLOW TAG,,,
B004L001,SOMA3,EDITIONS BATULAO VOL.2W,1,-,B4,CHRISTIE CORNER,183,90,"9,396,684.67","939,673","8,457,011.00",May-2029,0%,FALLOUT,MEMO TERMS,YELLOW TAG,,,
B005L001,SOMA3,EDITIONS BATULAO VOL.2W,1,-,B4,CHARLES,133,70,"6,815,537.74","681,561.19","6,133,977.00",May-2029,0%,FALLOUT,MEMO TERMS,YELLOW TAG,,,
B007L043,SOMA3,IMPRESSIONS BATULAO EXP,3,,1,CALISTA MID,50,40,"2,952,631.00",,"2,952,631",Nov-2028,0%,FALLOUT,MEMO TERMS,YELLOW TAG,,,
B024L055,SOMA3,"STO. TOMAS, BATANGAS",1,A,4,CALISTA MID,50,40,"2,506,132.00",,"2,506,132",Jun-2027,0%,FALLOUT,MEMO TERMS,YELLOW TAG,,,
B024L056,SOMA3,"STO. TOMAS, BATANGAS",1,A,4,CALISTA MID,50,40,"2,506,132.00",,"2,506,132.00",Jun-2027,0%,FALLOUT,MEMO TERMS,YELLOW TAG,,,
B023L045,SOMA3,"STO. TOMAS, BATANGAS",1,A,5,CALISTA MID,50,40,"2,506,132.00",,"2,506,132.00",Aug-2027,0%,FALLOUT,MEMO TERMS,YELLOW TAG,,,
B023L054,SOMA3,"STO. TOMAS, BATANGAS",1,A,5,CALISTA MID,50,40,"2,506,132.00",,"2,506,132.00",Aug-2027,0%,FALLOUT,MEMO TERMS,YELLOW TAG,,,
B023L055,SOMA3,"STO. TOMAS, BATANGAS",1,A,5,CALISTA MID,50,40,"2,506,132.00",,"2,506,132.00",Aug-2027,0%,FALLOUT,MEMO TERMS,YELLOW TAG,,,
B042L003,SOMA3,EDITIONS BATULAO VOL.2 EAST,1,,1,LOT ONLY,109,,"2,855,769.00","285,586.01","2,570,183.00",Feb-2027,0%,FALLOUT,MEMO TERMS,YELLOW TAG,,,
B013L010,SOMA3,EDITIONS BATULAO VOL.2 EAST,1,,2,LOT ONLY,101,0,"2,646,239.00","264,626","2,381,613.00",May-2027,0%,FALLOUT,MEMO TERMS,YELLOW TAG,,,
B013L018,SOMA3,EDITIONS BATULAO VOL.2 EAST,1,,2,LOT ONLY,100,0,"2,619,985.00","262,005.52","2,357,979.00",May-2027,0%,FALLOUT,MEMO TERMS,YELLOW TAG,,,
B013L022,SOMA3,EDITIONS BATULAO VOL.2 EAST,1,,2,LOT ONLY,123,0,"3,222,623.00","322,267","2,900,356",May-2027,0%,FALLOUT,MEMO TERMS,YELLOW TAG,,,
B013L023,SOMA3,EDITIONS BATULAO VOL.2 EAST,1,,2,LOT ONLY,106,0,"2,777,208.00","277,725.85","2,499,482.00",May-2027,0%,FALLOUT,MEMO TERMS,YELLOW TAG,,,
B028L013,SOMA3,EDITIONS BATULAO VOL.2 EAST,1,,2,LOT ONLY,100,0,"2,619,985.00","262,005.52","2,357,979",Mar-2027,0%,FALLOUT,MEMO TERMS,YELLOW TAG,,,
B032L001,SOMA3,EDITIONS BATULAO VOL.2 EAST,3,,1,CARTLAND CORNER,292,54,"12,130,203.66","1,213,029","10,917,175.00",Nov-2028,0%,FALLOUT,MEMO TERMS,YELLOW TAG,,,
B008L015,SOMA3,IMPRESSIONS BATULAO EXP,3,,2,CALISTA MID,50,40,"2,952,631.00",-,"2,952,631.00",Apr-2029,0%,FALLOUT,MEMO TERMS,YELLOW TAG,,,
B008L016,SOMA3,IMPRESSIONS BATULAO EXP,3,,2,CALISTA MID,50,40,"2,952,631.00",-,"2,952,631.00",Apr-2029,0%,FALLOUT,MEMO TERMS,YELLOW TAG,,,
B008L017,SOMA3,IMPRESSIONS BATULAO EXP,3,,2,CALISTA MID,50,40,"2,952,631.00",-,"2,952,631.00",Apr-2029,0%,FALLOUT,MEMO TERMS,YELLOW TAG,,,
B008L019,SOMA3,IMPRESSIONS BATULAO EXP,3,,2,CALISTA MID,50,40,"2,952,631.00",-,"2,952,631.00",Apr-2029,0%,FALLOUT,MEMO TERMS,YELLOW TAG,,,
B009L010,SOMA3,IMPRESSIONS BATULAO EXP,3,,2,CALISTA MID,50,40,"2,952,631.00",-,"2,952,631.00",May-2029,0%,FALLOUT,MEMO TERMS,YELLOW TAG,,,
B009L025,SOMA3,IMPRESSIONS BATULAO EXP,3,,2,CALISTA END CORNER,112,40,"4,751,339.00",-,"4,751,339.00",Apr-2029,0%,FALLOUT,MEMO TERMS,YELLOW TAG,,,
B009L027,SOMA3,IMPRESSIONS BATULAO EXP,3,,2,CALISTA MID,50,40,"2,952,631.00",-,"2,952,631.00",Apr-2029,0%,FALLOUT,MEMO TERMS,YELLOW TAG,,,
B009L028,SOMA3,IMPRESSIONS BATULAO EXP,3,,2,CALISTA MID,50,40,"2,952,631",-,"2,952,631.00",Apr-2029,0%,FALLOUT,MEMO TERMS,YELLOW TAG,,,
B009L029,SOMA3,IMPRESSIONS BATULAO EXP,3,,2,CALISTA MID,50,40,"2,952,631.00",-,"2,952,631.00",Apr-2029,0%,FALLOUT,MEMO TERMS,YELLOW TAG,,,
B009L031,SOMA3,IMPRESSIONS BATULAO EXP,3,,2,CALISTA MID,50,40,"2,952,631.00",-,"2,952,631.00",Apr-2029,0%,FALLOUT,MEMO TERMS,YELLOW TAG,,,
B009L033,SOMA3,IMPRESSIONS BATULAO EXP,3,,2,CALISTA MID,50,40,"2,952,631.00",-,"2,952,631.00",Apr-2029,0%,FALLOUT,MEMO TERMS,YELLOW TAG,,,
B009L035,SOMA3,IMPRESSIONS BATULAO EXP,3,,2,CALISTA MID,50,40,"2,952,631.00",-,"2,952,631.00",Apr-2029,0%,FALLOUT,MEMO TERMS,YELLOW TAG,,,
B009L045,SOMA3,IMPRESSIONS BATULAO EXP,3,,2,CALISTA MID,50,40,"2,952,631.00",-,"2,952,631.00",Apr-2029,0%,FALLOUT,MEMO TERMS,YELLOW TAG,,,
B010L022,SOMA3,IMPRESSIONS BATULAO EXP,3,,2,CALISTA END CORNER,149,40,"5,779,787.00",-,"5,779,787.00",Jun-2029,0%,FALLOUT,MEMO TERMS,YELLOW TAG,,,
B010L023,SOMA3,IMPRESSIONS BATULAO EXP,3,,2,CALISTA END CORNER,157,40,"6,002,178.00",-,"6,002,178.00",May-2029,0%,FALLOUT,MEMO TERMS,YELLOW TAG,,,
B010L027,SOMA3,IMPRESSIONS BATULAO EXP,3,,2,CALISTA MID,50,40,"2,952,631.00",-,"2,952,631.00",May-2029,0%,FALLOUT,MEMO TERMS,YELLOW TAG,,,
B010L029,SOMA3,IMPRESSIONS BATULAO EXP,3,,2,CALISTA MID,50,40,"2,952,631.00",-,"2,952,631.00",May-2029,0%,FALLOUT,MEMO TERMS,YELLOW TAG,,,
B010L034,SOMA3,IMPRESSIONS BATULAO EXP,3,,2,CALISTA MID,50,40,"2,952,631.00",-,"2,952,631.00",Jun-2029,0%,FALLOUT,MEMO TERMS,YELLOW TAG,,,
B010L035,SOMA3,IMPRESSIONS BATULAO EXP,3,,2,CALISTA MID,50,40,"2,952,631.00",-,"2,952,631.00",Jun-2029,0%,FALLOUT,MEMO TERMS,YELLOW TAG,,,
B010L037,SOMA3,IMPRESSIONS BATULAO EXP,3,,2,CALISTA MID,50,40,"2,952,631",-,"2,952,631.00",Jun-2029,0%,FALLOUT,MEMO TERMS,YELLOW TAG,,,
B010L038,SOMA3,IMPRESSIONS BATULAO EXP,3,,2,CALISTA MID,50,40,"2,952,631",-,"2,952,631.00",Jun-2029,0%,FALLOUT,MEMO TERMS,YELLOW TAG,,,
B010L040,SOMA3,IMPRESSIONS BATULAO EXP,3,,2,CALISTA MID,50,40,"2,952,631",-,"2,952,631.00",Jun-2029,0%,FALLOUT,MEMO TERMS,YELLOW TAG,,,
B010L044,SOMA3,IMPRESSIONS BATULAO EXP,3,,2,CALISTA END CORNER,131,40,"5,279,431",-,"5,279,431.00",Jun-2029,0%,FALLOUT,MEMO TERMS,YELLOW TAG,,,
B011L010,SOMA3,IMPRESSIONS BATULAO EXP,3,,3,CALISTA MID,50,40,"2,952,631.00",,"2,952,631.00",Jul-2029,0%,FALLOUT,MEMO TERMS,YELLOW TAG,,,
B011L011,SOMA3,IMPRESSIONS BATULAO EXP,3,,3,CALISTA MID,50,40,"2,952,631.00",,"2,952,631.00",Jul-2029,0%,FALLOUT,MEMO TERMS,YELLOW TAG,,,
B045L001,SOMA3,"STO. TOMAS, BATANGAS",1,B,1,CALISTA END CORNER,128,40,"4,499,016.00",,"4,499,016.00",Mar-2029,0%,FALLOUT,MEMO TERMS,YELLOW TAG,,,
B047L005,SOMA3,"STO. TOMAS, BATANGAS",1,B,1,CALISTA MID,52,40,"2,529,375.00",,"2,529,375.00",Jan-2029,0%,FALLOUT,MEMO TERMS,YELLOW TAG,,,
B047L009,SOMA3,"STO. TOMAS, BATANGAS",1,B,1,CALISTA MID,52,40,"2,529,375.00",,"2,529,375.00",Jan-2029,0%,FALLOUT,MEMO TERMS,YELLOW TAG,,,
B047L017,SOMA3,"STO. TOMAS, BATANGAS",1,B,1,CALISTA MID,52,40,"2,529,375.00",,"2,529,375.00",Jan-2029,0%,FALLOUT,MEMO TERMS,YELLOW TAG,,,
B035L001,SOMA3,EDITIONS BATULAO VOL.2 EAST,1,,1,LOT ONLY CORNER,201,,"5,425,021.00","542,509.00","4,882,512.00",Jan-2027,0%,OPEN not convertible to shelly,MEMO TERMS,YELLOW TAG,,,
B035L005,SOMA3,EDITIONS BATULAO VOL.2 EAST,1,,1,LOT ONLY,109,,"2,855,769.00","285,586.00","2,570,183.00",Jan-2027,0%,FALLOUT,MEMO TERMS,YELLOW TAG,,,
B035L019,SOMA3,EDITIONS BATULAO VOL.2 EAST,1,,1,LOT ONLY,105,,"2,833,971.00","283,400.00","2,550,571.00",Jan-2027,0%,FALLOUT,MEMO TERMS,YELLOW TAG,,,
B035L028,SOMA3,EDITIONS BATULAO VOL.2 EAST,1,,1,LOT ONLY CORNER,207,,"5,586,968.00","558,704","5,028,264.00",Jan-2027,0%,FALLOUT,MEMO TERMS,YELLOW TAG,,,
B037L013,SOMA3,EDITIONS BATULAO VOL.2 EAST,1,,1,LOT ONLY,140,,"3,668,039.00","366,808.00","3,301,231.00",Feb-2027,0%,FALLOUT,MEMO TERMS,YELLOW TAG,,,
B037L016,SOMA3,EDITIONS BATULAO VOL.2 EAST,1,,1,LOT ONLY,128,,"3,353,593.00","335,367.00","3,018,226.00",Feb-2027,0%,FALLOUT,MEMO TERMS,YELLOW TAG,,,
B037L018,SOMA3,EDITIONS BATULAO VOL.2 EAST,1,,1,LOT ONLY,101,,"2,646,239.00","264,626.00","2,381,613.00",Feb-2027,0%,FALLOUT,MEMO TERMS,YELLOW TAG,,,
B040L005,SOMA3,EDITIONS BATULAO VOL.2 EAST,1,,1,LOT ONLY,122,,"3,196,369.00","319,647.00","2,876,722.00",Feb-2027,0%,FALLOUT,MEMO TERMS,YELLOW TAG,,,
B042L001,SOMA3,EDITIONS BATULAO VOL.2 EAST,1,,1,LOT ONLY,114,,"3,076,891.00","307,692.00","2,769,199.00",Feb-2027,0%,CANCELLED-lot only not convertible to shelly,RSBS WITHIN THE MONTH,YELLOW TAG,,,
B013L002,SOMA3,EDITIONS BATULAO VOL.2 EAST,1,,2,LOT ONLY,103,0,"2,698,646.00","269,866.00","2,428,780.00",May-2027,0%,FALLOUT,MEMO TERMS,YELLOW TAG,,,
B013L017,SOMA3,EDITIONS BATULAO VOL.2 EAST,1,,2,LOT ONLY,105,0,"2,751,054.00","275,106.00","2,475,948.00",May-2027,0%,FALLOUT,MEMO TERMS,YELLOW TAG,,,
B015L001,SOMA3,EDITIONS BATULAO VOL.2 EAST,1,,2,LOT ONLY,108,0,"2,829,616.00","282,966.00","2,546,650.00",Mar-2027,0%,FALLOUT,MEMO TERMS,YELLOW TAG,,,
B027L015,SOMA3,BATULAO,2,B,5,UNNA CORNER,133,54,"6,504,617.01","650,466","5,854,150.90",May-2027,10%,FALLOUT,MEMO TERMS,YELLOW TAG,,,
B019L022,SOMA3,LIPA COVE,4,A,3,AMANI MID,53,36,"2,176,293.00",-,"2,176,293.00",Mar-2026,60%,FALLOUT,MEMO TERMS,RED TAG,,,
B031L040,SOMA3,LIPA COVE,4,B,1,AMANI MID,40,36,"2,075,932.00",-,"2,075,932.00",Aug-2026,0%,FALLOUT,MEMO TERMS,YELLOW TAG,,,
B035L019,SOMA3,LIPA COVE,4,B,1,AMANI MID,40,36,"1,961,133.00",-,"1,961,133.00",Oct-2026,5%,FALLOUT,MEMO TERMS,YELLOW TAG,,,
B026L020,SOMA3,"STO. TOMAS, BATANGAS",1,A,2,CALISTA MID,50,40,"2,506,132.00",-,"2,506,132.00",Feb-2027,0%,FALLOUT,MEMO TERMS,YELLOW TAG,,,
B025L035,SOMA3,"STO. TOMAS, BATANGAS",1,A,3,CALISTA MID,50,40,"2,506,132.00",,"2,506,132.00",Apr-2027,3%,FALLOUT,MEMO TERMS,YELLOW TAG,,,
B008L009,SOMA3,IMPRESSIONS BATULAO EXP,3,,2,CALISTA MID,50,40,"2,952,631.00",-,"2,952,631.00",Mar-2029,0%,FALLOUT,MEMO TERMS,YELLOW TAG,,,
B008L010,SOMA3,IMPRESSIONS BATULAO EXP,3,,2,CALISTA MID,50,40,"2,952,631.00",-,"2,952,631.00",Mar-2029,0%,FALLOUT,MEMO TERMS,YELLOW TAG,,,
B009L004,SOMA3,IMPRESSIONS BATULAO EXP,3,,2,CALISTA MID,50,40,"2,952,631.00",-,"2,952,631.00",May-2029,0%,FALLOUT,MEMO TERMS,YELLOW TAG,,,
B009L009,SOMA3,IMPRESSIONS BATULAO EXP,3,,2,CALISTA MID,50,40,"2,952,631.00",-,"2,952,631.00",May-2029,0%,FALLOUT,MEMO TERMS,YELLOW TAG,,,
B009L017,SOMA3,IMPRESSIONS BATULAO EXP,3,,2,CALISTA MID,50,40,"2,952,631.00",-,"2,952,631.00",May-2029,0%,FALLOUT,MEMO TERMS,YELLOW TAG,,,
B010L025,SOMA3,IMPRESSIONS BATULAO EXP,3,,2,CALISTA MID,50,40,"2,952,631.00",-,"2,952,631.00",May-2029,0%,FALLOUT,MEMO TERMS,YELLOW TAG,,,
B010L026,SOMA3,IMPRESSIONS BATULAO EXP,3,,2,CALISTA MID,50,40,"2,952,631.00",-,"2,952,631.00",May-2029,0%,FALLOUT,MEMO TERMS,YELLOW TAG,,,
B010L028,SOMA3,IMPRESSIONS BATULAO EXP,3,,2,CALISTA MID,50,40,"2,952,631.00",-,"2,952,631.00",May-2029,0%,FALLOUT,MEMO TERMS,YELLOW TAG,,,
B045L020,SOMA3,"STO. TOMAS, BATANGAS",1,B,1,CALISTA END,78,40,"3,249,527.00",,"3,249,527.00",Mar-2029,0%,CANCELLED,RSBS WITHIN THE MONTH,YELLOW TAG,,,
B047L002,SOMA3,"STO. TOMAS, BATANGAS",1,B,1,CALISTA END,79,40,"3,273,601.00",,"3,273,601.00",Jan-2029,0%,CANCELLED,RSBS WITHIN THE MONTH,YELLOW TAG,,,
B047L015,SOMA3,"STO. TOMAS, BATANGAS",1,B,1,CALISTA END,188,40,"5,907,458.00",,"5,907,458.00",Jan-2029,0%,CANCELLED,RSBS WITHIN THE MONTH,YELLOW TAG,,,
B026L042,SOMA3,LIPA COVE,4,B,3,AMANI MID,40,36,"1,913,342.00",,"1,913,342.00",Mar-2027,12%,OPEN,MEMO TERMS,YELLOW TAG,,,
B026L043,SOMA3,LIPA COVE,4,B,3,AMANI MID,40,36,"1,913,342.00",,"1,913,342.00",Mar-2027,12%,OPEN,MEMO TERMS,YELLOW TAG,,,
B026L044,SOMA3,LIPA COVE,4,B,3,AMANI MID,40,36,"1,913,342.00",,"1,913,342.00",Mar-2027,12%,OPEN,MEMO TERMS,YELLOW TAG,,,
B026L045,SOMA3,LIPA COVE,4,B,3,AMANI MID,40,36,"1,913,342.00",,"1,913,342.00",Mar-2027,12%,OPEN,MEMO TERMS,YELLOW TAG,,,
B026L046,SOMA3,LIPA COVE,4,B,3,AMANI MID,40,36,"1,913,342.00",,"1,913,342.00",Mar-2027,12%,OPEN,MEMO TERMS,YELLOW TAG,,,
B026L047,SOMA3,LIPA COVE,4,B,3,AMANI MID,40,36,"1,913,342.00",,"1,913,342.00",Mar-2027,12%,OPEN,MEMO TERMS,YELLOW TAG,,,
B026L050,SOMA3,LIPA COVE,4,B,3,AMANI MID,40,36,"1,913,342.00",,"1,913,342.00",Apr-2027,12%,OPEN,MEMO TERMS,YELLOW TAG,,,
B026L051,SOMA3,LIPA COVE,4,B,3,AMANI MID,40,36,"1,913,342.00",,"1,913,342.00",Apr-2027,12%,OPEN,MEMO TERMS,YELLOW TAG,,,
B026L052,SOMA3,LIPA COVE,4,B,3,AMANI MID,40,36,"1,913,342.00",,"1,913,342.00",Apr-2027,12%,OPEN,MEMO TERMS,YELLOW TAG,,,
B026L053,SOMA3,LIPA COVE,4,B,3,AMANI MID,40,36,"1,913,342.00",,"1,913,342.00",Apr-2027,12%,OPEN,MEMO TERMS,YELLOW TAG,,,
B026L054,SOMA3,LIPA COVE,4,B,3,AMANI MID,40,36,"1,913,342.00",,"1,913,342.00",Apr-2027,12%,OPEN,MEMO TERMS,YELLOW TAG,,,
B026L055,SOMA3,LIPA COVE,4,B,3,AMANI MID,40,36,"1,913,342.00",,"1,913,342.00",Apr-2027,12%,OPEN,MEMO TERMS,YELLOW TAG,,,
B026L056,SOMA3,LIPA COVE,4,B,3,AMANI END,55,36,"2,178,464.00",,"2,178,464.00",Apr-2027,12%,OPEN,MEMO TERMS,YELLOW TAG,,,
B026L058,SOMA3,LIPA COVE,4,B,3,AMANI MID,40,36,"1,913,342.00",,"1,913,342.00",Apr-2027,12%,OPEN,MEMO TERMS,YELLOW TAG,,,
B026L059,SOMA3,LIPA COVE,4,B,3,AMANI MID,40,36,"1,913,342.00",,"1,913,342.00",Apr-2027,12%,OPEN,MEMO TERMS,YELLOW TAG,,,
B026L060,SOMA3,LIPA COVE,4,B,3,AMANI MID,40,36,"1,913,342.00",,"1,913,342.00",Apr-2027,12%,OPEN,MEMO TERMS,YELLOW TAG,,,
B026L061,SOMA3,LIPA COVE,4,B,3,AMANI MID,40,36,"1,913,342.00",,"1,913,342.00",Apr-2027,12%,OPEN,MEMO TERMS,YELLOW TAG,,,
B026L062,SOMA3,LIPA COVE,4,B,3,AMANI MID,40,36,"1,913,342.00",,"1,913,342.00",Apr-2027,12%,OPEN,MEMO TERMS,YELLOW TAG,,,
B026L063,SOMA3,LIPA COVE,4,B,3,AMANI MID,40,36,"1,913,342.00",,"1,913,342",Apr-2027,12%,OPEN,MEMO TERMS,YELLOW TAG,,,
B026L066,SOMA3,LIPA COVE,4,B,3,AMANI MID,40,36,"1,913,342.00",,"1,913,342.00",Apr-2027,12%,OPEN,MEMO TERMS,YELLOW TAG,,,
B026L067,SOMA3,LIPA COVE,4,B,3,AMANI MID,40,36,"1,913,342.00",,"1,913,342.00",Apr-2027,12%,OPEN,MEMO TERMS,YELLOW TAG,,,
B026L068,SOMA3,LIPA COVE,4,B,3,AMANI MID,40,36,"1,913,342.00",,"1,913,342.00",Apr-2027,12%,OPEN,MEMO TERMS,YELLOW TAG,,,
B026L069,SOMA3,LIPA COVE,4,B,3,AMANI MID,40,36,"1,913,342.00",,"1,913,342.00",Apr-2027,12%,OPEN,MEMO TERMS,YELLOW TAG,,,
B026L070,SOMA3,LIPA COVE,4,B,3,AMANI MID,40,36,"1,913,342.00",,"1,913,342.00",Apr-2027,12%,OPEN,MEMO TERMS,YELLOW TAG,,,
B027L002,SOMA3,LIPA COVE,4,B,3,AMANI MID,40,36,"1,913,342.00",,"1,913,342.00",Mar-2027,12%,OPEN,MEMO TERMS,YELLOW TAG,,,
B027L003,SOMA3,LIPA COVE,4,B,3,AMANI MID,40,36,"1,913,342.00",,"1,913,342.00",Mar-2027,12%,OPEN,MEMO TERMS,YELLOW TAG,,,
B027L004,SOMA3,LIPA COVE,4,B,3,AMANI MID,40,36,"1,913,342.00",,"1,913,342.00",Mar-2027,12%,OPEN,MEMO TERMS,YELLOW TAG,,,
B027L005,SOMA3,LIPA COVE,4,B,3,AMANI MID,40,36,"1,913,342.00",,"1,913,342.00",Mar-2027,12%,OPEN,MEMO TERMS,YELLOW TAG,,,
B027L006,SOMA3,LIPA COVE,4,B,3,AMANI MID,40,36,"1,913,342",,"1,913,342.00",Mar-2027,12%,OPEN,MEMO TERMS,YELLOW TAG,,,
B027L007,SOMA3,LIPA COVE,4,B,3,AMANI MID,40,36,"1,913,342.00",,"1,913,342.00",Mar-2027,12%,OPEN,MEMO TERMS,YELLOW TAG,,,
B027L010,SOMA3,LIPA COVE,4,B,3,AMANI MID,40,36,"1,913,342.00",,"1,913,342.00",Mar-2027,12%,OPEN,MEMO TERMS,YELLOW TAG,,,
B027L011,SOMA3,LIPA COVE,4,B,3,AMANI MID,40,36,"1,913,342.00",,"1,913,342.00",Mar-2027,12%,OPEN,MEMO TERMS,YELLOW TAG,,,
B027L012,SOMA3,LIPA COVE,4,B,3,AMANI MID,40,36,"1,913,342.00",,"1,913,342.00",Mar-2027,12%,OPEN,MEMO TERMS,YELLOW TAG,,,
B027L013,SOMA3,LIPA COVE,4,B,3,AMANI MID,40,36,"1,913,342.00",,"1,913,342.00",Mar-2027,12%,OPEN,MEMO TERMS,YELLOW TAG,,,
B027L014,SOMA3,LIPA COVE,4,B,3,AMANI MID,40,36,"1,913,342.00",,"1,913,342.00",Mar-2027,12%,OPEN,MEMO TERMS,YELLOW TAG,,,
B027L018,SOMA3,LIPA COVE,4,B,3,AMANI MID,40,36,"1,913,342.00",,"1,913,342.00",Mar-2027,12%,OPEN,MEMO TERMS,YELLOW TAG,,,
B027L019,SOMA3,LIPA COVE,4,B,3,AMANI MID,40,36,"1,913,342.00",,"1,913,342.00",Mar-2027,12%,OPEN,MEMO TERMS,YELLOW TAG,,,
B027L020,SOMA3,LIPA COVE,4,B,3,AMANI MID,40,36,"1,913,342.00",,"1,913,342.00",Mar-2027,12%,OPEN,MEMO TERMS,YELLOW TAG,,,
B027L021,SOMA3,LIPA COVE,4,B,3,AMANI MID,40,36,"1,913,342.00",,"1,913,342.00",Mar-2027,12%,OPEN,MEMO TERMS,YELLOW TAG,,,
B027L022,SOMA3,LIPA COVE,4,B,3,AMANI MID,40,36,"1,913,342.00",,"1,913,342.00",Mar-2027,12%,OPEN,MEMO TERMS,YELLOW TAG,,,
B027L023,SOMA3,LIPA COVE,4,B,3,AMANI MID,40,36,"1,913,342.00",,"1,913,342.00",Mar-2027,12%,OPEN,MEMO TERMS,YELLOW TAG,,,
B027L024,SOMA3,LIPA COVE,4,B,3,AMANI END,55,36,"2,178,464.00",,"2,178,464.00",Mar-2027,12%,OPEN,MEMO TERMS,YELLOW TAG,,,
B027L026,SOMA3,LIPA COVE,4,B,3,AMANI MID,40,36,"1,913,342.00",,"1,913,342.00",Mar-2027,12%,OPEN,MEMO TERMS,YELLOW TAG,,,
B027L027,SOMA3,LIPA COVE,4,B,3,AMANI MID,40,36,"1,913,342.00",,"1,913,342.00",Mar-2027,12%,OPEN,MEMO TERMS,YELLOW TAG,,,
B027L028,SOMA3,LIPA COVE,4,B,3,AMANI MID,40,36,"1,913,342.00",,"1,913,342.00",Mar-2027,12%,OPEN,MEMO TERMS,YELLOW TAG,,,
B027L029,SOMA3,LIPA COVE,4,B,3,AMANI MID,40,36,"1,913,342.00",,"1,913,342.00",Mar-2027,12%,OPEN,MEMO TERMS,YELLOW TAG,,,
B027L030,SOMA3,LIPA COVE,4,B,3,AMANI MID,40,36,"1,913,342.00",,"1,913,342",Mar-2027,12%,OPEN,MEMO TERMS,YELLOW TAG,,,
B027L031,SOMA3,LIPA COVE,4,B,3,AMANI MID,40,36,"1,913,342.00",,"1,913,342",Mar-2027,12%,OPEN,MEMO TERMS,YELLOW TAG,,,
B027L032,SOMA3,LIPA COVE,4,B,3,AMANI END,55,36,"2,178,464.00",,"2,178,464",Mar-2027,12%,OPEN,MEMO TERMS,YELLOW TAG,,,
B027L034,SOMA3,LIPA COVE,4,B,3,AMANI MID,40,36,"1,913,342.00",,"1,913,342",Feb-2027,12%,OPEN,MEMO TERMS,YELLOW TAG,,,
B027L039,SOMA3,LIPA COVE,4,B,3,AMANI MID,40,36,"1,961,133.00",,"1,961,133",Feb-2027,0%,OPEN,MEMO TERMS,YELLOW TAG,,,
B027L041,SOMA3,LIPA COVE,4,B,3,AMANI END,55,36,"2,232,993.00",,"2,232,993",Feb-2027,0%,OPEN,MEMO TERMS,YELLOW TAG,,,
B027L042,SOMA3,LIPA COVE,4,B,3,AMANI MID,40,36,"1,961,133.00",,"1,961,133.00",Feb-2027,0%,OPEN,MEMO TERMS,YELLOW TAG,,,
B027L043,SOMA3,LIPA COVE,4,B,3,AMANI MID,40,36,"1,961,133.00",,"1,961,133.00",Feb-2027,0%,OPEN,MEMO TERMS,YELLOW TAG,,,
B027L044,SOMA3,LIPA COVE,4,B,3,AMANI MID,40,36,"1,961,133.00",,"1,961,133",Feb-2027,0%,OPEN,MEMO TERMS,YELLOW TAG,,,
B027L045,SOMA3,LIPA COVE,4,B,3,AMANI MID,40,36,"1,961,133.00",,"1,961,133.00",Feb-2027,0%,OPEN,MEMO TERMS,YELLOW TAG,,,
B027L046,SOMA3,LIPA COVE,4,B,3,AMANI MID,40,36,"1,961,133.00",,"1,961,133.00",Feb-2027,0%,OPEN,MEMO TERMS,YELLOW TAG,,,
B027L047,SOMA3,LIPA COVE,4,B,3,AMANI MID,40,36,"1,961,133.00",,"1,961,133",Feb-2027,0%,OPEN,MEMO TERMS,YELLOW TAG,,,
B027L049,SOMA3,LIPA COVE,4,B,3,AMANI END,55,36,"2,232,993.00",,"2,232,993",Feb-2027,0%,OPEN,MEMO TERMS,YELLOW TAG,,,
B027L050,SOMA3,LIPA COVE,4,B,3,AMANI MID,40,36,"1,961,133.00",,"1,961,133.00",Feb-2027,0%,OPEN,MEMO TERMS,YELLOW TAG,,,
B027L051,SOMA3,LIPA COVE,4,B,3,AMANI MID,40,36,"1,961,133.00",,"1,961,133",Feb-2027,0%,OPEN,MEMO TERMS,YELLOW TAG,,,
B027L052,SOMA3,LIPA COVE,4,B,3,AMANI MID,40,36,"1,961,133.00",,"1,961,133.00",Feb-2027,0%,OPEN,MEMO TERMS,YELLOW TAG,,,
B027L053,SOMA3,LIPA COVE,4,B,3,AMANI MID,40,36,"1,961,133.00",,"1,961,133.00",Feb-2027,0%,OPEN,MEMO TERMS,YELLOW TAG,,,
B027L054,SOMA3,LIPA COVE,4,B,3,AMANI MID,40,36,"1,961,133.00",,"1,961,133",Feb-2027,0%,OPEN,MEMO TERMS,YELLOW TAG,,,
B027L055,SOMA3,LIPA COVE,4,B,3,AMANI MID,40,36,"1,961,133.00",,"1,961,133.00",Feb-2027,0%,OPEN,MEMO TERMS,YELLOW TAG,,,
B027L056,SOMA3,LIPA COVE,4,B,3,AMANI END,55,36,"2,232,993.00",,"2,232,993.00",Feb-2027,0%,OPEN,MEMO TERMS,YELLOW TAG,,,
B027L057,SOMA3,LIPA COVE,4,B,3,AMANI END,55,36,"2,232,993.00",,"2,232,993.00",Feb-2027,0%,OPEN,MEMO TERMS,YELLOW TAG,,,
B027L058,SOMA3,LIPA COVE,4,B,3,AMANI MID,40,36,"1,961,133.00",,"1,961,133.00",Feb-2027,0%,OPEN,MEMO TERMS,YELLOW TAG,,,
B027L059,SOMA3,LIPA COVE,4,B,3,AMANI MID,40,36,"1,961,133.00",,"1,961,133",Feb-2027,0%,OPEN,MEMO TERMS,YELLOW TAG,,,
B027L060,SOMA3,LIPA COVE,4,B,3,AMANI MID,40,36,"1,961,133.00",,"1,961,133.00",Feb-2027,0%,OPEN,MEMO TERMS,YELLOW TAG,,,
B027L061,SOMA3,LIPA COVE,4,B,3,AMANI MID,40,36,"1,961,133.00",,"1,961,133",Feb-2027,0%,OPEN,MEMO TERMS,YELLOW TAG,,,
B027L064,SOMA3,LIPA COVE,4,B,3,AMANI END,55,36,"2,232,993.00",,"2,232,993.00",Feb-2027,0%,OPEN,MEMO TERMS,YELLOW TAG,,,
B027L066,SOMA3,LIPA COVE,4,B,3,AMANI MID,40,36,"1,961,133.00",,"1,961,133.00",Feb-2027,0%,OPEN,MEMO TERMS,YELLOW TAG,,,
B027L067,SOMA3,LIPA COVE,4,B,3,AMANI MID,40,36,"1,961,133",,"1,961,133.00",Feb-2027,0%,OPEN,MEMO TERMS,YELLOW TAG,,,
B027L068,SOMA3,LIPA COVE,4,B,3,AMANI MID,40,36,"1,961,133",,"1,961,133.00",Feb-2027,0%,OPEN,MEMO TERMS,YELLOW TAG,,,
B027L069,SOMA3,LIPA COVE,4,B,3,AMANI MID,40,36,"1,961,133",,"1,961,133.00",Feb-2027,0%,OPEN,MEMO TERMS,YELLOW TAG,,,
B027L070,SOMA3,LIPA COVE,4,B,3,AMANI MID,40,36,"1,961,133.00",,"1,961,133.00",Feb-2027,0%,OPEN,MEMO TERMS,YELLOW TAG,,,
B027L071,SOMA3,LIPA COVE,4,B,3,AMANI MID,40,36,"1,961,133.00",,"1,961,133",Feb-2027,0%,OPEN,MEMO TERMS,YELLOW TAG,,,
B021L004,SOMA3,"STO. TOMAS, BATANGAS",1,B,3,CALISTA MID,50,40,"2,506,132.43",,"2,506,132",Apr-2028,0%,OPEN,MEMO TERMS,YELLOW TAG,,,
B021L011,SOMA3,"STO. TOMAS, BATANGAS",1,B,3,CALISTA MID,50,40,"2,506,132.43",,"2,506,132",Apr-2028,0%,OPEN,MEMO TERMS,YELLOW TAG,,,
B021L012,SOMA3,"STO. TOMAS, BATANGAS",1,B,3,CALISTA MID,50,40,"2,506,132.43",,"2,506,132",Apr-2028,0%,OPEN,MEMO TERMS,YELLOW TAG,,,
B021L013,SOMA3,"STO. TOMAS, BATANGAS",1,B,3,CALISTA MID,50,40,"2,506,132.43",,"2,506,132",Apr-2028,0%,OPEN,MEMO TERMS,YELLOW TAG,,,
B021L014,SOMA3,"STO. TOMAS, BATANGAS",1,B,3,CALISTA MID,50,40,"2,506,132.43",,"2,506,132",Apr-2028,0%,OPEN,MEMO TERMS,YELLOW TAG,,,
B021L017,SOMA3,"STO. TOMAS, BATANGAS",1,B,3,CALISTA END,75,40,"3,209,119.49",,"3,209,119",Apr-2028,0%,OPEN,MEMO TERMS,YELLOW TAG,,,
B021L018,SOMA3,"STO. TOMAS, BATANGAS",1,B,3,CALISTA MID,50,40,"2,506,132.43",,"2,506,132",Apr-2028,0%,OPEN,MEMO TERMS,YELLOW TAG,,,
B021L019,SOMA3,"STO. TOMAS, BATANGAS",1,B,3,CALISTA MID,50,40,"2,506,132.43",,"2,506,132",Apr-2028,0%,OPEN,MEMO TERMS,YELLOW TAG,,,
B021L020,SOMA3,"STO. TOMAS, BATANGAS",1,B,3,CALISTA MID,50,40,"2,506,132.43",,"2,506,132",Apr-2028,0%,OPEN,MEMO TERMS,YELLOW TAG,,,
B021L021,SOMA3,"STO. TOMAS, BATANGAS",1,B,3,CALISTA MID,50,40,"2,506,132.43",,"2,506,132",Apr-2028,0%,OPEN,MEMO TERMS,YELLOW TAG,,,
B021L022,SOMA3,"STO. TOMAS, BATANGAS",1,B,3,CALISTA MID,50,40,"2,506,132.43",,"2,506,132",Apr-2028,0%,OPEN,MEMO TERMS,YELLOW TAG,,,
B021L023,SOMA3,"STO. TOMAS, BATANGAS",1,B,3,CALISTA MID,50,40,"2,506,132.43",,"2,506,132.43",Apr-2028,0%,OPEN,MEMO TERMS,YELLOW TAG,,,
B021L024,SOMA3,"STO. TOMAS, BATANGAS",1,B,3,CALISTA MID,50,40,"2,506,132.43",,"2,506,132.43",Apr-2028,0%,OPEN,MEMO TERMS,YELLOW TAG,,,
B021L025,SOMA3,"STO. TOMAS, BATANGAS",1,B,3,CALISTA MID,50,40,"2,506,132.43",,"2,506,132.43",Apr-2028,0%,OPEN,MEMO TERMS,YELLOW TAG,,,
B021L029,SOMA3,"STO. TOMAS, BATANGAS",1,B,3,CALISTA MID,50,40,"2,506,132.43",,"2,506,132.43",Apr-2028,0%,OPEN,MEMO TERMS,YELLOW TAG,,,
B021L030,SOMA3,"STO. TOMAS, BATANGAS",1,B,3,CALISTA MID,50,40,"2,506,132.43",,"2,506,132.43",Apr-2028,0%,OPEN,MEMO TERMS,YELLOW TAG,,,
B021L031,SOMA3,"STO. TOMAS, BATANGAS",1,B,3,CALISTA MID,50,40,"2,506,132.43",,"2,506,132.43",Apr-2028,0%,OPEN,MEMO TERMS,YELLOW TAG,,,
B021L032,SOMA3,"STO. TOMAS, BATANGAS",1,B,3,CALISTA MID,50,40,"2,506,132.43",,"2,506,132",Apr-2028,0%,OPEN,MEMO TERMS,YELLOW TAG,,,
B021L033,SOMA3,"STO. TOMAS, BATANGAS",1,B,3,CALISTA MID,50,40,"2,506,132.43",,"2,506,132.43",Apr-2028,0%,OPEN,MEMO TERMS,YELLOW TAG,,,
B021L034,SOMA3,"STO. TOMAS, BATANGAS",1,B,3,CALISTA MID,50,40,"2,506,132.43",,"2,506,132.43",Apr-2028,0%,OPEN,MEMO TERMS,YELLOW TAG,,,
B021L035,SOMA3,"STO. TOMAS, BATANGAS",1,B,3,CALISTA MID,50,40,"2,506,132.43",,"2,506,132.43",Apr-2028,0%,OPEN,MEMO TERMS,YELLOW TAG,,,
B052L006,SOMA3,"STO. TOMAS, BATANGAS",1,B,2,CALISTA MID,52,40,"2,554,932.27",,"2,554,932",Feb-2028,0%,OPEN,MEMO TERMS,YELLOW TAG,,,
B052L007,SOMA3,"STO. TOMAS, BATANGAS",1,B,2,CALISTA MID,52,40,"2,554,932.27",,"2,554,932.00",Feb-2028,0%,OPEN,MEMO TERMS,YELLOW TAG,,,
B052L008,SOMA3,"STO. TOMAS, BATANGAS",1,B,2,CALISTA MID,52,40,"2,554,932.27",,"2,554,932.00",Feb-2028,0%,OPEN,MEMO TERMS,YELLOW TAG,,,
B018L097,SOMA3,"STO. TOMAS, BATANGAS",3,A,1A,CHRISTIE CORNER,177,90,"11,686,952.65","1,168,698","10,518,254.00",Nov-2029,0%,OPEN,MEMO TERMS,YELLOW TAG,,,
B018L098,SOMA3,"STO. TOMAS, BATANGAS",3,A,1A,CHRISTIE CORNER,169,90,"11,359,285.64","1,135,938","10,223,348.00",Nov-2029,0%,OPEN,MEMO TERMS,YELLOW TAG,,,
B019L107,SOMA3,"STO. TOMAS, BATANGAS",3,A,1A,CHRISTIE CORNER,148,90,"9,843,508.24","984,354","8,859,154.00",Nov-2029,0%,OPEN,MEMO TERMS,YELLOW TAG,,,
B019L108,SOMA3,"STO. TOMAS, BATANGAS",3,A,1A,CHRISTIE CORNER,148,90,"9,843,508.24","984,354","8,859,154.00",Nov-2029,0%,OPEN,MEMO TERMS,YELLOW TAG,,,
B049L015,SOMA3,"STO. TOMAS, BATANGAS",3,A,1A,CARTLAND,178,54,"8,544,543.14","854,458","7,690,085.00",Dec-2029,0%,OPEN,MEMO TERMS,YELLOW TAG,,,
B049L016,SOMA3,"STO. TOMAS, BATANGAS",3,A,1A,CARTLAND,96,54,"5,681,400.43","568,146","5,113,254.00",Dec-2029,0%,OPEN,MEMO TERMS,YELLOW TAG,,,
B049L017,SOMA3,"STO. TOMAS, BATANGAS",3,A,1A,CARTLAND,96,54,"5,681,400.43","568,146.00","5,113,254.00",Dec-2029,0%,OPEN,MEMO TERMS,YELLOW TAG,,,
B049L018,SOMA3,"STO. TOMAS, BATANGAS",3,A,1A,CARTLAND,96,54,"5,681,400.43","568,146.00","5,113,254.00",Dec-2029,0%,OPEN,MEMO TERMS,YELLOW TAG,,,
B049L019,SOMA3,"STO. TOMAS, BATANGAS",3,A,1A,CARTLAND,96,54,"5,681,400.43","568,146.00","5,113,254.00",Dec-2029,0%,OPEN,MEMO TERMS,YELLOW TAG,,,
B049L020,SOMA3,"STO. TOMAS, BATANGAS",3,A,1A,CARTLAND,96,54,"5,681,400.43","568,146","5,113,254.00",Dec-2029,0%,OPEN,MEMO TERMS,YELLOW TAG,,,
B049L021,SOMA3,"STO. TOMAS, BATANGAS",3,A,1A,CARTLAND,96,54,"5,681,400.43","568,146","5,113,254.00",Dec-2029,0%,OPEN,MEMO TERMS,YELLOW TAG,,,
B049L022,SOMA3,"STO. TOMAS, BATANGAS",3,A,1A,CARTLAND,96,54,"5,681,400.43","568,146","5,113,254.00",Dec-2029,0%,OPEN,MEMO TERMS,YELLOW TAG,,,
B049L023,SOMA3,"STO. TOMAS, BATANGAS",3,A,1A,CARTLAND,96,54,"5,681,400.43","568,146","5,113,254.00",Dec-2029,0%,OPEN,MEMO TERMS,YELLOW TAG,,,
B049L024,SOMA3,"STO. TOMAS, BATANGAS",3,A,1A,CARTLAND,96,54,"5,681,400","568,146","5,113,254.00",Dec-2029,0%,OPEN,MEMO TERMS,YELLOW TAG,,,
B049L025,SOMA3,"STO. TOMAS, BATANGAS",3,A,1A,CARTLAND,96,54,"5,681,400.43","568,146.00","5,113,254.00",Dec-2029,0%,OPEN,MEMO TERMS,YELLOW TAG,,,
B049L026,SOMA3,"STO. TOMAS, BATANGAS",3,A,1A,CARTLAND,96,54,"5,681,400.43","568,146.00","5,113,254.00",Dec-2029,0%,OPEN,MEMO TERMS,YELLOW TAG,,,
B049L027,SOMA3,"STO. TOMAS, BATANGAS",3,A,1A,CARTLAND,96,54,"5,681,400.43","568,146.00","5,113,254.00",Dec-2029,0%,OPEN,MEMO TERMS,YELLOW TAG,,,
B049L028,SOMA3,"STO. TOMAS, BATANGAS",3,A,1A,CARTLAND,96,54,"5,681,400.43","568,146.00","5,113,254.00",Dec-2029,0%,OPEN,MEMO TERMS,YELLOW TAG,,,
B049L029,SOMA3,"STO. TOMAS, BATANGAS",3,A,1A,CARTLAND,96,54,"5,681,400.43","568,146.00","5,113,254.00",Dec-2029,0%,OPEN,MEMO TERMS,YELLOW TAG,,,
B049L030,SOMA3,"STO. TOMAS, BATANGAS",3,A,1A,CARTLAND,96,54,"5,681,400.43","568,146.00","5,113,254.00",Dec-2029,0%,OPEN,MEMO TERMS,YELLOW TAG,,,
B049L031,SOMA3,"STO. TOMAS, BATANGAS",3,A,1A,CARTLAND,96,54,"5,681,400.43","568,146.00","5,113,254.00",Dec-2029,0%,OPEN,MEMO TERMS,YELLOW TAG,,,
B049L032,SOMA3,"STO. TOMAS, BATANGAS",3,A,1A,CARTLAND,96,54,"5,681,400","568,146","5,113,254",Dec-2029,0%,OPEN,MEMO TERMS,YELLOW TAG,,,
B049L033,SOMA3,"STO. TOMAS, BATANGAS",3,A,1A,CARTLAND,98,54,"5,751,277","575,130","5,176,147",Dec-2029,0%,OPEN,MEMO TERMS,YELLOW TAG,,,
B049L034,SOMA3,"STO. TOMAS, BATANGAS",3,A,1A,CARTLAND,99,54,"5,786,165.41","578,621.00","5,207,544.00",Dec-2029,0%,OPEN,MEMO TERMS,YELLOW TAG,,,
B049L035,SOMA3,"STO. TOMAS, BATANGAS",3,A,1A,CARTLAND,99,54,"5,786,165.41","578,621.00","5,207,544.00",Dec-2029,0%,OPEN,MEMO TERMS,YELLOW TAG,,,
B049L036,SOMA3,"STO. TOMAS, BATANGAS",3,A,1A,CARTLAND,99,54,"5,786,165.41","578,621.00","5,207,544.00",Dec-2029,0%,OPEN,MEMO TERMS,YELLOW TAG,,,
B049L037,SOMA3,"STO. TOMAS, BATANGAS",3,A,1A,CARTLAND,102,54,"5,890,930.39","589,096.00","5,301,834.00",Dec-2029,0%,OPEN,MEMO TERMS,YELLOW TAG,,,
B049L038,SOMA3,"STO. TOMAS, BATANGAS",3,A,1A,CARTLAND,99,54,"5,786,165.41","578,621.00","5,207,544.00",Jan-2030,0%,OPEN,MEMO TERMS,YELLOW TAG,,,
B049L039,SOMA3,"STO. TOMAS, BATANGAS",3,A,1A,CARTLAND,99,54,"5,786,165.41","578,621.00","5,207,544.00",Jan-2030,0%,OPEN,MEMO TERMS,YELLOW TAG,,,
B049L040,SOMA3,"STO. TOMAS, BATANGAS",3,A,1A,CARTLAND,99,54,"5,786,165.41","578,621.00","5,207,544.00",Jan-2030,0%,OPEN,MEMO TERMS,YELLOW TAG,,,
B049L041,SOMA3,"STO. TOMAS, BATANGAS",3,A,1A,CARTLAND,99,54,"5,786,165.41","578,621.00","5,207,544.00",Jan-2030,0%,OPEN,MEMO TERMS,YELLOW TAG,,,
B049L042,SOMA3,"STO. TOMAS, BATANGAS",3,A,1A,CARTLAND,99,54,"5,786,165.41","578,621.00","5,207,544.00",Jan-2030,0%,OPEN,MEMO TERMS,YELLOW TAG,,,
B049L043,SOMA3,"STO. TOMAS, BATANGAS",3,A,1A,CARTLAND,99,54,"5,786,165.41","578,621.00","5,207,544.00",Jan-2030,0%,OPEN,MEMO TERMS,YELLOW TAG,,,
B049L044,SOMA3,"STO. TOMAS, BATANGAS",3,A,1A,CARTLAND,99,54,"5,786,165.41","578,621.00","5,207,544.00",Jan-2030,0%,OPEN,MEMO TERMS,YELLOW TAG,,,
B049L045,SOMA3,"STO. TOMAS, BATANGAS",3,A,1A,CARTLAND,99,54,"5,786,165.41","578,621.00","5,207,544.00",Jan-2030,0%,OPEN,MEMO TERMS,YELLOW TAG,,,
B014L017,SOMA3,EDITIONS BATULAO VOL.1,2,-,2,CORIN,145,120,"9,615,494.19","961,552.95","8,653,941.24",Mar-2027,0%,fallout,MEMO TERMS,YELLOW TAG,,,
B015L023,SOMA3,EDITIONS BATULAO VOL.2W,1,-,B1,CARTLAND,140,54,"6,745,594.87","674,560.17","6,071,034.71",Apr-2028,0%,fallout,MEMO TERMS,YELLOW TAG,,,
B012L012,SOMA3,IMPRESSIONS BATULAO,2,A,1,CALISTA MID,54,40,"2,936,438.00",-,"2,936,438.00",Jun-2028,0%,CANCELLED-with rf and spot upon holding,RSBS WITHIN THE MONTH,YELLOW TAG,,,
B006L016,SOMA3,IMPRESSIONS BATULAO,2,A,3,CALISTA MID,60,40,"3,127,614.00",-,"3,127,614.00",Jan-2029,0%,CANCELLED-with rf and spot upon holding,RSBS WITHIN THE MONTH,YELLOW TAG,,,
B001L020,SOMA3,LIPA COVE,4,C,1,DUA,99,48,"4,400,853.00","440,094.97","3,960,758.03",Dec-2027,0%,BACKOUT,RSBS WITHIN THE MONTH,YELLOW TAG,,,
B024L036,SOMA3,LIPA COVE,4,B,1,AMANI MID,44,36,"2,014,048.00",-,"2,014,048.00",Sep-2026,12%,CANCELLED-with rf and spot upon holding,RSBS WITHIN THE MONTH,YELLOW TAG,,,
B026L005,SOMA3,EDITIONS BATULAO VOL.2W,1,-,B3,CORIN CORNER,155,120,"10,198,135.96","1,019,821.71","9,178,314.25",Mar-2029,0%,fallout,MEMO TERMS,YELLOW TAG,,,
B006L001,SOMA3,EDITIONS BATULAO VOL.2W,1,-,B4,CHRISTIE CORNER,182,90,"9,596,371.86","959,643.41","8,636,728.44",Apr-2029,0%,fallout,MEMO TERMS,YELLOW TAG,,,
B025L005,SOMA3,"STO. TOMAS, BATANGAS",1,A,3,CALISTA MID,50,40,"2,506,132.00",,"2,506,132.43",May-2027,0%,CANCELLED-with rf and spot upon holding,RSBS WITHIN THE MONTH,YELLOW TAG,,,
B051L002,SOMA3,LIPA,3,B,,UNNA,113,54,"4,619,354","461,941","4,157,413",,0%,OPEN,MEMO TERMS,YELLOW TAG,,,
B051L003,SOMA3,LIPA,3,B,,UNNA,112,54,"3,856,356.00",-,"3,856,356.00",,0%,OPEN,MEMO TERMS,YELLOW TAG,,,
B052L002,SOMA3,LIPA,3,B,,UNNA,98,54,"3,856,217.00",-,"3,856,217.00",,0%,OPEN,MEMO TERMS,YELLOW TAG,,,
B052L008,SOMA3,LIPA,3,B,,UNNA,93,54,"3,522,523.00",-,"3,522,523.00",,0%,OPEN,MEMO TERMS,YELLOW TAG,,,
B052L010,SOMA3,LIPA,3,B,,UNNA,94,54,"3,540,094.00",-,"3,540,094.00",,0%,OPEN,MEMO TERMS,YELLOW TAG,,,
B052L011,SOMA3,LIPA,3,B,,UNNA,94,54,"3,540,094.00",-,"3,540,094.00",,0%,OPEN,MEMO TERMS,YELLOW TAG,,,
B052L012,SOMA3,LIPA,3,B,,UNNA,95,54,"3,557,664.00",-,"3,557,664.00",,0%,OPEN,MEMO TERMS,YELLOW TAG,,,
B052L013,SOMA3,LIPA,3,B,,UNNA,95,54,"3,557,664.00",-,"3,557,664.00",,0%,OPEN,MEMO TERMS,YELLOW TAG,,,
B052L014,SOMA3,LIPA,3,B,,UNNA,96,54,"3,816,031.00",-,"3,816,031.00",,0%,OPEN,MEMO TERMS,YELLOW TAG,,,
B052L015,SOMA3,LIPA,3,B,,UNNA,96,54,"3,816,031.00",-,"3,816,031.00",,0%,OPEN,MEMO TERMS,YELLOW TAG,,,
B052L016,SOMA3,LIPA,3,B,,UNNA,97,54,"3,836,124.00",-,"3,836,124.00",,0%,OPEN,MEMO TERMS,YELLOW TAG,,,
B052L017,SOMA3,LIPA,3,B,,UNNA,97,54,"3,592,804.00",-,"3,592,804.00",,0%,OPEN,MEMO TERMS,YELLOW TAG,,,
B052L018,SOMA3,LIPA,3,B,,UNNA,98,54,"3,610,374.00",-,"3,610,374.00",,0%,OPEN,MEMO TERMS,YELLOW TAG,,,
B052L019,SOMA3,LIPA,3,B,,UNNA,99,54,"3,627,944.00",-,"3,627,944.00",,0%,OPEN,MEMO TERMS,YELLOW TAG,,,
B052L020,SOMA3,LIPA,3,B,,UNNA,99,54,"3,627,944.00",-,"3,627,944.00",,0%,OPEN,MEMO TERMS,YELLOW TAG,,,
B052L021,SOMA3,LIPA,3,B,,UNNA,101,54,"3,663,084.00",-,"3,663,084.00",,0%,OPEN,MEMO TERMS,YELLOW TAG,,,
B053L001,SOMA3,LIPA,3,B,,UNNA CORNER,153,54,"6,157,867.00","615,789","5,542,077.69",,0%,OPEN,MEMO TERMS,YELLOW TAG,,,
B053L002,SOMA3,LIPA,3,B,,UNNA CORNER,162,54,"5,945,087.00","594,513","5,350,574.11",,0%,OPEN,MEMO TERMS,YELLOW TAG,,,
B053L003,SOMA3,LIPA,3,B,,UNNA,123,54,"4,790,382.00","479,044","4,311,337.54",,0%,OPEN,MEMO TERMS,YELLOW TAG,,,
B053L004,SOMA3,LIPA,3,B,,UNNA,124,54,"4,812,311.00","481,233","4,331,077.73",,0%,OPEN,MEMO TERMS,YELLOW TAG,,,
B053L005,SOMA3,LIPA,3,B,,UNNA,123,54,"4,790,382.00","479,044","4,311,337.54",,0%,OPEN,MEMO TERMS,YELLOW TAG,,,
B053L006,SOMA3,LIPA,3,B,,UNNA,123,54,"4,790,382.00","479,044","4,311,337.54",,0%,OPEN,MEMO TERMS,YELLOW TAG,,,
B053L007,SOMA3,LIPA,3,B,,UNNA,122,54,"4,768,553.00","476,856","4,291,697.36",,0%,OPEN,MEMO TERMS,YELLOW TAG,,,
B053L008,SOMA3,LIPA,3,B,,UNNA,122,54,"4,768,553.00","476,856","4,291,697.36",,0%,OPEN,MEMO TERMS,YELLOW TAG,,,
B053L009,SOMA3,LIPA,3,B,,UNNA,121,54,"4,746,624.00","474,667","4,271,957.17",,0%,OPEN,MEMO TERMS,YELLOW TAG,,,
B053L010,SOMA3,LIPA,3,B,,UNNA,121,54,"4,746,624.00","474,667","4,271,957.17",,0%,OPEN,MEMO TERMS,YELLOW TAG,,,
B053L011,SOMA3,LIPA,3,B,,UNNA,121,54,"4,746,624.00","474,667","4,271,957",,0%,OPEN,MEMO TERMS,YELLOW TAG,,,
B053L012,SOMA3,LIPA,3,B,,UNNA,120,54,"4,724,695.00","472,478","4,252,217",,0%,OPEN,MEMO TERMS,YELLOW TAG,,,
B053L013,SOMA3,LIPA,3,B,,UNNA,107,54,"4,440,219.00","444,023","3,996,196",,0%,OPEN,MEMO TERMS,YELLOW TAG,,,
B053L014,SOMA3,LIPA,3,B,,UNNA,106,54,"4,418,290.00","441,835","3,976,455",,0%,OPEN,MEMO TERMS,YELLOW TAG,,,
B053L015,SOMA3,LIPA,3,B,,UNNA,106,54,"4,418,290.00","441,835","3,976,455",,0%,OPEN,MEMO TERMS,YELLOW TAG,,,
B053L016,SOMA3,LIPA,3,B,,UNNA,105,54,"4,396,361.00","439,646","3,956,715",,0%,OPEN,MEMO TERMS,YELLOW TAG,,,
B053L017,SOMA3,LIPA,3,B,,UNNA CORNER,159,54,"6,317,057.00","631,710","5,685,347",,0%,OPEN,MEMO TERMS,YELLOW TAG,,,
B054L002,SOMA3,LIPA,3,B,,UNNA,113,54,"3,873,926.00",-,"3,873,926",,0%,OPEN,MEMO TERMS,YELLOW TAG,,,
B054L003,SOMA3,LIPA,3,B,,UNNA,100,54,"3,645,514.00",-,"3,645,514",,0%,OPEN,MEMO TERMS,YELLOW TAG,,,
B054L005,SOMA3,LIPA,3,B,,UNNA,100,54,"3,645,514.00",-,"3,645,514",,0%,OPEN,MEMO TERMS,YELLOW TAG,,,
B054L006,SOMA3,LIPA,3,B,,UNNA,100,54,"3,645,514.00",-,"3,645,514",,0%,OPEN,MEMO TERMS,YELLOW TAG,,,
B054L007,SOMA3,LIPA,3,B,,UNNA,100,54,"3,645,514.00",-,"3,645,514.00",,0%,OPEN,MEMO TERMS,YELLOW TAG,,,
B054L008,SOMA3,LIPA,3,B,,UNNA,100,54,"3,645,514.00",-,"3,645,514.00",,0%,OPEN,MEMO TERMS,YELLOW TAG,,,
B054L009,SOMA3,LIPA,3,B,,UNNA,100,54,"3,645,514.00",-,"3,645,514",,0%,OPEN,MEMO TERMS,YELLOW TAG,,,
B054L010,SOMA3,LIPA,3,B,,UNNA,100,54,"3,645,514.00",-,"3,645,514.00",,0%,OPEN,MEMO TERMS,YELLOW TAG,,,
B054L011,SOMA3,LIPA,3,B,,UNNA,161,54,"5,690,314.00","569,037","5,121,276.76",,0%,OPEN,MEMO TERMS,YELLOW TAG,,,
,,,,,,,,,,,,,,,,,,,
,,,,,,,,,,,,,,,,,,,
,,,,,,,,,,,,,,,,,,,
,,,,,,,,,,,,,,,,,,,
,,,,,,,,,,,,, ,,,,,,
,,,,,,,,,,,,,,,,,,,
,,,,,,,,,,,,,,,,,,,
,,,,,,,,,,,,,,,,,,,
,,,,,,,,,,,,,,,,,,,
,,,,,,,,,,,,,,,,,,,
,,,,,,,,,,,,,,,,,,,
,,,,,,,,,,,,,,,,,,,
,,,,,,,,,,,,,,,,,,,
,,,,,,,,,,,,,,,,,,,
,,,,,,,,,,,,,,,,,,,
,,,,,,,,,,,,,,,,,,,
,,,,,,,,,,,,,,,,,,,
,,,,,,,,,,,,,,,,,,,
,,,,,,,,,,,,,,,,,,,
